measurement_unit_id,country_code,domain_code,concept_id,entity_id,final_unit_type,final_query,topic_mid,query_language,selection_basis,selection_status,validation_status,signal_status,confidence_level,empirical_validation_status,technical_status,technical_attempt_count,extraction_method,model_consensus,model_confidence,score_margin,exact_validated_other_countries,official_name_check,topic_mid_format_check,ambiguity_flag,selection_rule,second_pass_decision,second_pass_confidence,final_review_status,concept_valid_keyword_count,concept_low_keyword_count,concept_valid_keyword_countries,concept_low_keyword_countries,fallback_query,source_url,inclusion_reason,review_reason,remaining_risk,notes,source_record_set
US|KFOOD|KFOOD_G01,US,KFOOD,KFOOD_G01,,keyword,Korean food,,en,MODE_GRAMMAR,RULE_SELECTED,PENDING_EMPIRICAL,UNKNOWN,PENDING,NOT_YET_TESTED,PENDING_TOPIC_EXTRACTION,,COMPOSED,,,,,,N/A,,ORIGIN-NOUN-COMPOSED-1.0,NOT_REQUIRED,,PENDING_EMPIRICAL_VALIDATION,,,,,,https://trends.google.com/trends/explore?date=2018-01-01%202026-08-09&geo=US&q=Korean%20food&hl=en,한국 음식 · 소비양식 문법 · 미국(en) 조합,,,한국 음식 · TOPIC 후보,KCONSUMER_COMPOSED_V1
US|KFOOD|KFOOD_G02,US,KFOOD,KFOOD_G02,,keyword,K-food,,en,MODE_GRAMMAR,RULE_SELECTED,PENDING_EMPIRICAL,UNKNOWN,PENDING,NOT_YET_TESTED,PENDING_TOPIC_EXTRACTION,,ATOMIC_LEXEME,,,,,,N/A,,ATOMIC-LEXEME-1.0,NOT_REQUIRED,,PENDING_EMPIRICAL_VALIDATION,,,,,,https://trends.google.com/trends/explore?date=2018-01-01%202026-08-09&geo=US&q=K-food&hl=en,K-food · 소비양식 문법 · 미국(en) 외래어,,,K-food · TOPIC 후보,KCONSUMER_COMPOSED_V1
US|KFOOD|KFOOD_G03,US,KFOOD,KFOOD_G03,,keyword,Korean food recipe,,en,MODE_GRAMMAR,RULE_SELECTED,PENDING_EMPIRICAL,UNKNOWN,PENDING,NOT_YET_TESTED,PENDING_DOM_EXTRACTION,,COMPOSED,,,,,,N/A,,ORIGIN-NOUN-COMPOSED-1.0,NOT_REQUIRED,,PENDING_EMPIRICAL_VALIDATION,,,,,,https://trends.google.com/trends/explore?date=2018-01-01%202026-08-09&geo=US&q=Korean%20food%20recipe&hl=en,한국 요리법 · 소비양식 문법 · 미국(en) 조합,,,한국 요리법,KCONSUMER_COMPOSED_V1
US|KFOOD|KFOOD_G04,US,KFOOD,KFOOD_G04,,keyword,Korean restaurant,,en,MODE_GRAMMAR,RULE_SELECTED,PENDING_EMPIRICAL,UNKNOWN,PENDING,NOT_YET_TESTED,PENDING_DOM_EXTRACTION,,COMPOSED,,,,,,N/A,,ORIGIN-NOUN-COMPOSED-1.0,NOT_REQUIRED,,PENDING_EMPIRICAL_VALIDATION,,,,,,https://trends.google.com/trends/explore?date=2018-01-01%202026-08-09&geo=US&q=Korean%20restaurant&hl=en,한식당 · 소비양식 문법 · 미국(en) 조합,,,한식당,KCONSUMER_COMPOSED_V1
US|KFOOD|KFOOD_G05,US,KFOOD,KFOOD_G05,,keyword,mukbang,,en,MODE_GRAMMAR,RULE_SELECTED,PENDING_EMPIRICAL,UNKNOWN,PENDING,NOT_YET_TESTED,PENDING_TOPIC_EXTRACTION,,ATOMIC_LEXEME,,,,,,N/A,,ATOMIC-LEXEME-1.0,NOT_REQUIRED,,PENDING_EMPIRICAL_VALIDATION,,,,,,https://trends.google.com/trends/explore?date=2018-01-01%202026-08-09&geo=US&q=mukbang&hl=en,먹방 · 소비양식 문법 · 미국(en) 외래어,,먹방은 한국 기원어지만 이미 국제 장르명이 되어 비한국 콘텐츠를 포함한다 — 도메인 귀속이 약해지는 방향,먹방 · TOPIC 후보,KCONSUMER_COMPOSED_V1
US|KFOOD|KFOOD_G06,US,KFOOD,KFOOD_G06,,keyword,Korean street food,,en,MODE_GRAMMAR,RULE_SELECTED,PENDING_EMPIRICAL,UNKNOWN,PENDING,NOT_YET_TESTED,PENDING_DOM_EXTRACTION,,COMPOSED,,,,,,N/A,,ORIGIN-NOUN-COMPOSED-1.0,NOT_REQUIRED,,PENDING_EMPIRICAL_VALIDATION,,,,,,https://trends.google.com/trends/explore?date=2018-01-01%202026-08-09&geo=US&q=Korean%20street%20food&hl=en,한국 길거리음식 · 소비양식 문법 · 미국(en) 조합,,,한국 길거리음식,KCONSUMER_COMPOSED_V1
US|KFOOD|KFOOD_E01,US,KFOOD,KFOOD_E01,,keyword,kimchi,,en,EXPORT_REFERENCED,RULE_SELECTED,PENDING_EMPIRICAL,UNKNOWN,PENDING,NOT_YET_TESTED,PENDING_TOPIC_EXTRACTION,,ATOMIC_LEXEME,,,,,,N/A,,ATOMIC-LEXEME-1.0,NOT_REQUIRED,,PENDING_EMPIRICAL_VALIDATION,,,,,,https://trends.google.com/trends/explore?date=2018-01-01%202026-08-09&geo=US&q=kimchi&hl=en,김치 · 수출 참고 HS 200599 · 미국(en) 외래어,,일본은 자국산 김치를 대량 생산해 JP 신호에 국산 수요가 섞인다,김치 · TOPIC 후보,KCONSUMER_COMPOSED_V1
US|KFOOD|KFOOD_E02,US,KFOOD,KFOOD_E02,,keyword,Korean ramen,,en,EXPORT_REFERENCED,RULE_SELECTED,PENDING_EMPIRICAL,UNKNOWN,PENDING,NOT_YET_TESTED,PENDING_TOPIC_EXTRACTION,,COMPOSED,,,,,,N/A,,ORIGIN-NOUN-COMPOSED-1.0,NOT_REQUIRED,,PENDING_EMPIRICAL_VALIDATION,,,,,,https://trends.google.com/trends/explore?date=2018-01-01%202026-08-09&geo=US&q=Korean%20ramen&hl=en,라면 · 수출 참고 HS 190230 · 미국(en) 조합,,'ramen' 단독은 일식이다. 전 언어에서 한국 수식어를 붙였으나 그만큼 검색량이 줄어 과소측정 가능,라면 · TOPIC 후보,KCONSUMER_COMPOSED_V1
US|KFOOD|KFOOD_E03,US,KFOOD,KFOOD_E03,,keyword,soju,,en,EXPORT_REFERENCED,RULE_SELECTED,PENDING_EMPIRICAL,UNKNOWN,PENDING,NOT_YET_TESTED,PENDING_TOPIC_EXTRACTION,,ATOMIC_LEXEME,,,,,,N/A,,ATOMIC-LEXEME-1.0,NOT_REQUIRED,,PENDING_EMPIRICAL_VALIDATION,,,,,,https://trends.google.com/trends/explore?date=2018-01-01%202026-08-09&geo=US&q=soju&hl=en,소주 · 수출 참고 HS 220890·220870 · 미국(en) 외래어,,일본어 焼酎 는 일본 소주다. 韓国焼酎 로 한정했으나 ソジュ 표기와 분산될 수 있음,소주 · TOPIC 후보,KCONSUMER_COMPOSED_V1
US|KFOOD|KFOOD_E04,US,KFOOD,KFOOD_E04,,keyword,tteokbokki,,en,MODE_GRAMMAR,RULE_SELECTED,PENDING_EMPIRICAL,UNKNOWN,PENDING,NOT_YET_TESTED,PENDING_TOPIC_EXTRACTION,,ATOMIC_LEXEME,,,,,,N/A,,ATOMIC-LEXEME-1.0,NOT_REQUIRED,,PENDING_EMPIRICAL_VALIDATION,,,,,,https://trends.google.com/trends/explore?date=2018-01-01%202026-08-09&geo=US&q=tteokbokki&hl=en,떡볶이 · 소비양식 문법 · 미국(en) 외래어,,,떡볶이 · TOPIC 후보,KCONSUMER_COMPOSED_V1
US|KFOOD|KFOOD_E05,US,KFOOD,KFOOD_E05,,keyword,Korean fried chicken,,en,MODE_GRAMMAR,RULE_SELECTED,PENDING_EMPIRICAL,UNKNOWN,PENDING,NOT_YET_TESTED,PENDING_DOM_EXTRACTION,,COMPOSED,,,,,,N/A,,ORIGIN-NOUN-COMPOSED-1.0,NOT_REQUIRED,,PENDING_EMPIRICAL_VALIDATION,,,,,,https://trends.google.com/trends/explore?date=2018-01-01%202026-08-09&geo=US&q=Korean%20fried%20chicken&hl=en,한국 치킨 · 소비양식 문법 · 미국(en) 조합,,,한국 치킨,KCONSUMER_COMPOSED_V1
US|KFOOD|KFOOD_E06,US,KFOOD,KFOOD_E06,,keyword,Korean snacks,,en,EXPORT_REFERENCED,RULE_SELECTED,PENDING_EMPIRICAL,UNKNOWN,PENDING,NOT_YET_TESTED,PENDING_DOM_EXTRACTION,,COMPOSED,,,,,,N/A,,ORIGIN-NOUN-COMPOSED-1.0,NOT_REQUIRED,,PENDING_EMPIRICAL_VALIDATION,,,,,,https://trends.google.com/trends/explore?date=2018-01-01%202026-08-09&geo=US&q=Korean%20snacks&hl=en,한국 과자 · 수출 참고 HS 190590·170490 · 미국(en) 조합,,,한국 과자,KCONSUMER_COMPOSED_V1
US|KFOOD|KFOOD_E07,US,KFOOD,KFOOD_E07,,keyword,Korean seaweed snack,,en,EXPORT_REFERENCED,RULE_SELECTED,PENDING_EMPIRICAL,UNKNOWN,PENDING,NOT_YET_TESTED,PENDING_DOM_EXTRACTION,,COMPOSED,,,,,,N/A,,ORIGIN-NOUN-COMPOSED-1.0,NOT_REQUIRED,,PENDING_EMPIRICAL_VALIDATION,,,,,,https://trends.google.com/trends/explore?date=2018-01-01%202026-08-09&geo=US&q=Korean%20seaweed%20snack&hl=en,김 · 수출 참고 HS 121221 · 미국(en) 조합,,일본어 のり 단독은 일본산 김. 韓国のり 로 한정,김,KCONSUMER_COMPOSED_V1
US|KFOOD|KFOOD_E08,US,KFOOD,KFOOD_E08,,keyword,gochujang,,en,EXPORT_REFERENCED,RULE_SELECTED,PENDING_EMPIRICAL,UNKNOWN,PENDING,NOT_YET_TESTED,PENDING_TOPIC_EXTRACTION,,ATOMIC_LEXEME,,,,,,N/A,,ATOMIC-LEXEME-1.0,NOT_REQUIRED,,PENDING_EMPIRICAL_VALIDATION,,,,,,https://trends.google.com/trends/explore?date=2018-01-01%202026-08-09&geo=US&q=gochujang&hl=en,고추장 · 수출 참고 HS 210390 · 미국(en) 외래어,,,고추장 · TOPIC 후보,KCONSUMER_COMPOSED_V1
US|KFOOD|KFOOD_E09,US,KFOOD,KFOOD_E09,,keyword,Korean ginseng,,en,EXPORT_REFERENCED,RULE_SELECTED,PENDING_EMPIRICAL,UNKNOWN,PENDING,NOT_YET_TESTED,PENDING_TOPIC_EXTRACTION,,ATOMIC_LEXEME,,,,,,N/A,,ATOMIC-LEXEME-1.0,NOT_REQUIRED,,PENDING_EMPIRICAL_VALIDATION,,,,,,https://trends.google.com/trends/explore?date=2018-01-01%202026-08-09&geo=US&q=Korean%20ginseng&hl=en,인삼 · 수출 참고 HS 121120 · 미국(en) 외래어,,,인삼 · TOPIC 후보,KCONSUMER_COMPOSED_V1
US|KFOOD|KFOOD_P01,US,KFOOD,KFOOD_P01,,keyword,Japanese food,,en,MODE_GRAMMAR,RULE_SELECTED,PENDING_EMPIRICAL,UNKNOWN,PENDING,NOT_YET_TESTED,PENDING_TOPIC_EXTRACTION,,COMPOSED,,,,,,N/A,,ORIGIN-NOUN-COMPOSED-1.0,NOT_REQUIRED,,PENDING_EMPIRICAL_VALIDATION,,,,,,https://trends.google.com/trends/explore?date=2018-01-01%202026-08-09&geo=US&q=Japanese%20food&hl=en,[위약] 일식 · 소비양식 문법 · 미국(en) 조합,,위약이지만 한식·일식은 대체재이자 보완재라 부호가 양쪽 다 가능 — 계수 부호까지 함께 볼 것,[위약] 일식 · TOPIC 후보,KCONSUMER_COMPOSED_V1
US|KFOOD|KFOOD_P02,US,KFOOD,KFOOD_P02,,keyword,Chinese food,,en,MODE_GRAMMAR,RULE_SELECTED,PENDING_EMPIRICAL,UNKNOWN,PENDING,NOT_YET_TESTED,PENDING_TOPIC_EXTRACTION,,COMPOSED,,,,,,N/A,,ORIGIN-NOUN-COMPOSED-1.0,NOT_REQUIRED,,PENDING_EMPIRICAL_VALIDATION,,,,,,https://trends.google.com/trends/explore?date=2018-01-01%202026-08-09&geo=US&q=Chinese%20food&hl=en,[위약] 중식 · 소비양식 문법 · 미국(en) 조합,,,[위약] 중식 · TOPIC 후보,KCONSUMER_COMPOSED_V1
US|KFOOD|KFOOD_P03,US,KFOOD,KFOOD_P03,,keyword,Thai food,,en,MODE_GRAMMAR,RULE_SELECTED,PENDING_EMPIRICAL,UNKNOWN,PENDING,NOT_YET_TESTED,PENDING_TOPIC_EXTRACTION,,COMPOSED,,,,,,N/A,,ORIGIN-NOUN-COMPOSED-1.0,NOT_REQUIRED,,PENDING_EMPIRICAL_VALIDATION,,,,,,https://trends.google.com/trends/explore?date=2018-01-01%202026-08-09&geo=US&q=Thai%20food&hl=en,[위약] 태국음식 · 소비양식 문법 · 미국(en) 조합,,,[위약] 태국음식 · TOPIC 후보,KCONSUMER_COMPOSED_V1
US|KBEAUTY|KBEAUTY_G01,US,KBEAUTY,KBEAUTY_G01,,keyword,Korean cosmetics,,en,MODE_GRAMMAR,RULE_SELECTED,PENDING_EMPIRICAL,UNKNOWN,PENDING,NOT_YET_TESTED,PENDING_TOPIC_EXTRACTION,,COMPOSED,,,,,,N/A,,ORIGIN-NOUN-COMPOSED-1.0,NOT_REQUIRED,,PENDING_EMPIRICAL_VALIDATION,,,,,,https://trends.google.com/trends/explore?date=2018-01-01%202026-08-09&geo=US&q=Korean%20cosmetics&hl=en,한국 화장품 · 소비양식 문법 · 미국(en) 조합,,,한국 화장품 · TOPIC 후보,KCONSUMER_COMPOSED_V1
US|KBEAUTY|KBEAUTY_G02,US,KBEAUTY,KBEAUTY_G02,,keyword,K-beauty,,en,MODE_GRAMMAR,RULE_SELECTED,PENDING_EMPIRICAL,UNKNOWN,PENDING,NOT_YET_TESTED,PENDING_TOPIC_EXTRACTION,,ATOMIC_LEXEME,,,,,,N/A,,ATOMIC-LEXEME-1.0,NOT_REQUIRED,,PENDING_EMPIRICAL_VALIDATION,,,,,,https://trends.google.com/trends/explore?date=2018-01-01%202026-08-09&geo=US&q=K-beauty&hl=en,K-beauty · 소비양식 문법 · 미국(en) 외래어,,,K-beauty · TOPIC 후보,KCONSUMER_COMPOSED_V1
US|KBEAUTY|KBEAUTY_G03,US,KBEAUTY,KBEAUTY_G03,,keyword,Korean skincare routine,,en,EXPORT_REFERENCED,RULE_SELECTED,PENDING_EMPIRICAL,UNKNOWN,PENDING,NOT_YET_TESTED,PENDING_DOM_EXTRACTION,,COMPOSED,,,,,,N/A,,ORIGIN-NOUN-COMPOSED-1.0,NOT_REQUIRED,,PENDING_EMPIRICAL_VALIDATION,,,,,,https://trends.google.com/trends/explore?date=2018-01-01%202026-08-09&geo=US&q=Korean%20skincare%20routine&hl=en,한국 스킨케어 루틴 · 수출 참고 HS 330499 · 미국(en) 조합,,,한국 스킨케어 루틴,KCONSUMER_COMPOSED_V1
US|KBEAUTY|KBEAUTY_G04,US,KBEAUTY,KBEAUTY_G04,,keyword,Korean cosmetics brand,,en,MODE_GRAMMAR,RULE_SELECTED,PENDING_EMPIRICAL,UNKNOWN,PENDING,NOT_YET_TESTED,PENDING_DOM_EXTRACTION,,COMPOSED,,,,,,N/A,,ORIGIN-NOUN-COMPOSED-1.0,NOT_REQUIRED,,PENDING_EMPIRICAL_VALIDATION,,,,,,https://trends.google.com/trends/explore?date=2018-01-01%202026-08-09&geo=US&q=Korean%20cosmetics%20brand&hl=en,한국 화장품 브랜드 · 소비양식 문법 · 미국(en) 조합,,,한국 화장품 브랜드,KCONSUMER_COMPOSED_V1
US|KBEAUTY|KBEAUTY_G05,US,KBEAUTY,KBEAUTY_G05,,keyword,Korean makeup tutorial,,en,EXPORT_REFERENCED,RULE_SELECTED,PENDING_EMPIRICAL,UNKNOWN,PENDING,NOT_YET_TESTED,PENDING_DOM_EXTRACTION,,COMPOSED,,,,,,N/A,,ORIGIN-NOUN-COMPOSED-1.0,NOT_REQUIRED,,PENDING_EMPIRICAL_VALIDATION,,,,,,https://trends.google.com/trends/explore?date=2018-01-01%202026-08-09&geo=US&q=Korean%20makeup%20tutorial&hl=en,한국 메이크업 · 수출 참고 HS 330410·330420 · 미국(en) 조합,,,한국 메이크업,KCONSUMER_COMPOSED_V1
US|KBEAUTY|KBEAUTY_G06,US,KBEAUTY,KBEAUTY_G06,,keyword,glass skin,,en,MODE_GRAMMAR,RULE_SELECTED,PENDING_EMPIRICAL,UNKNOWN,PENDING,NOT_YET_TESTED,PENDING_TOPIC_EXTRACTION,,ATOMIC_LEXEME,,,,,,N/A,,ATOMIC-LEXEME-1.0,NOT_REQUIRED,,PENDING_EMPIRICAL_VALIDATION,,,,,,https://trends.google.com/trends/explore?date=2018-01-01%202026-08-09&geo=US&q=glass%20skin&hl=en,글래스 스킨 · 소비양식 문법 · 미국(en) 외래어,,'glass skin' 은 한국 기원이나 글로벌 뷰티 용어로 확산돼 도메인 귀속이 약하다,글래스 스킨 · TOPIC 후보,KCONSUMER_COMPOSED_V1
US|KBEAUTY|KBEAUTY_E01,US,KBEAUTY,KBEAUTY_E01,,keyword,Korean serum,,en,EXPORT_REFERENCED,RULE_SELECTED,PENDING_EMPIRICAL,UNKNOWN,PENDING,NOT_YET_TESTED,PENDING_DOM_EXTRACTION,,COMPOSED,,,,,,N/A,,ORIGIN-NOUN-COMPOSED-1.0,NOT_REQUIRED,,PENDING_EMPIRICAL_VALIDATION,,,,,,https://trends.google.com/trends/explore?date=2018-01-01%202026-08-09&geo=US&q=Korean%20serum&hl=en,세럼·에센스 · 수출 참고 HS 330499 · 미국(en) 조합,,,세럼·에센스,KCONSUMER_COMPOSED_V1
US|KBEAUTY|KBEAUTY_E02,US,KBEAUTY,KBEAUTY_E02,,keyword,Korean sheet mask,,en,EXPORT_REFERENCED,RULE_SELECTED,PENDING_EMPIRICAL,UNKNOWN,PENDING,NOT_YET_TESTED,PENDING_DOM_EXTRACTION,,COMPOSED,,,,,,N/A,,ORIGIN-NOUN-COMPOSED-1.0,NOT_REQUIRED,,PENDING_EMPIRICAL_VALIDATION,,,,,,https://trends.google.com/trends/explore?date=2018-01-01%202026-08-09&geo=US&q=Korean%20sheet%20mask&hl=en,시트마스크 · 수출 참고 HS 330499 · 미국(en) 조합,,,시트마스크,KCONSUMER_COMPOSED_V1
US|KBEAUTY|KBEAUTY_E03,US,KBEAUTY,KBEAUTY_E03,,keyword,Korean sunscreen,,en,EXPORT_REFERENCED,RULE_SELECTED,PENDING_EMPIRICAL,UNKNOWN,PENDING,NOT_YET_TESTED,PENDING_DOM_EXTRACTION,,COMPOSED,,,,,,N/A,,ORIGIN-NOUN-COMPOSED-1.0,NOT_REQUIRED,,PENDING_EMPIRICAL_VALIDATION,,,,,,https://trends.google.com/trends/explore?date=2018-01-01%202026-08-09&geo=US&q=Korean%20sunscreen&hl=en,선크림 · 수출 참고 HS 330499 · 미국(en) 조합,,,선크림,KCONSUMER_COMPOSED_V1
US|KBEAUTY|KBEAUTY_E04,US,KBEAUTY,KBEAUTY_E04,,keyword,Korean cushion foundation,,en,EXPORT_REFERENCED,RULE_SELECTED,PENDING_EMPIRICAL,UNKNOWN,PENDING,NOT_YET_TESTED,PENDING_DOM_EXTRACTION,,COMPOSED,,,,,,N/A,,ORIGIN-NOUN-COMPOSED-1.0,NOT_REQUIRED,,PENDING_EMPIRICAL_VALIDATION,,,,,,https://trends.google.com/trends/explore?date=2018-01-01%202026-08-09&geo=US&q=Korean%20cushion%20foundation&hl=en,쿠션 파운데이션 · 수출 참고 HS 330491·961620 · 미국(en) 조합,,쿠션은 한국이 만든 제형이라 원산지 수식 없이도 한국 신호일 수 있다 — 수식어를 붙여 과소측정될 위험,쿠션 파운데이션,KCONSUMER_COMPOSED_V1
US|KBEAUTY|KBEAUTY_E05,US,KBEAUTY,KBEAUTY_E05,,keyword,Korean lip tint,,en,EXPORT_REFERENCED,RULE_SELECTED,PENDING_EMPIRICAL,UNKNOWN,PENDING,NOT_YET_TESTED,PENDING_DOM_EXTRACTION,,COMPOSED,,,,,,N/A,,ORIGIN-NOUN-COMPOSED-1.0,NOT_REQUIRED,,PENDING_EMPIRICAL_VALIDATION,,,,,,https://trends.google.com/trends/explore?date=2018-01-01%202026-08-09&geo=US&q=Korean%20lip%20tint&hl=en,립틴트 · 수출 참고 HS 330410 · 미국(en) 조합,,,립틴트,KCONSUMER_COMPOSED_V1
US|KBEAUTY|KBEAUTY_E06,US,KBEAUTY,KBEAUTY_E06,,keyword,Korean cleanser,,en,EXPORT_REFERENCED,RULE_SELECTED,PENDING_EMPIRICAL,UNKNOWN,PENDING,NOT_YET_TESTED,PENDING_DOM_EXTRACTION,,COMPOSED,,,,,,N/A,,ORIGIN-NOUN-COMPOSED-1.0,NOT_REQUIRED,,PENDING_EMPIRICAL_VALIDATION,,,,,,https://trends.google.com/trends/explore?date=2018-01-01%202026-08-09&geo=US&q=Korean%20cleanser&hl=en,클렌징 · 수출 참고 HS 340130 · 미국(en) 조합,,,클렌징,KCONSUMER_COMPOSED_V1
US|KBEAUTY|KBEAUTY_E07,US,KBEAUTY,KBEAUTY_E07,,keyword,Korean hair care,,en,EXPORT_REFERENCED,RULE_SELECTED,PENDING_EMPIRICAL,UNKNOWN,PENDING,NOT_YET_TESTED,PENDING_DOM_EXTRACTION,,COMPOSED,,,,,,N/A,,ORIGIN-NOUN-COMPOSED-1.0,NOT_REQUIRED,,PENDING_EMPIRICAL_VALIDATION,,,,,,https://trends.google.com/trends/explore?date=2018-01-01%202026-08-09&geo=US&q=Korean%20hair%20care&hl=en,헤어케어 · 수출 참고 HS 330590·330510 · 미국(en) 조합,,,헤어케어,KCONSUMER_COMPOSED_V1
US|KBEAUTY|KBEAUTY_E08,US,KBEAUTY,KBEAUTY_E08,,keyword,Korean perfume,,en,EXPORT_REFERENCED,RULE_SELECTED,PENDING_EMPIRICAL,UNKNOWN,PENDING,NOT_YET_TESTED,PENDING_DOM_EXTRACTION,,COMPOSED,,,,,,N/A,,ORIGIN-NOUN-COMPOSED-1.0,NOT_REQUIRED,,PENDING_EMPIRICAL_VALIDATION,,,,,,https://trends.google.com/trends/explore?date=2018-01-01%202026-08-09&geo=US&q=Korean%20perfume&hl=en,향수 · 수출 참고 HS 330300·330790 · 미국(en) 조합,,,향수,KCONSUMER_COMPOSED_V1
US|KBEAUTY|KBEAUTY_P01,US,KBEAUTY,KBEAUTY_P01,,keyword,Japanese cosmetics,,en,MODE_GRAMMAR,RULE_SELECTED,PENDING_EMPIRICAL,UNKNOWN,PENDING,NOT_YET_TESTED,PENDING_TOPIC_EXTRACTION,,COMPOSED,,,,,,N/A,,ORIGIN-NOUN-COMPOSED-1.0,NOT_REQUIRED,,PENDING_EMPIRICAL_VALIDATION,,,,,,https://trends.google.com/trends/explore?date=2018-01-01%202026-08-09&geo=US&q=Japanese%20cosmetics&hl=en,[위약] 일본 화장품 · 소비양식 문법 · 미국(en) 조합,,,[위약] 일본 화장품 · TOPIC 후보,KCONSUMER_COMPOSED_V1
US|KBEAUTY|KBEAUTY_P02,US,KBEAUTY,KBEAUTY_P02,,keyword,French cosmetics,,en,MODE_GRAMMAR,RULE_SELECTED,PENDING_EMPIRICAL,UNKNOWN,PENDING,NOT_YET_TESTED,PENDING_TOPIC_EXTRACTION,,COMPOSED,,,,,,N/A,,ORIGIN-NOUN-COMPOSED-1.0,NOT_REQUIRED,,PENDING_EMPIRICAL_VALIDATION,,,,,,https://trends.google.com/trends/explore?date=2018-01-01%202026-08-09&geo=US&q=French%20cosmetics&hl=en,[위약] 프랑스 화장품 · 소비양식 문법 · 미국(en) 조합,,,[위약] 프랑스 화장품 · TOPIC 후보,KCONSUMER_COMPOSED_V1
US|KFASHION|KFASHION_G01,US,KFASHION,KFASHION_G01,,keyword,Korean fashion,,en,MODE_GRAMMAR,RULE_SELECTED,PENDING_EMPIRICAL,UNKNOWN,PENDING,NOT_YET_TESTED,PENDING_TOPIC_EXTRACTION,,COMPOSED,,,,,,N/A,,ORIGIN-NOUN-COMPOSED-1.0,NOT_REQUIRED,,PENDING_EMPIRICAL_VALIDATION,,,,,,https://trends.google.com/trends/explore?date=2018-01-01%202026-08-09&geo=US&q=Korean%20fashion&hl=en,한국 패션 · 소비양식 문법 · 미국(en) 조합,,,한국 패션 · TOPIC 후보,KCONSUMER_COMPOSED_V1
US|KFASHION|KFASHION_G02,US,KFASHION,KFASHION_G02,,keyword,K-fashion,,en,MODE_GRAMMAR,RULE_SELECTED,PENDING_EMPIRICAL,UNKNOWN,PENDING,NOT_YET_TESTED,PENDING_TOPIC_EXTRACTION,,ATOMIC_LEXEME,,,,,,N/A,,ATOMIC-LEXEME-1.0,NOT_REQUIRED,,PENDING_EMPIRICAL_VALIDATION,,,,,,https://trends.google.com/trends/explore?date=2018-01-01%202026-08-09&geo=US&q=K-fashion&hl=en,K-fashion · 소비양식 문법 · 미국(en) 외래어,,,K-fashion · TOPIC 후보,KCONSUMER_COMPOSED_V1
US|KFASHION|KFASHION_G03,US,KFASHION,KFASHION_G03,,keyword,Korean style,,en,MODE_GRAMMAR,RULE_SELECTED,PENDING_EMPIRICAL,UNKNOWN,PENDING,NOT_YET_TESTED,PENDING_DOM_EXTRACTION,,COMPOSED,,,,,,N/A,,ORIGIN-NOUN-COMPOSED-1.0,NOT_REQUIRED,,PENDING_EMPIRICAL_VALIDATION,,,,,,https://trends.google.com/trends/explore?date=2018-01-01%202026-08-09&geo=US&q=Korean%20style&hl=en,한국 스타일 코디 · 소비양식 문법 · 미국(en) 조합,,,한국 스타일 코디,KCONSUMER_COMPOSED_V1
US|KFASHION|KFASHION_G04,US,KFASHION,KFASHION_G04,,keyword,Korean fashion brand,,en,MODE_GRAMMAR,RULE_SELECTED,PENDING_EMPIRICAL,UNKNOWN,PENDING,NOT_YET_TESTED,PENDING_DOM_EXTRACTION,,COMPOSED,,,,,,N/A,,ORIGIN-NOUN-COMPOSED-1.0,NOT_REQUIRED,,PENDING_EMPIRICAL_VALIDATION,,,,,,https://trends.google.com/trends/explore?date=2018-01-01%202026-08-09&geo=US&q=Korean%20fashion%20brand&hl=en,한국 패션 브랜드 · 소비양식 문법 · 미국(en) 조합,,,한국 패션 브랜드,KCONSUMER_COMPOSED_V1
US|KFASHION|KFASHION_G05,US,KFASHION,KFASHION_G05,,keyword,Korean idol fashion,,en,MODE_GRAMMAR,RULE_SELECTED,PENDING_EMPIRICAL,UNKNOWN,PENDING,NOT_YET_TESTED,PENDING_DOM_EXTRACTION,,COMPOSED,,,,,,N/A,,ORIGIN-NOUN-COMPOSED-1.0,NOT_REQUIRED,,PENDING_EMPIRICAL_VALIDATION,,,,,,https://trends.google.com/trends/explore?date=2018-01-01%202026-08-09&geo=US&q=Korean%20idol%20fashion&hl=en,아이돌 패션 · 소비양식 문법 · 미국(en) 조합,,아이돌 패션은 K-Pop 도메인과 겹친다. KPOP 계열과의 상관을 먼저 확인할 것,아이돌 패션,KCONSUMER_COMPOSED_V1
US|KFASHION|KFASHION_G06,US,KFASHION,KFASHION_G06,,keyword,Korean streetwear,,en,MODE_GRAMMAR,RULE_SELECTED,PENDING_EMPIRICAL,UNKNOWN,PENDING,NOT_YET_TESTED,PENDING_DOM_EXTRACTION,,COMPOSED,,,,,,N/A,,ORIGIN-NOUN-COMPOSED-1.0,NOT_REQUIRED,,PENDING_EMPIRICAL_VALIDATION,,,,,,https://trends.google.com/trends/explore?date=2018-01-01%202026-08-09&geo=US&q=Korean%20streetwear&hl=en,한국 스트릿웨어 · 소비양식 문법 · 미국(en) 조합,,,한국 스트릿웨어,KCONSUMER_COMPOSED_V1
US|KFASHION|KFASHION_G07,US,KFASHION,KFASHION_G07,,keyword,Korean clothing online shop,,en,MODE_GRAMMAR,RULE_SELECTED,PENDING_EMPIRICAL,UNKNOWN,PENDING,NOT_YET_TESTED,PENDING_DOM_EXTRACTION,,COMPOSED,,,,,,N/A,,ORIGIN-NOUN-COMPOSED-1.0,NOT_REQUIRED,,PENDING_EMPIRICAL_VALIDATION,,,,,,https://trends.google.com/trends/explore?date=2018-01-01%202026-08-09&geo=US&q=Korean%20clothing%20online%20shop&hl=en,한국 옷 쇼핑몰 · 소비양식 문법 · 미국(en) 조합,,'한국 옷 쇼핑몰'은 플랫폼 브랜드명(무신사 등)으로 검색이 분산될 수 있음,한국 옷 쇼핑몰,KCONSUMER_COMPOSED_V1
US|KFASHION|KFASHION_E01,US,KFASHION,KFASHION_E01,,keyword,Korean bag,,en,EXPORT_REFERENCED,RULE_SELECTED,PENDING_EMPIRICAL,UNKNOWN,PENDING,NOT_YET_TESTED,PENDING_DOM_EXTRACTION,,COMPOSED,,,,,,N/A,,ORIGIN-NOUN-COMPOSED-1.0,NOT_REQUIRED,,PENDING_EMPIRICAL_VALIDATION,,,,,,https://trends.google.com/trends/explore?date=2018-01-01%202026-08-09&geo=US&q=Korean%20bag&hl=en,가방 · 수출 참고 HS 420222·420221·420292 · 미국(en) 조합,,,가방,KCONSUMER_COMPOSED_V1
US|KFASHION|KFASHION_E02,US,KFASHION,KFASHION_E02,,keyword,Korean sunglasses,,en,EXPORT_REFERENCED,RULE_SELECTED,PENDING_EMPIRICAL,UNKNOWN,PENDING,NOT_YET_TESTED,PENDING_DOM_EXTRACTION,,COMPOSED,,,,,,N/A,,ORIGIN-NOUN-COMPOSED-1.0,NOT_REQUIRED,,PENDING_EMPIRICAL_VALIDATION,,,,,,https://trends.google.com/trends/explore?date=2018-01-01%202026-08-09&geo=US&q=Korean%20sunglasses&hl=en,선글라스 · 수출 참고 HS 900410 · 미국(en) 조합,,,선글라스,KCONSUMER_COMPOSED_V1
US|KFASHION|KFASHION_E03,US,KFASHION,KFASHION_E03,,keyword,Korean sneakers,,en,EXPORT_REFERENCED,RULE_SELECTED,PENDING_EMPIRICAL,UNKNOWN,PENDING,NOT_YET_TESTED,PENDING_DOM_EXTRACTION,,COMPOSED,,,,,,N/A,,ORIGIN-NOUN-COMPOSED-1.0,NOT_REQUIRED,,PENDING_EMPIRICAL_VALIDATION,,,,,,https://trends.google.com/trends/explore?date=2018-01-01%202026-08-09&geo=US&q=Korean%20sneakers&hl=en,스니커즈 · 수출 참고 HS 640411·640419 · 미국(en) 조합,,,스니커즈,KCONSUMER_COMPOSED_V1
US|KFASHION|KFASHION_E04,US,KFASHION,KFASHION_E04,,keyword,Korean t-shirt,,en,EXPORT_REFERENCED,RULE_SELECTED,PENDING_EMPIRICAL,UNKNOWN,PENDING,NOT_YET_TESTED,PENDING_DOM_EXTRACTION,,COMPOSED,,,,,,N/A,,ORIGIN-NOUN-COMPOSED-1.0,NOT_REQUIRED,,PENDING_EMPIRICAL_VALIDATION,,,,,,https://trends.google.com/trends/explore?date=2018-01-01%202026-08-09&geo=US&q=Korean%20t-shirt&hl=en,티셔츠 · 수출 참고 HS 610910·610990 · 미국(en) 조합,,,티셔츠,KCONSUMER_COMPOSED_V1
US|KFASHION|KFASHION_E05,US,KFASHION,KFASHION_E05,,keyword,Korean jewelry,,en,EXPORT_REFERENCED,RULE_SELECTED,PENDING_EMPIRICAL,UNKNOWN,PENDING,NOT_YET_TESTED,PENDING_DOM_EXTRACTION,,COMPOSED,,,,,,N/A,,ORIGIN-NOUN-COMPOSED-1.0,NOT_REQUIRED,,PENDING_EMPIRICAL_VALIDATION,,,,,,https://trends.google.com/trends/explore?date=2018-01-01%202026-08-09&geo=US&q=Korean%20jewelry&hl=en,주얼리 · 수출 참고 HS 711319·711719 · 미국(en) 조합,,주얼리 대역의 L1 대응 품목 711319 는 금 시세에 좌우된다 — L1 과 L3 의 괴리가 클 것으로 예상,주얼리,KCONSUMER_COMPOSED_V1
US|KFASHION|KFASHION_E06,US,KFASHION,KFASHION_E06,,keyword,Korean hat,,en,EXPORT_REFERENCED,RULE_SELECTED,PENDING_EMPIRICAL,UNKNOWN,PENDING,NOT_YET_TESTED,PENDING_DOM_EXTRACTION,,COMPOSED,,,,,,N/A,,ORIGIN-NOUN-COMPOSED-1.0,NOT_REQUIRED,,PENDING_EMPIRICAL_VALIDATION,,,,,,https://trends.google.com/trends/explore?date=2018-01-01%202026-08-09&geo=US&q=Korean%20hat&hl=en,모자 · 수출 참고 HS 650500 · 미국(en) 조합,,,모자,KCONSUMER_COMPOSED_V1
US|KFASHION|KFASHION_E07,US,KFASHION,KFASHION_E07,,keyword,Korean coat,,en,EXPORT_REFERENCED,RULE_SELECTED,PENDING_EMPIRICAL,UNKNOWN,PENDING,NOT_YET_TESTED,PENDING_DOM_EXTRACTION,,COMPOSED,,,,,,N/A,,ORIGIN-NOUN-COMPOSED-1.0,NOT_REQUIRED,,PENDING_EMPIRICAL_VALIDATION,,,,,,https://trends.google.com/trends/explore?date=2018-01-01%202026-08-09&geo=US&q=Korean%20coat&hl=en,아우터 · 수출 참고 HS 620240 · 미국(en) 조합,,,아우터,KCONSUMER_COMPOSED_V1
US|KFASHION|KFASHION_P01,US,KFASHION,KFASHION_P01,,keyword,Japanese fashion,,en,MODE_GRAMMAR,RULE_SELECTED,PENDING_EMPIRICAL,UNKNOWN,PENDING,NOT_YET_TESTED,PENDING_TOPIC_EXTRACTION,,COMPOSED,,,,,,N/A,,ORIGIN-NOUN-COMPOSED-1.0,NOT_REQUIRED,,PENDING_EMPIRICAL_VALIDATION,,,,,,https://trends.google.com/trends/explore?date=2018-01-01%202026-08-09&geo=US&q=Japanese%20fashion&hl=en,[위약] 일본 패션 · 소비양식 문법 · 미국(en) 조합,,,[위약] 일본 패션 · TOPIC 후보,KCONSUMER_COMPOSED_V1
US|KFASHION|KFASHION_P02,US,KFASHION,KFASHION_P02,,keyword,Italian fashion,,en,MODE_GRAMMAR,RULE_SELECTED,PENDING_EMPIRICAL,UNKNOWN,PENDING,NOT_YET_TESTED,PENDING_TOPIC_EXTRACTION,,COMPOSED,,,,,,N/A,,ORIGIN-NOUN-COMPOSED-1.0,NOT_REQUIRED,,PENDING_EMPIRICAL_VALIDATION,,,,,,https://trends.google.com/trends/explore?date=2018-01-01%202026-08-09&geo=US&q=Italian%20fashion&hl=en,[위약] 이탈리아 패션 · 소비양식 문법 · 미국(en) 조합,,,[위약] 이탈리아 패션 · TOPIC 후보,KCONSUMER_COMPOSED_V1
GB|KFOOD|KFOOD_G01,GB,KFOOD,KFOOD_G01,,keyword,Korean food,,en,MODE_GRAMMAR,RULE_SELECTED,PENDING_EMPIRICAL,UNKNOWN,PENDING,NOT_YET_TESTED,PENDING_TOPIC_EXTRACTION,,COMPOSED,,,,,,N/A,,ORIGIN-NOUN-COMPOSED-1.0,NOT_REQUIRED,,PENDING_EMPIRICAL_VALIDATION,,,,,,https://trends.google.com/trends/explore?date=2018-01-01%202026-08-09&geo=GB&q=Korean%20food&hl=en,한국 음식 · 소비양식 문법 · 영국(en) 조합,,,한국 음식 · TOPIC 후보,KCONSUMER_COMPOSED_V1
GB|KFOOD|KFOOD_G02,GB,KFOOD,KFOOD_G02,,keyword,K-food,,en,MODE_GRAMMAR,RULE_SELECTED,PENDING_EMPIRICAL,UNKNOWN,PENDING,NOT_YET_TESTED,PENDING_TOPIC_EXTRACTION,,ATOMIC_LEXEME,,,,,,N/A,,ATOMIC-LEXEME-1.0,NOT_REQUIRED,,PENDING_EMPIRICAL_VALIDATION,,,,,,https://trends.google.com/trends/explore?date=2018-01-01%202026-08-09&geo=GB&q=K-food&hl=en,K-food · 소비양식 문법 · 영국(en) 외래어,,,K-food · TOPIC 후보,KCONSUMER_COMPOSED_V1
GB|KFOOD|KFOOD_G03,GB,KFOOD,KFOOD_G03,,keyword,Korean food recipe,,en,MODE_GRAMMAR,RULE_SELECTED,PENDING_EMPIRICAL,UNKNOWN,PENDING,NOT_YET_TESTED,PENDING_DOM_EXTRACTION,,COMPOSED,,,,,,N/A,,ORIGIN-NOUN-COMPOSED-1.0,NOT_REQUIRED,,PENDING_EMPIRICAL_VALIDATION,,,,,,https://trends.google.com/trends/explore?date=2018-01-01%202026-08-09&geo=GB&q=Korean%20food%20recipe&hl=en,한국 요리법 · 소비양식 문법 · 영국(en) 조합,,,한국 요리법,KCONSUMER_COMPOSED_V1
GB|KFOOD|KFOOD_G04,GB,KFOOD,KFOOD_G04,,keyword,Korean restaurant,,en,MODE_GRAMMAR,RULE_SELECTED,PENDING_EMPIRICAL,UNKNOWN,PENDING,NOT_YET_TESTED,PENDING_DOM_EXTRACTION,,COMPOSED,,,,,,N/A,,ORIGIN-NOUN-COMPOSED-1.0,NOT_REQUIRED,,PENDING_EMPIRICAL_VALIDATION,,,,,,https://trends.google.com/trends/explore?date=2018-01-01%202026-08-09&geo=GB&q=Korean%20restaurant&hl=en,한식당 · 소비양식 문법 · 영국(en) 조합,,,한식당,KCONSUMER_COMPOSED_V1
GB|KFOOD|KFOOD_G05,GB,KFOOD,KFOOD_G05,,keyword,mukbang,,en,MODE_GRAMMAR,RULE_SELECTED,PENDING_EMPIRICAL,UNKNOWN,PENDING,NOT_YET_TESTED,PENDING_TOPIC_EXTRACTION,,ATOMIC_LEXEME,,,,,,N/A,,ATOMIC-LEXEME-1.0,NOT_REQUIRED,,PENDING_EMPIRICAL_VALIDATION,,,,,,https://trends.google.com/trends/explore?date=2018-01-01%202026-08-09&geo=GB&q=mukbang&hl=en,먹방 · 소비양식 문법 · 영국(en) 외래어,,먹방은 한국 기원어지만 이미 국제 장르명이 되어 비한국 콘텐츠를 포함한다 — 도메인 귀속이 약해지는 방향,먹방 · TOPIC 후보,KCONSUMER_COMPOSED_V1
GB|KFOOD|KFOOD_G06,GB,KFOOD,KFOOD_G06,,keyword,Korean street food,,en,MODE_GRAMMAR,RULE_SELECTED,PENDING_EMPIRICAL,UNKNOWN,PENDING,NOT_YET_TESTED,PENDING_DOM_EXTRACTION,,COMPOSED,,,,,,N/A,,ORIGIN-NOUN-COMPOSED-1.0,NOT_REQUIRED,,PENDING_EMPIRICAL_VALIDATION,,,,,,https://trends.google.com/trends/explore?date=2018-01-01%202026-08-09&geo=GB&q=Korean%20street%20food&hl=en,한국 길거리음식 · 소비양식 문법 · 영국(en) 조합,,,한국 길거리음식,KCONSUMER_COMPOSED_V1
GB|KFOOD|KFOOD_E01,GB,KFOOD,KFOOD_E01,,keyword,kimchi,,en,EXPORT_REFERENCED,RULE_SELECTED,PENDING_EMPIRICAL,UNKNOWN,PENDING,NOT_YET_TESTED,PENDING_TOPIC_EXTRACTION,,ATOMIC_LEXEME,,,,,,N/A,,ATOMIC-LEXEME-1.0,NOT_REQUIRED,,PENDING_EMPIRICAL_VALIDATION,,,,,,https://trends.google.com/trends/explore?date=2018-01-01%202026-08-09&geo=GB&q=kimchi&hl=en,김치 · 수출 참고 HS 200599 · 영국(en) 외래어,,일본은 자국산 김치를 대량 생산해 JP 신호에 국산 수요가 섞인다,김치 · TOPIC 후보,KCONSUMER_COMPOSED_V1
GB|KFOOD|KFOOD_E02,GB,KFOOD,KFOOD_E02,,keyword,Korean ramen,,en,EXPORT_REFERENCED,RULE_SELECTED,PENDING_EMPIRICAL,UNKNOWN,PENDING,NOT_YET_TESTED,PENDING_TOPIC_EXTRACTION,,COMPOSED,,,,,,N/A,,ORIGIN-NOUN-COMPOSED-1.0,NOT_REQUIRED,,PENDING_EMPIRICAL_VALIDATION,,,,,,https://trends.google.com/trends/explore?date=2018-01-01%202026-08-09&geo=GB&q=Korean%20ramen&hl=en,라면 · 수출 참고 HS 190230 · 영국(en) 조합,,'ramen' 단독은 일식이다. 전 언어에서 한국 수식어를 붙였으나 그만큼 검색량이 줄어 과소측정 가능,라면 · TOPIC 후보,KCONSUMER_COMPOSED_V1
GB|KFOOD|KFOOD_E03,GB,KFOOD,KFOOD_E03,,keyword,soju,,en,EXPORT_REFERENCED,RULE_SELECTED,PENDING_EMPIRICAL,UNKNOWN,PENDING,NOT_YET_TESTED,PENDING_TOPIC_EXTRACTION,,ATOMIC_LEXEME,,,,,,N/A,,ATOMIC-LEXEME-1.0,NOT_REQUIRED,,PENDING_EMPIRICAL_VALIDATION,,,,,,https://trends.google.com/trends/explore?date=2018-01-01%202026-08-09&geo=GB&q=soju&hl=en,소주 · 수출 참고 HS 220890·220870 · 영국(en) 외래어,,일본어 焼酎 는 일본 소주다. 韓国焼酎 로 한정했으나 ソジュ 표기와 분산될 수 있음,소주 · TOPIC 후보,KCONSUMER_COMPOSED_V1
GB|KFOOD|KFOOD_E04,GB,KFOOD,KFOOD_E04,,keyword,tteokbokki,,en,MODE_GRAMMAR,RULE_SELECTED,PENDING_EMPIRICAL,UNKNOWN,PENDING,NOT_YET_TESTED,PENDING_TOPIC_EXTRACTION,,ATOMIC_LEXEME,,,,,,N/A,,ATOMIC-LEXEME-1.0,NOT_REQUIRED,,PENDING_EMPIRICAL_VALIDATION,,,,,,https://trends.google.com/trends/explore?date=2018-01-01%202026-08-09&geo=GB&q=tteokbokki&hl=en,떡볶이 · 소비양식 문법 · 영국(en) 외래어,,,떡볶이 · TOPIC 후보,KCONSUMER_COMPOSED_V1
GB|KFOOD|KFOOD_E05,GB,KFOOD,KFOOD_E05,,keyword,Korean fried chicken,,en,MODE_GRAMMAR,RULE_SELECTED,PENDING_EMPIRICAL,UNKNOWN,PENDING,NOT_YET_TESTED,PENDING_DOM_EXTRACTION,,COMPOSED,,,,,,N/A,,ORIGIN-NOUN-COMPOSED-1.0,NOT_REQUIRED,,PENDING_EMPIRICAL_VALIDATION,,,,,,https://trends.google.com/trends/explore?date=2018-01-01%202026-08-09&geo=GB&q=Korean%20fried%20chicken&hl=en,한국 치킨 · 소비양식 문법 · 영국(en) 조합,,,한국 치킨,KCONSUMER_COMPOSED_V1
GB|KFOOD|KFOOD_E06,GB,KFOOD,KFOOD_E06,,keyword,Korean snacks,,en,EXPORT_REFERENCED,RULE_SELECTED,PENDING_EMPIRICAL,UNKNOWN,PENDING,NOT_YET_TESTED,PENDING_DOM_EXTRACTION,,COMPOSED,,,,,,N/A,,ORIGIN-NOUN-COMPOSED-1.0,NOT_REQUIRED,,PENDING_EMPIRICAL_VALIDATION,,,,,,https://trends.google.com/trends/explore?date=2018-01-01%202026-08-09&geo=GB&q=Korean%20snacks&hl=en,한국 과자 · 수출 참고 HS 190590·170490 · 영국(en) 조합,,,한국 과자,KCONSUMER_COMPOSED_V1
GB|KFOOD|KFOOD_E07,GB,KFOOD,KFOOD_E07,,keyword,Korean seaweed snack,,en,EXPORT_REFERENCED,RULE_SELECTED,PENDING_EMPIRICAL,UNKNOWN,PENDING,NOT_YET_TESTED,PENDING_DOM_EXTRACTION,,COMPOSED,,,,,,N/A,,ORIGIN-NOUN-COMPOSED-1.0,NOT_REQUIRED,,PENDING_EMPIRICAL_VALIDATION,,,,,,https://trends.google.com/trends/explore?date=2018-01-01%202026-08-09&geo=GB&q=Korean%20seaweed%20snack&hl=en,김 · 수출 참고 HS 121221 · 영국(en) 조합,,일본어 のり 단독은 일본산 김. 韓国のり 로 한정,김,KCONSUMER_COMPOSED_V1
GB|KFOOD|KFOOD_E08,GB,KFOOD,KFOOD_E08,,keyword,gochujang,,en,EXPORT_REFERENCED,RULE_SELECTED,PENDING_EMPIRICAL,UNKNOWN,PENDING,NOT_YET_TESTED,PENDING_TOPIC_EXTRACTION,,ATOMIC_LEXEME,,,,,,N/A,,ATOMIC-LEXEME-1.0,NOT_REQUIRED,,PENDING_EMPIRICAL_VALIDATION,,,,,,https://trends.google.com/trends/explore?date=2018-01-01%202026-08-09&geo=GB&q=gochujang&hl=en,고추장 · 수출 참고 HS 210390 · 영국(en) 외래어,,,고추장 · TOPIC 후보,KCONSUMER_COMPOSED_V1
GB|KFOOD|KFOOD_E09,GB,KFOOD,KFOOD_E09,,keyword,Korean ginseng,,en,EXPORT_REFERENCED,RULE_SELECTED,PENDING_EMPIRICAL,UNKNOWN,PENDING,NOT_YET_TESTED,PENDING_TOPIC_EXTRACTION,,ATOMIC_LEXEME,,,,,,N/A,,ATOMIC-LEXEME-1.0,NOT_REQUIRED,,PENDING_EMPIRICAL_VALIDATION,,,,,,https://trends.google.com/trends/explore?date=2018-01-01%202026-08-09&geo=GB&q=Korean%20ginseng&hl=en,인삼 · 수출 참고 HS 121120 · 영국(en) 외래어,,,인삼 · TOPIC 후보,KCONSUMER_COMPOSED_V1
GB|KFOOD|KFOOD_P01,GB,KFOOD,KFOOD_P01,,keyword,Japanese food,,en,MODE_GRAMMAR,RULE_SELECTED,PENDING_EMPIRICAL,UNKNOWN,PENDING,NOT_YET_TESTED,PENDING_TOPIC_EXTRACTION,,COMPOSED,,,,,,N/A,,ORIGIN-NOUN-COMPOSED-1.0,NOT_REQUIRED,,PENDING_EMPIRICAL_VALIDATION,,,,,,https://trends.google.com/trends/explore?date=2018-01-01%202026-08-09&geo=GB&q=Japanese%20food&hl=en,[위약] 일식 · 소비양식 문법 · 영국(en) 조합,,위약이지만 한식·일식은 대체재이자 보완재라 부호가 양쪽 다 가능 — 계수 부호까지 함께 볼 것,[위약] 일식 · TOPIC 후보,KCONSUMER_COMPOSED_V1
GB|KFOOD|KFOOD_P02,GB,KFOOD,KFOOD_P02,,keyword,Chinese food,,en,MODE_GRAMMAR,RULE_SELECTED,PENDING_EMPIRICAL,UNKNOWN,PENDING,NOT_YET_TESTED,PENDING_TOPIC_EXTRACTION,,COMPOSED,,,,,,N/A,,ORIGIN-NOUN-COMPOSED-1.0,NOT_REQUIRED,,PENDING_EMPIRICAL_VALIDATION,,,,,,https://trends.google.com/trends/explore?date=2018-01-01%202026-08-09&geo=GB&q=Chinese%20food&hl=en,[위약] 중식 · 소비양식 문법 · 영국(en) 조합,,,[위약] 중식 · TOPIC 후보,KCONSUMER_COMPOSED_V1
GB|KFOOD|KFOOD_P03,GB,KFOOD,KFOOD_P03,,keyword,Thai food,,en,MODE_GRAMMAR,RULE_SELECTED,PENDING_EMPIRICAL,UNKNOWN,PENDING,NOT_YET_TESTED,PENDING_TOPIC_EXTRACTION,,COMPOSED,,,,,,N/A,,ORIGIN-NOUN-COMPOSED-1.0,NOT_REQUIRED,,PENDING_EMPIRICAL_VALIDATION,,,,,,https://trends.google.com/trends/explore?date=2018-01-01%202026-08-09&geo=GB&q=Thai%20food&hl=en,[위약] 태국음식 · 소비양식 문법 · 영국(en) 조합,,,[위약] 태국음식 · TOPIC 후보,KCONSUMER_COMPOSED_V1
GB|KBEAUTY|KBEAUTY_G01,GB,KBEAUTY,KBEAUTY_G01,,keyword,Korean cosmetics,,en,MODE_GRAMMAR,RULE_SELECTED,PENDING_EMPIRICAL,UNKNOWN,PENDING,NOT_YET_TESTED,PENDING_TOPIC_EXTRACTION,,COMPOSED,,,,,,N/A,,ORIGIN-NOUN-COMPOSED-1.0,NOT_REQUIRED,,PENDING_EMPIRICAL_VALIDATION,,,,,,https://trends.google.com/trends/explore?date=2018-01-01%202026-08-09&geo=GB&q=Korean%20cosmetics&hl=en,한국 화장품 · 소비양식 문법 · 영국(en) 조합,,,한국 화장품 · TOPIC 후보,KCONSUMER_COMPOSED_V1
GB|KBEAUTY|KBEAUTY_G02,GB,KBEAUTY,KBEAUTY_G02,,keyword,K-beauty,,en,MODE_GRAMMAR,RULE_SELECTED,PENDING_EMPIRICAL,UNKNOWN,PENDING,NOT_YET_TESTED,PENDING_TOPIC_EXTRACTION,,ATOMIC_LEXEME,,,,,,N/A,,ATOMIC-LEXEME-1.0,NOT_REQUIRED,,PENDING_EMPIRICAL_VALIDATION,,,,,,https://trends.google.com/trends/explore?date=2018-01-01%202026-08-09&geo=GB&q=K-beauty&hl=en,K-beauty · 소비양식 문법 · 영국(en) 외래어,,,K-beauty · TOPIC 후보,KCONSUMER_COMPOSED_V1
GB|KBEAUTY|KBEAUTY_G03,GB,KBEAUTY,KBEAUTY_G03,,keyword,Korean skincare routine,,en,EXPORT_REFERENCED,RULE_SELECTED,PENDING_EMPIRICAL,UNKNOWN,PENDING,NOT_YET_TESTED,PENDING_DOM_EXTRACTION,,COMPOSED,,,,,,N/A,,ORIGIN-NOUN-COMPOSED-1.0,NOT_REQUIRED,,PENDING_EMPIRICAL_VALIDATION,,,,,,https://trends.google.com/trends/explore?date=2018-01-01%202026-08-09&geo=GB&q=Korean%20skincare%20routine&hl=en,한국 스킨케어 루틴 · 수출 참고 HS 330499 · 영국(en) 조합,,,한국 스킨케어 루틴,KCONSUMER_COMPOSED_V1
GB|KBEAUTY|KBEAUTY_G04,GB,KBEAUTY,KBEAUTY_G04,,keyword,Korean cosmetics brand,,en,MODE_GRAMMAR,RULE_SELECTED,PENDING_EMPIRICAL,UNKNOWN,PENDING,NOT_YET_TESTED,PENDING_DOM_EXTRACTION,,COMPOSED,,,,,,N/A,,ORIGIN-NOUN-COMPOSED-1.0,NOT_REQUIRED,,PENDING_EMPIRICAL_VALIDATION,,,,,,https://trends.google.com/trends/explore?date=2018-01-01%202026-08-09&geo=GB&q=Korean%20cosmetics%20brand&hl=en,한국 화장품 브랜드 · 소비양식 문법 · 영국(en) 조합,,,한국 화장품 브랜드,KCONSUMER_COMPOSED_V1
GB|KBEAUTY|KBEAUTY_G05,GB,KBEAUTY,KBEAUTY_G05,,keyword,Korean makeup tutorial,,en,EXPORT_REFERENCED,RULE_SELECTED,PENDING_EMPIRICAL,UNKNOWN,PENDING,NOT_YET_TESTED,PENDING_DOM_EXTRACTION,,COMPOSED,,,,,,N/A,,ORIGIN-NOUN-COMPOSED-1.0,NOT_REQUIRED,,PENDING_EMPIRICAL_VALIDATION,,,,,,https://trends.google.com/trends/explore?date=2018-01-01%202026-08-09&geo=GB&q=Korean%20makeup%20tutorial&hl=en,한국 메이크업 · 수출 참고 HS 330410·330420 · 영국(en) 조합,,,한국 메이크업,KCONSUMER_COMPOSED_V1
GB|KBEAUTY|KBEAUTY_G06,GB,KBEAUTY,KBEAUTY_G06,,keyword,glass skin,,en,MODE_GRAMMAR,RULE_SELECTED,PENDING_EMPIRICAL,UNKNOWN,PENDING,NOT_YET_TESTED,PENDING_TOPIC_EXTRACTION,,ATOMIC_LEXEME,,,,,,N/A,,ATOMIC-LEXEME-1.0,NOT_REQUIRED,,PENDING_EMPIRICAL_VALIDATION,,,,,,https://trends.google.com/trends/explore?date=2018-01-01%202026-08-09&geo=GB&q=glass%20skin&hl=en,글래스 스킨 · 소비양식 문법 · 영국(en) 외래어,,'glass skin' 은 한국 기원이나 글로벌 뷰티 용어로 확산돼 도메인 귀속이 약하다,글래스 스킨 · TOPIC 후보,KCONSUMER_COMPOSED_V1
GB|KBEAUTY|KBEAUTY_E01,GB,KBEAUTY,KBEAUTY_E01,,keyword,Korean serum,,en,EXPORT_REFERENCED,RULE_SELECTED,PENDING_EMPIRICAL,UNKNOWN,PENDING,NOT_YET_TESTED,PENDING_DOM_EXTRACTION,,COMPOSED,,,,,,N/A,,ORIGIN-NOUN-COMPOSED-1.0,NOT_REQUIRED,,PENDING_EMPIRICAL_VALIDATION,,,,,,https://trends.google.com/trends/explore?date=2018-01-01%202026-08-09&geo=GB&q=Korean%20serum&hl=en,세럼·에센스 · 수출 참고 HS 330499 · 영국(en) 조합,,,세럼·에센스,KCONSUMER_COMPOSED_V1
GB|KBEAUTY|KBEAUTY_E02,GB,KBEAUTY,KBEAUTY_E02,,keyword,Korean sheet mask,,en,EXPORT_REFERENCED,RULE_SELECTED,PENDING_EMPIRICAL,UNKNOWN,PENDING,NOT_YET_TESTED,PENDING_DOM_EXTRACTION,,COMPOSED,,,,,,N/A,,ORIGIN-NOUN-COMPOSED-1.0,NOT_REQUIRED,,PENDING_EMPIRICAL_VALIDATION,,,,,,https://trends.google.com/trends/explore?date=2018-01-01%202026-08-09&geo=GB&q=Korean%20sheet%20mask&hl=en,시트마스크 · 수출 참고 HS 330499 · 영국(en) 조합,,,시트마스크,KCONSUMER_COMPOSED_V1
GB|KBEAUTY|KBEAUTY_E03,GB,KBEAUTY,KBEAUTY_E03,,keyword,Korean sunscreen,,en,EXPORT_REFERENCED,RULE_SELECTED,PENDING_EMPIRICAL,UNKNOWN,PENDING,NOT_YET_TESTED,PENDING_DOM_EXTRACTION,,COMPOSED,,,,,,N/A,,ORIGIN-NOUN-COMPOSED-1.0,NOT_REQUIRED,,PENDING_EMPIRICAL_VALIDATION,,,,,,https://trends.google.com/trends/explore?date=2018-01-01%202026-08-09&geo=GB&q=Korean%20sunscreen&hl=en,선크림 · 수출 참고 HS 330499 · 영국(en) 조합,,,선크림,KCONSUMER_COMPOSED_V1
GB|KBEAUTY|KBEAUTY_E04,GB,KBEAUTY,KBEAUTY_E04,,keyword,Korean cushion foundation,,en,EXPORT_REFERENCED,RULE_SELECTED,PENDING_EMPIRICAL,UNKNOWN,PENDING,NOT_YET_TESTED,PENDING_DOM_EXTRACTION,,COMPOSED,,,,,,N/A,,ORIGIN-NOUN-COMPOSED-1.0,NOT_REQUIRED,,PENDING_EMPIRICAL_VALIDATION,,,,,,https://trends.google.com/trends/explore?date=2018-01-01%202026-08-09&geo=GB&q=Korean%20cushion%20foundation&hl=en,쿠션 파운데이션 · 수출 참고 HS 330491·961620 · 영국(en) 조합,,쿠션은 한국이 만든 제형이라 원산지 수식 없이도 한국 신호일 수 있다 — 수식어를 붙여 과소측정될 위험,쿠션 파운데이션,KCONSUMER_COMPOSED_V1
GB|KBEAUTY|KBEAUTY_E05,GB,KBEAUTY,KBEAUTY_E05,,keyword,Korean lip tint,,en,EXPORT_REFERENCED,RULE_SELECTED,PENDING_EMPIRICAL,UNKNOWN,PENDING,NOT_YET_TESTED,PENDING_DOM_EXTRACTION,,COMPOSED,,,,,,N/A,,ORIGIN-NOUN-COMPOSED-1.0,NOT_REQUIRED,,PENDING_EMPIRICAL_VALIDATION,,,,,,https://trends.google.com/trends/explore?date=2018-01-01%202026-08-09&geo=GB&q=Korean%20lip%20tint&hl=en,립틴트 · 수출 참고 HS 330410 · 영국(en) 조합,,,립틴트,KCONSUMER_COMPOSED_V1
GB|KBEAUTY|KBEAUTY_E06,GB,KBEAUTY,KBEAUTY_E06,,keyword,Korean cleanser,,en,EXPORT_REFERENCED,RULE_SELECTED,PENDING_EMPIRICAL,UNKNOWN,PENDING,NOT_YET_TESTED,PENDING_DOM_EXTRACTION,,COMPOSED,,,,,,N/A,,ORIGIN-NOUN-COMPOSED-1.0,NOT_REQUIRED,,PENDING_EMPIRICAL_VALIDATION,,,,,,https://trends.google.com/trends/explore?date=2018-01-01%202026-08-09&geo=GB&q=Korean%20cleanser&hl=en,클렌징 · 수출 참고 HS 340130 · 영국(en) 조합,,,클렌징,KCONSUMER_COMPOSED_V1
GB|KBEAUTY|KBEAUTY_E07,GB,KBEAUTY,KBEAUTY_E07,,keyword,Korean hair care,,en,EXPORT_REFERENCED,RULE_SELECTED,PENDING_EMPIRICAL,UNKNOWN,PENDING,NOT_YET_TESTED,PENDING_DOM_EXTRACTION,,COMPOSED,,,,,,N/A,,ORIGIN-NOUN-COMPOSED-1.0,NOT_REQUIRED,,PENDING_EMPIRICAL_VALIDATION,,,,,,https://trends.google.com/trends/explore?date=2018-01-01%202026-08-09&geo=GB&q=Korean%20hair%20care&hl=en,헤어케어 · 수출 참고 HS 330590·330510 · 영국(en) 조합,,,헤어케어,KCONSUMER_COMPOSED_V1
GB|KBEAUTY|KBEAUTY_E08,GB,KBEAUTY,KBEAUTY_E08,,keyword,Korean perfume,,en,EXPORT_REFERENCED,RULE_SELECTED,PENDING_EMPIRICAL,UNKNOWN,PENDING,NOT_YET_TESTED,PENDING_DOM_EXTRACTION,,COMPOSED,,,,,,N/A,,ORIGIN-NOUN-COMPOSED-1.0,NOT_REQUIRED,,PENDING_EMPIRICAL_VALIDATION,,,,,,https://trends.google.com/trends/explore?date=2018-01-01%202026-08-09&geo=GB&q=Korean%20perfume&hl=en,향수 · 수출 참고 HS 330300·330790 · 영국(en) 조합,,,향수,KCONSUMER_COMPOSED_V1
GB|KBEAUTY|KBEAUTY_P01,GB,KBEAUTY,KBEAUTY_P01,,keyword,Japanese cosmetics,,en,MODE_GRAMMAR,RULE_SELECTED,PENDING_EMPIRICAL,UNKNOWN,PENDING,NOT_YET_TESTED,PENDING_TOPIC_EXTRACTION,,COMPOSED,,,,,,N/A,,ORIGIN-NOUN-COMPOSED-1.0,NOT_REQUIRED,,PENDING_EMPIRICAL_VALIDATION,,,,,,https://trends.google.com/trends/explore?date=2018-01-01%202026-08-09&geo=GB&q=Japanese%20cosmetics&hl=en,[위약] 일본 화장품 · 소비양식 문법 · 영국(en) 조합,,,[위약] 일본 화장품 · TOPIC 후보,KCONSUMER_COMPOSED_V1
GB|KBEAUTY|KBEAUTY_P02,GB,KBEAUTY,KBEAUTY_P02,,keyword,French cosmetics,,en,MODE_GRAMMAR,RULE_SELECTED,PENDING_EMPIRICAL,UNKNOWN,PENDING,NOT_YET_TESTED,PENDING_TOPIC_EXTRACTION,,COMPOSED,,,,,,N/A,,ORIGIN-NOUN-COMPOSED-1.0,NOT_REQUIRED,,PENDING_EMPIRICAL_VALIDATION,,,,,,https://trends.google.com/trends/explore?date=2018-01-01%202026-08-09&geo=GB&q=French%20cosmetics&hl=en,[위약] 프랑스 화장품 · 소비양식 문법 · 영국(en) 조합,,,[위약] 프랑스 화장품 · TOPIC 후보,KCONSUMER_COMPOSED_V1
GB|KFASHION|KFASHION_G01,GB,KFASHION,KFASHION_G01,,keyword,Korean fashion,,en,MODE_GRAMMAR,RULE_SELECTED,PENDING_EMPIRICAL,UNKNOWN,PENDING,NOT_YET_TESTED,PENDING_TOPIC_EXTRACTION,,COMPOSED,,,,,,N/A,,ORIGIN-NOUN-COMPOSED-1.0,NOT_REQUIRED,,PENDING_EMPIRICAL_VALIDATION,,,,,,https://trends.google.com/trends/explore?date=2018-01-01%202026-08-09&geo=GB&q=Korean%20fashion&hl=en,한국 패션 · 소비양식 문법 · 영국(en) 조합,,,한국 패션 · TOPIC 후보,KCONSUMER_COMPOSED_V1
GB|KFASHION|KFASHION_G02,GB,KFASHION,KFASHION_G02,,keyword,K-fashion,,en,MODE_GRAMMAR,RULE_SELECTED,PENDING_EMPIRICAL,UNKNOWN,PENDING,NOT_YET_TESTED,PENDING_TOPIC_EXTRACTION,,ATOMIC_LEXEME,,,,,,N/A,,ATOMIC-LEXEME-1.0,NOT_REQUIRED,,PENDING_EMPIRICAL_VALIDATION,,,,,,https://trends.google.com/trends/explore?date=2018-01-01%202026-08-09&geo=GB&q=K-fashion&hl=en,K-fashion · 소비양식 문법 · 영국(en) 외래어,,,K-fashion · TOPIC 후보,KCONSUMER_COMPOSED_V1
GB|KFASHION|KFASHION_G03,GB,KFASHION,KFASHION_G03,,keyword,Korean style,,en,MODE_GRAMMAR,RULE_SELECTED,PENDING_EMPIRICAL,UNKNOWN,PENDING,NOT_YET_TESTED,PENDING_DOM_EXTRACTION,,COMPOSED,,,,,,N/A,,ORIGIN-NOUN-COMPOSED-1.0,NOT_REQUIRED,,PENDING_EMPIRICAL_VALIDATION,,,,,,https://trends.google.com/trends/explore?date=2018-01-01%202026-08-09&geo=GB&q=Korean%20style&hl=en,한국 스타일 코디 · 소비양식 문법 · 영국(en) 조합,,,한국 스타일 코디,KCONSUMER_COMPOSED_V1
GB|KFASHION|KFASHION_G04,GB,KFASHION,KFASHION_G04,,keyword,Korean fashion brand,,en,MODE_GRAMMAR,RULE_SELECTED,PENDING_EMPIRICAL,UNKNOWN,PENDING,NOT_YET_TESTED,PENDING_DOM_EXTRACTION,,COMPOSED,,,,,,N/A,,ORIGIN-NOUN-COMPOSED-1.0,NOT_REQUIRED,,PENDING_EMPIRICAL_VALIDATION,,,,,,https://trends.google.com/trends/explore?date=2018-01-01%202026-08-09&geo=GB&q=Korean%20fashion%20brand&hl=en,한국 패션 브랜드 · 소비양식 문법 · 영국(en) 조합,,,한국 패션 브랜드,KCONSUMER_COMPOSED_V1
GB|KFASHION|KFASHION_G05,GB,KFASHION,KFASHION_G05,,keyword,Korean idol fashion,,en,MODE_GRAMMAR,RULE_SELECTED,PENDING_EMPIRICAL,UNKNOWN,PENDING,NOT_YET_TESTED,PENDING_DOM_EXTRACTION,,COMPOSED,,,,,,N/A,,ORIGIN-NOUN-COMPOSED-1.0,NOT_REQUIRED,,PENDING_EMPIRICAL_VALIDATION,,,,,,https://trends.google.com/trends/explore?date=2018-01-01%202026-08-09&geo=GB&q=Korean%20idol%20fashion&hl=en,아이돌 패션 · 소비양식 문법 · 영국(en) 조합,,아이돌 패션은 K-Pop 도메인과 겹친다. KPOP 계열과의 상관을 먼저 확인할 것,아이돌 패션,KCONSUMER_COMPOSED_V1
GB|KFASHION|KFASHION_G06,GB,KFASHION,KFASHION_G06,,keyword,Korean streetwear,,en,MODE_GRAMMAR,RULE_SELECTED,PENDING_EMPIRICAL,UNKNOWN,PENDING,NOT_YET_TESTED,PENDING_DOM_EXTRACTION,,COMPOSED,,,,,,N/A,,ORIGIN-NOUN-COMPOSED-1.0,NOT_REQUIRED,,PENDING_EMPIRICAL_VALIDATION,,,,,,https://trends.google.com/trends/explore?date=2018-01-01%202026-08-09&geo=GB&q=Korean%20streetwear&hl=en,한국 스트릿웨어 · 소비양식 문법 · 영국(en) 조합,,,한국 스트릿웨어,KCONSUMER_COMPOSED_V1
GB|KFASHION|KFASHION_G07,GB,KFASHION,KFASHION_G07,,keyword,Korean clothing online shop,,en,MODE_GRAMMAR,RULE_SELECTED,PENDING_EMPIRICAL,UNKNOWN,PENDING,NOT_YET_TESTED,PENDING_DOM_EXTRACTION,,COMPOSED,,,,,,N/A,,ORIGIN-NOUN-COMPOSED-1.0,NOT_REQUIRED,,PENDING_EMPIRICAL_VALIDATION,,,,,,https://trends.google.com/trends/explore?date=2018-01-01%202026-08-09&geo=GB&q=Korean%20clothing%20online%20shop&hl=en,한국 옷 쇼핑몰 · 소비양식 문법 · 영국(en) 조합,,'한국 옷 쇼핑몰'은 플랫폼 브랜드명(무신사 등)으로 검색이 분산될 수 있음,한국 옷 쇼핑몰,KCONSUMER_COMPOSED_V1
GB|KFASHION|KFASHION_E01,GB,KFASHION,KFASHION_E01,,keyword,Korean bag,,en,EXPORT_REFERENCED,RULE_SELECTED,PENDING_EMPIRICAL,UNKNOWN,PENDING,NOT_YET_TESTED,PENDING_DOM_EXTRACTION,,COMPOSED,,,,,,N/A,,ORIGIN-NOUN-COMPOSED-1.0,NOT_REQUIRED,,PENDING_EMPIRICAL_VALIDATION,,,,,,https://trends.google.com/trends/explore?date=2018-01-01%202026-08-09&geo=GB&q=Korean%20bag&hl=en,가방 · 수출 참고 HS 420222·420221·420292 · 영국(en) 조합,,,가방,KCONSUMER_COMPOSED_V1
GB|KFASHION|KFASHION_E02,GB,KFASHION,KFASHION_E02,,keyword,Korean sunglasses,,en,EXPORT_REFERENCED,RULE_SELECTED,PENDING_EMPIRICAL,UNKNOWN,PENDING,NOT_YET_TESTED,PENDING_DOM_EXTRACTION,,COMPOSED,,,,,,N/A,,ORIGIN-NOUN-COMPOSED-1.0,NOT_REQUIRED,,PENDING_EMPIRICAL_VALIDATION,,,,,,https://trends.google.com/trends/explore?date=2018-01-01%202026-08-09&geo=GB&q=Korean%20sunglasses&hl=en,선글라스 · 수출 참고 HS 900410 · 영국(en) 조합,,,선글라스,KCONSUMER_COMPOSED_V1
GB|KFASHION|KFASHION_E03,GB,KFASHION,KFASHION_E03,,keyword,Korean sneakers,,en,EXPORT_REFERENCED,RULE_SELECTED,PENDING_EMPIRICAL,UNKNOWN,PENDING,NOT_YET_TESTED,PENDING_DOM_EXTRACTION,,COMPOSED,,,,,,N/A,,ORIGIN-NOUN-COMPOSED-1.0,NOT_REQUIRED,,PENDING_EMPIRICAL_VALIDATION,,,,,,https://trends.google.com/trends/explore?date=2018-01-01%202026-08-09&geo=GB&q=Korean%20sneakers&hl=en,스니커즈 · 수출 참고 HS 640411·640419 · 영국(en) 조합,,,스니커즈,KCONSUMER_COMPOSED_V1
GB|KFASHION|KFASHION_E04,GB,KFASHION,KFASHION_E04,,keyword,Korean t-shirt,,en,EXPORT_REFERENCED,RULE_SELECTED,PENDING_EMPIRICAL,UNKNOWN,PENDING,NOT_YET_TESTED,PENDING_DOM_EXTRACTION,,COMPOSED,,,,,,N/A,,ORIGIN-NOUN-COMPOSED-1.0,NOT_REQUIRED,,PENDING_EMPIRICAL_VALIDATION,,,,,,https://trends.google.com/trends/explore?date=2018-01-01%202026-08-09&geo=GB&q=Korean%20t-shirt&hl=en,티셔츠 · 수출 참고 HS 610910·610990 · 영국(en) 조합,,,티셔츠,KCONSUMER_COMPOSED_V1
GB|KFASHION|KFASHION_E05,GB,KFASHION,KFASHION_E05,,keyword,Korean jewelry,,en,EXPORT_REFERENCED,RULE_SELECTED,PENDING_EMPIRICAL,UNKNOWN,PENDING,NOT_YET_TESTED,PENDING_DOM_EXTRACTION,,COMPOSED,,,,,,N/A,,ORIGIN-NOUN-COMPOSED-1.0,NOT_REQUIRED,,PENDING_EMPIRICAL_VALIDATION,,,,,,https://trends.google.com/trends/explore?date=2018-01-01%202026-08-09&geo=GB&q=Korean%20jewelry&hl=en,주얼리 · 수출 참고 HS 711319·711719 · 영국(en) 조합,,주얼리 대역의 L1 대응 품목 711319 는 금 시세에 좌우된다 — L1 과 L3 의 괴리가 클 것으로 예상,주얼리,KCONSUMER_COMPOSED_V1
GB|KFASHION|KFASHION_E06,GB,KFASHION,KFASHION_E06,,keyword,Korean hat,,en,EXPORT_REFERENCED,RULE_SELECTED,PENDING_EMPIRICAL,UNKNOWN,PENDING,NOT_YET_TESTED,PENDING_DOM_EXTRACTION,,COMPOSED,,,,,,N/A,,ORIGIN-NOUN-COMPOSED-1.0,NOT_REQUIRED,,PENDING_EMPIRICAL_VALIDATION,,,,,,https://trends.google.com/trends/explore?date=2018-01-01%202026-08-09&geo=GB&q=Korean%20hat&hl=en,모자 · 수출 참고 HS 650500 · 영국(en) 조합,,,모자,KCONSUMER_COMPOSED_V1
GB|KFASHION|KFASHION_E07,GB,KFASHION,KFASHION_E07,,keyword,Korean coat,,en,EXPORT_REFERENCED,RULE_SELECTED,PENDING_EMPIRICAL,UNKNOWN,PENDING,NOT_YET_TESTED,PENDING_DOM_EXTRACTION,,COMPOSED,,,,,,N/A,,ORIGIN-NOUN-COMPOSED-1.0,NOT_REQUIRED,,PENDING_EMPIRICAL_VALIDATION,,,,,,https://trends.google.com/trends/explore?date=2018-01-01%202026-08-09&geo=GB&q=Korean%20coat&hl=en,아우터 · 수출 참고 HS 620240 · 영국(en) 조합,,,아우터,KCONSUMER_COMPOSED_V1
GB|KFASHION|KFASHION_P01,GB,KFASHION,KFASHION_P01,,keyword,Japanese fashion,,en,MODE_GRAMMAR,RULE_SELECTED,PENDING_EMPIRICAL,UNKNOWN,PENDING,NOT_YET_TESTED,PENDING_TOPIC_EXTRACTION,,COMPOSED,,,,,,N/A,,ORIGIN-NOUN-COMPOSED-1.0,NOT_REQUIRED,,PENDING_EMPIRICAL_VALIDATION,,,,,,https://trends.google.com/trends/explore?date=2018-01-01%202026-08-09&geo=GB&q=Japanese%20fashion&hl=en,[위약] 일본 패션 · 소비양식 문법 · 영국(en) 조합,,,[위약] 일본 패션 · TOPIC 후보,KCONSUMER_COMPOSED_V1
GB|KFASHION|KFASHION_P02,GB,KFASHION,KFASHION_P02,,keyword,Italian fashion,,en,MODE_GRAMMAR,RULE_SELECTED,PENDING_EMPIRICAL,UNKNOWN,PENDING,NOT_YET_TESTED,PENDING_TOPIC_EXTRACTION,,COMPOSED,,,,,,N/A,,ORIGIN-NOUN-COMPOSED-1.0,NOT_REQUIRED,,PENDING_EMPIRICAL_VALIDATION,,,,,,https://trends.google.com/trends/explore?date=2018-01-01%202026-08-09&geo=GB&q=Italian%20fashion&hl=en,[위약] 이탈리아 패션 · 소비양식 문법 · 영국(en) 조합,,,[위약] 이탈리아 패션 · TOPIC 후보,KCONSUMER_COMPOSED_V1
AU|KFOOD|KFOOD_G01,AU,KFOOD,KFOOD_G01,,keyword,Korean food,,en,MODE_GRAMMAR,RULE_SELECTED,PENDING_EMPIRICAL,UNKNOWN,PENDING,NOT_YET_TESTED,PENDING_TOPIC_EXTRACTION,,COMPOSED,,,,,,N/A,,ORIGIN-NOUN-COMPOSED-1.0,NOT_REQUIRED,,PENDING_EMPIRICAL_VALIDATION,,,,,,https://trends.google.com/trends/explore?date=2018-01-01%202026-08-09&geo=AU&q=Korean%20food&hl=en,한국 음식 · 소비양식 문법 · 호주(en) 조합,,,한국 음식 · TOPIC 후보,KCONSUMER_COMPOSED_V1
AU|KFOOD|KFOOD_G02,AU,KFOOD,KFOOD_G02,,keyword,K-food,,en,MODE_GRAMMAR,RULE_SELECTED,PENDING_EMPIRICAL,UNKNOWN,PENDING,NOT_YET_TESTED,PENDING_TOPIC_EXTRACTION,,ATOMIC_LEXEME,,,,,,N/A,,ATOMIC-LEXEME-1.0,NOT_REQUIRED,,PENDING_EMPIRICAL_VALIDATION,,,,,,https://trends.google.com/trends/explore?date=2018-01-01%202026-08-09&geo=AU&q=K-food&hl=en,K-food · 소비양식 문법 · 호주(en) 외래어,,,K-food · TOPIC 후보,KCONSUMER_COMPOSED_V1
AU|KFOOD|KFOOD_G03,AU,KFOOD,KFOOD_G03,,keyword,Korean food recipe,,en,MODE_GRAMMAR,RULE_SELECTED,PENDING_EMPIRICAL,UNKNOWN,PENDING,NOT_YET_TESTED,PENDING_DOM_EXTRACTION,,COMPOSED,,,,,,N/A,,ORIGIN-NOUN-COMPOSED-1.0,NOT_REQUIRED,,PENDING_EMPIRICAL_VALIDATION,,,,,,https://trends.google.com/trends/explore?date=2018-01-01%202026-08-09&geo=AU&q=Korean%20food%20recipe&hl=en,한국 요리법 · 소비양식 문법 · 호주(en) 조합,,,한국 요리법,KCONSUMER_COMPOSED_V1
AU|KFOOD|KFOOD_G04,AU,KFOOD,KFOOD_G04,,keyword,Korean restaurant,,en,MODE_GRAMMAR,RULE_SELECTED,PENDING_EMPIRICAL,UNKNOWN,PENDING,NOT_YET_TESTED,PENDING_DOM_EXTRACTION,,COMPOSED,,,,,,N/A,,ORIGIN-NOUN-COMPOSED-1.0,NOT_REQUIRED,,PENDING_EMPIRICAL_VALIDATION,,,,,,https://trends.google.com/trends/explore?date=2018-01-01%202026-08-09&geo=AU&q=Korean%20restaurant&hl=en,한식당 · 소비양식 문법 · 호주(en) 조합,,,한식당,KCONSUMER_COMPOSED_V1
AU|KFOOD|KFOOD_G05,AU,KFOOD,KFOOD_G05,,keyword,mukbang,,en,MODE_GRAMMAR,RULE_SELECTED,PENDING_EMPIRICAL,UNKNOWN,PENDING,NOT_YET_TESTED,PENDING_TOPIC_EXTRACTION,,ATOMIC_LEXEME,,,,,,N/A,,ATOMIC-LEXEME-1.0,NOT_REQUIRED,,PENDING_EMPIRICAL_VALIDATION,,,,,,https://trends.google.com/trends/explore?date=2018-01-01%202026-08-09&geo=AU&q=mukbang&hl=en,먹방 · 소비양식 문법 · 호주(en) 외래어,,먹방은 한국 기원어지만 이미 국제 장르명이 되어 비한국 콘텐츠를 포함한다 — 도메인 귀속이 약해지는 방향,먹방 · TOPIC 후보,KCONSUMER_COMPOSED_V1
AU|KFOOD|KFOOD_G06,AU,KFOOD,KFOOD_G06,,keyword,Korean street food,,en,MODE_GRAMMAR,RULE_SELECTED,PENDING_EMPIRICAL,UNKNOWN,PENDING,NOT_YET_TESTED,PENDING_DOM_EXTRACTION,,COMPOSED,,,,,,N/A,,ORIGIN-NOUN-COMPOSED-1.0,NOT_REQUIRED,,PENDING_EMPIRICAL_VALIDATION,,,,,,https://trends.google.com/trends/explore?date=2018-01-01%202026-08-09&geo=AU&q=Korean%20street%20food&hl=en,한국 길거리음식 · 소비양식 문법 · 호주(en) 조합,,,한국 길거리음식,KCONSUMER_COMPOSED_V1
AU|KFOOD|KFOOD_E01,AU,KFOOD,KFOOD_E01,,keyword,kimchi,,en,EXPORT_REFERENCED,RULE_SELECTED,PENDING_EMPIRICAL,UNKNOWN,PENDING,NOT_YET_TESTED,PENDING_TOPIC_EXTRACTION,,ATOMIC_LEXEME,,,,,,N/A,,ATOMIC-LEXEME-1.0,NOT_REQUIRED,,PENDING_EMPIRICAL_VALIDATION,,,,,,https://trends.google.com/trends/explore?date=2018-01-01%202026-08-09&geo=AU&q=kimchi&hl=en,김치 · 수출 참고 HS 200599 · 호주(en) 외래어,,일본은 자국산 김치를 대량 생산해 JP 신호에 국산 수요가 섞인다,김치 · TOPIC 후보,KCONSUMER_COMPOSED_V1
AU|KFOOD|KFOOD_E02,AU,KFOOD,KFOOD_E02,,keyword,Korean ramen,,en,EXPORT_REFERENCED,RULE_SELECTED,PENDING_EMPIRICAL,UNKNOWN,PENDING,NOT_YET_TESTED,PENDING_TOPIC_EXTRACTION,,COMPOSED,,,,,,N/A,,ORIGIN-NOUN-COMPOSED-1.0,NOT_REQUIRED,,PENDING_EMPIRICAL_VALIDATION,,,,,,https://trends.google.com/trends/explore?date=2018-01-01%202026-08-09&geo=AU&q=Korean%20ramen&hl=en,라면 · 수출 참고 HS 190230 · 호주(en) 조합,,'ramen' 단독은 일식이다. 전 언어에서 한국 수식어를 붙였으나 그만큼 검색량이 줄어 과소측정 가능,라면 · TOPIC 후보,KCONSUMER_COMPOSED_V1
AU|KFOOD|KFOOD_E03,AU,KFOOD,KFOOD_E03,,keyword,soju,,en,EXPORT_REFERENCED,RULE_SELECTED,PENDING_EMPIRICAL,UNKNOWN,PENDING,NOT_YET_TESTED,PENDING_TOPIC_EXTRACTION,,ATOMIC_LEXEME,,,,,,N/A,,ATOMIC-LEXEME-1.0,NOT_REQUIRED,,PENDING_EMPIRICAL_VALIDATION,,,,,,https://trends.google.com/trends/explore?date=2018-01-01%202026-08-09&geo=AU&q=soju&hl=en,소주 · 수출 참고 HS 220890·220870 · 호주(en) 외래어,,일본어 焼酎 는 일본 소주다. 韓国焼酎 로 한정했으나 ソジュ 표기와 분산될 수 있음,소주 · TOPIC 후보,KCONSUMER_COMPOSED_V1
AU|KFOOD|KFOOD_E04,AU,KFOOD,KFOOD_E04,,keyword,tteokbokki,,en,MODE_GRAMMAR,RULE_SELECTED,PENDING_EMPIRICAL,UNKNOWN,PENDING,NOT_YET_TESTED,PENDING_TOPIC_EXTRACTION,,ATOMIC_LEXEME,,,,,,N/A,,ATOMIC-LEXEME-1.0,NOT_REQUIRED,,PENDING_EMPIRICAL_VALIDATION,,,,,,https://trends.google.com/trends/explore?date=2018-01-01%202026-08-09&geo=AU&q=tteokbokki&hl=en,떡볶이 · 소비양식 문법 · 호주(en) 외래어,,,떡볶이 · TOPIC 후보,KCONSUMER_COMPOSED_V1
AU|KFOOD|KFOOD_E05,AU,KFOOD,KFOOD_E05,,keyword,Korean fried chicken,,en,MODE_GRAMMAR,RULE_SELECTED,PENDING_EMPIRICAL,UNKNOWN,PENDING,NOT_YET_TESTED,PENDING_DOM_EXTRACTION,,COMPOSED,,,,,,N/A,,ORIGIN-NOUN-COMPOSED-1.0,NOT_REQUIRED,,PENDING_EMPIRICAL_VALIDATION,,,,,,https://trends.google.com/trends/explore?date=2018-01-01%202026-08-09&geo=AU&q=Korean%20fried%20chicken&hl=en,한국 치킨 · 소비양식 문법 · 호주(en) 조합,,,한국 치킨,KCONSUMER_COMPOSED_V1
AU|KFOOD|KFOOD_E06,AU,KFOOD,KFOOD_E06,,keyword,Korean snacks,,en,EXPORT_REFERENCED,RULE_SELECTED,PENDING_EMPIRICAL,UNKNOWN,PENDING,NOT_YET_TESTED,PENDING_DOM_EXTRACTION,,COMPOSED,,,,,,N/A,,ORIGIN-NOUN-COMPOSED-1.0,NOT_REQUIRED,,PENDING_EMPIRICAL_VALIDATION,,,,,,https://trends.google.com/trends/explore?date=2018-01-01%202026-08-09&geo=AU&q=Korean%20snacks&hl=en,한국 과자 · 수출 참고 HS 190590·170490 · 호주(en) 조합,,,한국 과자,KCONSUMER_COMPOSED_V1
AU|KFOOD|KFOOD_E07,AU,KFOOD,KFOOD_E07,,keyword,Korean seaweed snack,,en,EXPORT_REFERENCED,RULE_SELECTED,PENDING_EMPIRICAL,UNKNOWN,PENDING,NOT_YET_TESTED,PENDING_DOM_EXTRACTION,,COMPOSED,,,,,,N/A,,ORIGIN-NOUN-COMPOSED-1.0,NOT_REQUIRED,,PENDING_EMPIRICAL_VALIDATION,,,,,,https://trends.google.com/trends/explore?date=2018-01-01%202026-08-09&geo=AU&q=Korean%20seaweed%20snack&hl=en,김 · 수출 참고 HS 121221 · 호주(en) 조합,,일본어 のり 단독은 일본산 김. 韓国のり 로 한정,김,KCONSUMER_COMPOSED_V1
AU|KFOOD|KFOOD_E08,AU,KFOOD,KFOOD_E08,,keyword,gochujang,,en,EXPORT_REFERENCED,RULE_SELECTED,PENDING_EMPIRICAL,UNKNOWN,PENDING,NOT_YET_TESTED,PENDING_TOPIC_EXTRACTION,,ATOMIC_LEXEME,,,,,,N/A,,ATOMIC-LEXEME-1.0,NOT_REQUIRED,,PENDING_EMPIRICAL_VALIDATION,,,,,,https://trends.google.com/trends/explore?date=2018-01-01%202026-08-09&geo=AU&q=gochujang&hl=en,고추장 · 수출 참고 HS 210390 · 호주(en) 외래어,,,고추장 · TOPIC 후보,KCONSUMER_COMPOSED_V1
AU|KFOOD|KFOOD_E09,AU,KFOOD,KFOOD_E09,,keyword,Korean ginseng,,en,EXPORT_REFERENCED,RULE_SELECTED,PENDING_EMPIRICAL,UNKNOWN,PENDING,NOT_YET_TESTED,PENDING_TOPIC_EXTRACTION,,ATOMIC_LEXEME,,,,,,N/A,,ATOMIC-LEXEME-1.0,NOT_REQUIRED,,PENDING_EMPIRICAL_VALIDATION,,,,,,https://trends.google.com/trends/explore?date=2018-01-01%202026-08-09&geo=AU&q=Korean%20ginseng&hl=en,인삼 · 수출 참고 HS 121120 · 호주(en) 외래어,,,인삼 · TOPIC 후보,KCONSUMER_COMPOSED_V1
AU|KFOOD|KFOOD_P01,AU,KFOOD,KFOOD_P01,,keyword,Japanese food,,en,MODE_GRAMMAR,RULE_SELECTED,PENDING_EMPIRICAL,UNKNOWN,PENDING,NOT_YET_TESTED,PENDING_TOPIC_EXTRACTION,,COMPOSED,,,,,,N/A,,ORIGIN-NOUN-COMPOSED-1.0,NOT_REQUIRED,,PENDING_EMPIRICAL_VALIDATION,,,,,,https://trends.google.com/trends/explore?date=2018-01-01%202026-08-09&geo=AU&q=Japanese%20food&hl=en,[위약] 일식 · 소비양식 문법 · 호주(en) 조합,,위약이지만 한식·일식은 대체재이자 보완재라 부호가 양쪽 다 가능 — 계수 부호까지 함께 볼 것,[위약] 일식 · TOPIC 후보,KCONSUMER_COMPOSED_V1
AU|KFOOD|KFOOD_P02,AU,KFOOD,KFOOD_P02,,keyword,Chinese food,,en,MODE_GRAMMAR,RULE_SELECTED,PENDING_EMPIRICAL,UNKNOWN,PENDING,NOT_YET_TESTED,PENDING_TOPIC_EXTRACTION,,COMPOSED,,,,,,N/A,,ORIGIN-NOUN-COMPOSED-1.0,NOT_REQUIRED,,PENDING_EMPIRICAL_VALIDATION,,,,,,https://trends.google.com/trends/explore?date=2018-01-01%202026-08-09&geo=AU&q=Chinese%20food&hl=en,[위약] 중식 · 소비양식 문법 · 호주(en) 조합,,,[위약] 중식 · TOPIC 후보,KCONSUMER_COMPOSED_V1
AU|KFOOD|KFOOD_P03,AU,KFOOD,KFOOD_P03,,keyword,Thai food,,en,MODE_GRAMMAR,RULE_SELECTED,PENDING_EMPIRICAL,UNKNOWN,PENDING,NOT_YET_TESTED,PENDING_TOPIC_EXTRACTION,,COMPOSED,,,,,,N/A,,ORIGIN-NOUN-COMPOSED-1.0,NOT_REQUIRED,,PENDING_EMPIRICAL_VALIDATION,,,,,,https://trends.google.com/trends/explore?date=2018-01-01%202026-08-09&geo=AU&q=Thai%20food&hl=en,[위약] 태국음식 · 소비양식 문법 · 호주(en) 조합,,,[위약] 태국음식 · TOPIC 후보,KCONSUMER_COMPOSED_V1
AU|KBEAUTY|KBEAUTY_G01,AU,KBEAUTY,KBEAUTY_G01,,keyword,Korean cosmetics,,en,MODE_GRAMMAR,RULE_SELECTED,PENDING_EMPIRICAL,UNKNOWN,PENDING,NOT_YET_TESTED,PENDING_TOPIC_EXTRACTION,,COMPOSED,,,,,,N/A,,ORIGIN-NOUN-COMPOSED-1.0,NOT_REQUIRED,,PENDING_EMPIRICAL_VALIDATION,,,,,,https://trends.google.com/trends/explore?date=2018-01-01%202026-08-09&geo=AU&q=Korean%20cosmetics&hl=en,한국 화장품 · 소비양식 문법 · 호주(en) 조합,,,한국 화장품 · TOPIC 후보,KCONSUMER_COMPOSED_V1
AU|KBEAUTY|KBEAUTY_G02,AU,KBEAUTY,KBEAUTY_G02,,keyword,K-beauty,,en,MODE_GRAMMAR,RULE_SELECTED,PENDING_EMPIRICAL,UNKNOWN,PENDING,NOT_YET_TESTED,PENDING_TOPIC_EXTRACTION,,ATOMIC_LEXEME,,,,,,N/A,,ATOMIC-LEXEME-1.0,NOT_REQUIRED,,PENDING_EMPIRICAL_VALIDATION,,,,,,https://trends.google.com/trends/explore?date=2018-01-01%202026-08-09&geo=AU&q=K-beauty&hl=en,K-beauty · 소비양식 문법 · 호주(en) 외래어,,,K-beauty · TOPIC 후보,KCONSUMER_COMPOSED_V1
AU|KBEAUTY|KBEAUTY_G03,AU,KBEAUTY,KBEAUTY_G03,,keyword,Korean skincare routine,,en,EXPORT_REFERENCED,RULE_SELECTED,PENDING_EMPIRICAL,UNKNOWN,PENDING,NOT_YET_TESTED,PENDING_DOM_EXTRACTION,,COMPOSED,,,,,,N/A,,ORIGIN-NOUN-COMPOSED-1.0,NOT_REQUIRED,,PENDING_EMPIRICAL_VALIDATION,,,,,,https://trends.google.com/trends/explore?date=2018-01-01%202026-08-09&geo=AU&q=Korean%20skincare%20routine&hl=en,한국 스킨케어 루틴 · 수출 참고 HS 330499 · 호주(en) 조합,,,한국 스킨케어 루틴,KCONSUMER_COMPOSED_V1
AU|KBEAUTY|KBEAUTY_G04,AU,KBEAUTY,KBEAUTY_G04,,keyword,Korean cosmetics brand,,en,MODE_GRAMMAR,RULE_SELECTED,PENDING_EMPIRICAL,UNKNOWN,PENDING,NOT_YET_TESTED,PENDING_DOM_EXTRACTION,,COMPOSED,,,,,,N/A,,ORIGIN-NOUN-COMPOSED-1.0,NOT_REQUIRED,,PENDING_EMPIRICAL_VALIDATION,,,,,,https://trends.google.com/trends/explore?date=2018-01-01%202026-08-09&geo=AU&q=Korean%20cosmetics%20brand&hl=en,한국 화장품 브랜드 · 소비양식 문법 · 호주(en) 조합,,,한국 화장품 브랜드,KCONSUMER_COMPOSED_V1
AU|KBEAUTY|KBEAUTY_G05,AU,KBEAUTY,KBEAUTY_G05,,keyword,Korean makeup tutorial,,en,EXPORT_REFERENCED,RULE_SELECTED,PENDING_EMPIRICAL,UNKNOWN,PENDING,NOT_YET_TESTED,PENDING_DOM_EXTRACTION,,COMPOSED,,,,,,N/A,,ORIGIN-NOUN-COMPOSED-1.0,NOT_REQUIRED,,PENDING_EMPIRICAL_VALIDATION,,,,,,https://trends.google.com/trends/explore?date=2018-01-01%202026-08-09&geo=AU&q=Korean%20makeup%20tutorial&hl=en,한국 메이크업 · 수출 참고 HS 330410·330420 · 호주(en) 조합,,,한국 메이크업,KCONSUMER_COMPOSED_V1
AU|KBEAUTY|KBEAUTY_G06,AU,KBEAUTY,KBEAUTY_G06,,keyword,glass skin,,en,MODE_GRAMMAR,RULE_SELECTED,PENDING_EMPIRICAL,UNKNOWN,PENDING,NOT_YET_TESTED,PENDING_TOPIC_EXTRACTION,,ATOMIC_LEXEME,,,,,,N/A,,ATOMIC-LEXEME-1.0,NOT_REQUIRED,,PENDING_EMPIRICAL_VALIDATION,,,,,,https://trends.google.com/trends/explore?date=2018-01-01%202026-08-09&geo=AU&q=glass%20skin&hl=en,글래스 스킨 · 소비양식 문법 · 호주(en) 외래어,,'glass skin' 은 한국 기원이나 글로벌 뷰티 용어로 확산돼 도메인 귀속이 약하다,글래스 스킨 · TOPIC 후보,KCONSUMER_COMPOSED_V1
AU|KBEAUTY|KBEAUTY_E01,AU,KBEAUTY,KBEAUTY_E01,,keyword,Korean serum,,en,EXPORT_REFERENCED,RULE_SELECTED,PENDING_EMPIRICAL,UNKNOWN,PENDING,NOT_YET_TESTED,PENDING_DOM_EXTRACTION,,COMPOSED,,,,,,N/A,,ORIGIN-NOUN-COMPOSED-1.0,NOT_REQUIRED,,PENDING_EMPIRICAL_VALIDATION,,,,,,https://trends.google.com/trends/explore?date=2018-01-01%202026-08-09&geo=AU&q=Korean%20serum&hl=en,세럼·에센스 · 수출 참고 HS 330499 · 호주(en) 조합,,,세럼·에센스,KCONSUMER_COMPOSED_V1
AU|KBEAUTY|KBEAUTY_E02,AU,KBEAUTY,KBEAUTY_E02,,keyword,Korean sheet mask,,en,EXPORT_REFERENCED,RULE_SELECTED,PENDING_EMPIRICAL,UNKNOWN,PENDING,NOT_YET_TESTED,PENDING_DOM_EXTRACTION,,COMPOSED,,,,,,N/A,,ORIGIN-NOUN-COMPOSED-1.0,NOT_REQUIRED,,PENDING_EMPIRICAL_VALIDATION,,,,,,https://trends.google.com/trends/explore?date=2018-01-01%202026-08-09&geo=AU&q=Korean%20sheet%20mask&hl=en,시트마스크 · 수출 참고 HS 330499 · 호주(en) 조합,,,시트마스크,KCONSUMER_COMPOSED_V1
AU|KBEAUTY|KBEAUTY_E03,AU,KBEAUTY,KBEAUTY_E03,,keyword,Korean sunscreen,,en,EXPORT_REFERENCED,RULE_SELECTED,PENDING_EMPIRICAL,UNKNOWN,PENDING,NOT_YET_TESTED,PENDING_DOM_EXTRACTION,,COMPOSED,,,,,,N/A,,ORIGIN-NOUN-COMPOSED-1.0,NOT_REQUIRED,,PENDING_EMPIRICAL_VALIDATION,,,,,,https://trends.google.com/trends/explore?date=2018-01-01%202026-08-09&geo=AU&q=Korean%20sunscreen&hl=en,선크림 · 수출 참고 HS 330499 · 호주(en) 조합,,,선크림,KCONSUMER_COMPOSED_V1
AU|KBEAUTY|KBEAUTY_E04,AU,KBEAUTY,KBEAUTY_E04,,keyword,Korean cushion foundation,,en,EXPORT_REFERENCED,RULE_SELECTED,PENDING_EMPIRICAL,UNKNOWN,PENDING,NOT_YET_TESTED,PENDING_DOM_EXTRACTION,,COMPOSED,,,,,,N/A,,ORIGIN-NOUN-COMPOSED-1.0,NOT_REQUIRED,,PENDING_EMPIRICAL_VALIDATION,,,,,,https://trends.google.com/trends/explore?date=2018-01-01%202026-08-09&geo=AU&q=Korean%20cushion%20foundation&hl=en,쿠션 파운데이션 · 수출 참고 HS 330491·961620 · 호주(en) 조합,,쿠션은 한국이 만든 제형이라 원산지 수식 없이도 한국 신호일 수 있다 — 수식어를 붙여 과소측정될 위험,쿠션 파운데이션,KCONSUMER_COMPOSED_V1
AU|KBEAUTY|KBEAUTY_E05,AU,KBEAUTY,KBEAUTY_E05,,keyword,Korean lip tint,,en,EXPORT_REFERENCED,RULE_SELECTED,PENDING_EMPIRICAL,UNKNOWN,PENDING,NOT_YET_TESTED,PENDING_DOM_EXTRACTION,,COMPOSED,,,,,,N/A,,ORIGIN-NOUN-COMPOSED-1.0,NOT_REQUIRED,,PENDING_EMPIRICAL_VALIDATION,,,,,,https://trends.google.com/trends/explore?date=2018-01-01%202026-08-09&geo=AU&q=Korean%20lip%20tint&hl=en,립틴트 · 수출 참고 HS 330410 · 호주(en) 조합,,,립틴트,KCONSUMER_COMPOSED_V1
AU|KBEAUTY|KBEAUTY_E06,AU,KBEAUTY,KBEAUTY_E06,,keyword,Korean cleanser,,en,EXPORT_REFERENCED,RULE_SELECTED,PENDING_EMPIRICAL,UNKNOWN,PENDING,NOT_YET_TESTED,PENDING_DOM_EXTRACTION,,COMPOSED,,,,,,N/A,,ORIGIN-NOUN-COMPOSED-1.0,NOT_REQUIRED,,PENDING_EMPIRICAL_VALIDATION,,,,,,https://trends.google.com/trends/explore?date=2018-01-01%202026-08-09&geo=AU&q=Korean%20cleanser&hl=en,클렌징 · 수출 참고 HS 340130 · 호주(en) 조합,,,클렌징,KCONSUMER_COMPOSED_V1
AU|KBEAUTY|KBEAUTY_E07,AU,KBEAUTY,KBEAUTY_E07,,keyword,Korean hair care,,en,EXPORT_REFERENCED,RULE_SELECTED,PENDING_EMPIRICAL,UNKNOWN,PENDING,NOT_YET_TESTED,PENDING_DOM_EXTRACTION,,COMPOSED,,,,,,N/A,,ORIGIN-NOUN-COMPOSED-1.0,NOT_REQUIRED,,PENDING_EMPIRICAL_VALIDATION,,,,,,https://trends.google.com/trends/explore?date=2018-01-01%202026-08-09&geo=AU&q=Korean%20hair%20care&hl=en,헤어케어 · 수출 참고 HS 330590·330510 · 호주(en) 조합,,,헤어케어,KCONSUMER_COMPOSED_V1
AU|KBEAUTY|KBEAUTY_E08,AU,KBEAUTY,KBEAUTY_E08,,keyword,Korean perfume,,en,EXPORT_REFERENCED,RULE_SELECTED,PENDING_EMPIRICAL,UNKNOWN,PENDING,NOT_YET_TESTED,PENDING_DOM_EXTRACTION,,COMPOSED,,,,,,N/A,,ORIGIN-NOUN-COMPOSED-1.0,NOT_REQUIRED,,PENDING_EMPIRICAL_VALIDATION,,,,,,https://trends.google.com/trends/explore?date=2018-01-01%202026-08-09&geo=AU&q=Korean%20perfume&hl=en,향수 · 수출 참고 HS 330300·330790 · 호주(en) 조합,,,향수,KCONSUMER_COMPOSED_V1
AU|KBEAUTY|KBEAUTY_P01,AU,KBEAUTY,KBEAUTY_P01,,keyword,Japanese cosmetics,,en,MODE_GRAMMAR,RULE_SELECTED,PENDING_EMPIRICAL,UNKNOWN,PENDING,NOT_YET_TESTED,PENDING_TOPIC_EXTRACTION,,COMPOSED,,,,,,N/A,,ORIGIN-NOUN-COMPOSED-1.0,NOT_REQUIRED,,PENDING_EMPIRICAL_VALIDATION,,,,,,https://trends.google.com/trends/explore?date=2018-01-01%202026-08-09&geo=AU&q=Japanese%20cosmetics&hl=en,[위약] 일본 화장품 · 소비양식 문법 · 호주(en) 조합,,,[위약] 일본 화장품 · TOPIC 후보,KCONSUMER_COMPOSED_V1
AU|KBEAUTY|KBEAUTY_P02,AU,KBEAUTY,KBEAUTY_P02,,keyword,French cosmetics,,en,MODE_GRAMMAR,RULE_SELECTED,PENDING_EMPIRICAL,UNKNOWN,PENDING,NOT_YET_TESTED,PENDING_TOPIC_EXTRACTION,,COMPOSED,,,,,,N/A,,ORIGIN-NOUN-COMPOSED-1.0,NOT_REQUIRED,,PENDING_EMPIRICAL_VALIDATION,,,,,,https://trends.google.com/trends/explore?date=2018-01-01%202026-08-09&geo=AU&q=French%20cosmetics&hl=en,[위약] 프랑스 화장품 · 소비양식 문법 · 호주(en) 조합,,,[위약] 프랑스 화장품 · TOPIC 후보,KCONSUMER_COMPOSED_V1
AU|KFASHION|KFASHION_G01,AU,KFASHION,KFASHION_G01,,keyword,Korean fashion,,en,MODE_GRAMMAR,RULE_SELECTED,PENDING_EMPIRICAL,UNKNOWN,PENDING,NOT_YET_TESTED,PENDING_TOPIC_EXTRACTION,,COMPOSED,,,,,,N/A,,ORIGIN-NOUN-COMPOSED-1.0,NOT_REQUIRED,,PENDING_EMPIRICAL_VALIDATION,,,,,,https://trends.google.com/trends/explore?date=2018-01-01%202026-08-09&geo=AU&q=Korean%20fashion&hl=en,한국 패션 · 소비양식 문법 · 호주(en) 조합,,,한국 패션 · TOPIC 후보,KCONSUMER_COMPOSED_V1
AU|KFASHION|KFASHION_G02,AU,KFASHION,KFASHION_G02,,keyword,K-fashion,,en,MODE_GRAMMAR,RULE_SELECTED,PENDING_EMPIRICAL,UNKNOWN,PENDING,NOT_YET_TESTED,PENDING_TOPIC_EXTRACTION,,ATOMIC_LEXEME,,,,,,N/A,,ATOMIC-LEXEME-1.0,NOT_REQUIRED,,PENDING_EMPIRICAL_VALIDATION,,,,,,https://trends.google.com/trends/explore?date=2018-01-01%202026-08-09&geo=AU&q=K-fashion&hl=en,K-fashion · 소비양식 문법 · 호주(en) 외래어,,,K-fashion · TOPIC 후보,KCONSUMER_COMPOSED_V1
AU|KFASHION|KFASHION_G03,AU,KFASHION,KFASHION_G03,,keyword,Korean style,,en,MODE_GRAMMAR,RULE_SELECTED,PENDING_EMPIRICAL,UNKNOWN,PENDING,NOT_YET_TESTED,PENDING_DOM_EXTRACTION,,COMPOSED,,,,,,N/A,,ORIGIN-NOUN-COMPOSED-1.0,NOT_REQUIRED,,PENDING_EMPIRICAL_VALIDATION,,,,,,https://trends.google.com/trends/explore?date=2018-01-01%202026-08-09&geo=AU&q=Korean%20style&hl=en,한국 스타일 코디 · 소비양식 문법 · 호주(en) 조합,,,한국 스타일 코디,KCONSUMER_COMPOSED_V1
AU|KFASHION|KFASHION_G04,AU,KFASHION,KFASHION_G04,,keyword,Korean fashion brand,,en,MODE_GRAMMAR,RULE_SELECTED,PENDING_EMPIRICAL,UNKNOWN,PENDING,NOT_YET_TESTED,PENDING_DOM_EXTRACTION,,COMPOSED,,,,,,N/A,,ORIGIN-NOUN-COMPOSED-1.0,NOT_REQUIRED,,PENDING_EMPIRICAL_VALIDATION,,,,,,https://trends.google.com/trends/explore?date=2018-01-01%202026-08-09&geo=AU&q=Korean%20fashion%20brand&hl=en,한국 패션 브랜드 · 소비양식 문법 · 호주(en) 조합,,,한국 패션 브랜드,KCONSUMER_COMPOSED_V1
AU|KFASHION|KFASHION_G05,AU,KFASHION,KFASHION_G05,,keyword,Korean idol fashion,,en,MODE_GRAMMAR,RULE_SELECTED,PENDING_EMPIRICAL,UNKNOWN,PENDING,NOT_YET_TESTED,PENDING_DOM_EXTRACTION,,COMPOSED,,,,,,N/A,,ORIGIN-NOUN-COMPOSED-1.0,NOT_REQUIRED,,PENDING_EMPIRICAL_VALIDATION,,,,,,https://trends.google.com/trends/explore?date=2018-01-01%202026-08-09&geo=AU&q=Korean%20idol%20fashion&hl=en,아이돌 패션 · 소비양식 문법 · 호주(en) 조합,,아이돌 패션은 K-Pop 도메인과 겹친다. KPOP 계열과의 상관을 먼저 확인할 것,아이돌 패션,KCONSUMER_COMPOSED_V1
AU|KFASHION|KFASHION_G06,AU,KFASHION,KFASHION_G06,,keyword,Korean streetwear,,en,MODE_GRAMMAR,RULE_SELECTED,PENDING_EMPIRICAL,UNKNOWN,PENDING,NOT_YET_TESTED,PENDING_DOM_EXTRACTION,,COMPOSED,,,,,,N/A,,ORIGIN-NOUN-COMPOSED-1.0,NOT_REQUIRED,,PENDING_EMPIRICAL_VALIDATION,,,,,,https://trends.google.com/trends/explore?date=2018-01-01%202026-08-09&geo=AU&q=Korean%20streetwear&hl=en,한국 스트릿웨어 · 소비양식 문법 · 호주(en) 조합,,,한국 스트릿웨어,KCONSUMER_COMPOSED_V1
AU|KFASHION|KFASHION_G07,AU,KFASHION,KFASHION_G07,,keyword,Korean clothing online shop,,en,MODE_GRAMMAR,RULE_SELECTED,PENDING_EMPIRICAL,UNKNOWN,PENDING,NOT_YET_TESTED,PENDING_DOM_EXTRACTION,,COMPOSED,,,,,,N/A,,ORIGIN-NOUN-COMPOSED-1.0,NOT_REQUIRED,,PENDING_EMPIRICAL_VALIDATION,,,,,,https://trends.google.com/trends/explore?date=2018-01-01%202026-08-09&geo=AU&q=Korean%20clothing%20online%20shop&hl=en,한국 옷 쇼핑몰 · 소비양식 문법 · 호주(en) 조합,,'한국 옷 쇼핑몰'은 플랫폼 브랜드명(무신사 등)으로 검색이 분산될 수 있음,한국 옷 쇼핑몰,KCONSUMER_COMPOSED_V1
AU|KFASHION|KFASHION_E01,AU,KFASHION,KFASHION_E01,,keyword,Korean bag,,en,EXPORT_REFERENCED,RULE_SELECTED,PENDING_EMPIRICAL,UNKNOWN,PENDING,NOT_YET_TESTED,PENDING_DOM_EXTRACTION,,COMPOSED,,,,,,N/A,,ORIGIN-NOUN-COMPOSED-1.0,NOT_REQUIRED,,PENDING_EMPIRICAL_VALIDATION,,,,,,https://trends.google.com/trends/explore?date=2018-01-01%202026-08-09&geo=AU&q=Korean%20bag&hl=en,가방 · 수출 참고 HS 420222·420221·420292 · 호주(en) 조합,,,가방,KCONSUMER_COMPOSED_V1
AU|KFASHION|KFASHION_E02,AU,KFASHION,KFASHION_E02,,keyword,Korean sunglasses,,en,EXPORT_REFERENCED,RULE_SELECTED,PENDING_EMPIRICAL,UNKNOWN,PENDING,NOT_YET_TESTED,PENDING_DOM_EXTRACTION,,COMPOSED,,,,,,N/A,,ORIGIN-NOUN-COMPOSED-1.0,NOT_REQUIRED,,PENDING_EMPIRICAL_VALIDATION,,,,,,https://trends.google.com/trends/explore?date=2018-01-01%202026-08-09&geo=AU&q=Korean%20sunglasses&hl=en,선글라스 · 수출 참고 HS 900410 · 호주(en) 조합,,,선글라스,KCONSUMER_COMPOSED_V1
AU|KFASHION|KFASHION_E03,AU,KFASHION,KFASHION_E03,,keyword,Korean sneakers,,en,EXPORT_REFERENCED,RULE_SELECTED,PENDING_EMPIRICAL,UNKNOWN,PENDING,NOT_YET_TESTED,PENDING_DOM_EXTRACTION,,COMPOSED,,,,,,N/A,,ORIGIN-NOUN-COMPOSED-1.0,NOT_REQUIRED,,PENDING_EMPIRICAL_VALIDATION,,,,,,https://trends.google.com/trends/explore?date=2018-01-01%202026-08-09&geo=AU&q=Korean%20sneakers&hl=en,스니커즈 · 수출 참고 HS 640411·640419 · 호주(en) 조합,,,스니커즈,KCONSUMER_COMPOSED_V1
AU|KFASHION|KFASHION_E04,AU,KFASHION,KFASHION_E04,,keyword,Korean t-shirt,,en,EXPORT_REFERENCED,RULE_SELECTED,PENDING_EMPIRICAL,UNKNOWN,PENDING,NOT_YET_TESTED,PENDING_DOM_EXTRACTION,,COMPOSED,,,,,,N/A,,ORIGIN-NOUN-COMPOSED-1.0,NOT_REQUIRED,,PENDING_EMPIRICAL_VALIDATION,,,,,,https://trends.google.com/trends/explore?date=2018-01-01%202026-08-09&geo=AU&q=Korean%20t-shirt&hl=en,티셔츠 · 수출 참고 HS 610910·610990 · 호주(en) 조합,,,티셔츠,KCONSUMER_COMPOSED_V1
AU|KFASHION|KFASHION_E05,AU,KFASHION,KFASHION_E05,,keyword,Korean jewelry,,en,EXPORT_REFERENCED,RULE_SELECTED,PENDING_EMPIRICAL,UNKNOWN,PENDING,NOT_YET_TESTED,PENDING_DOM_EXTRACTION,,COMPOSED,,,,,,N/A,,ORIGIN-NOUN-COMPOSED-1.0,NOT_REQUIRED,,PENDING_EMPIRICAL_VALIDATION,,,,,,https://trends.google.com/trends/explore?date=2018-01-01%202026-08-09&geo=AU&q=Korean%20jewelry&hl=en,주얼리 · 수출 참고 HS 711319·711719 · 호주(en) 조합,,주얼리 대역의 L1 대응 품목 711319 는 금 시세에 좌우된다 — L1 과 L3 의 괴리가 클 것으로 예상,주얼리,KCONSUMER_COMPOSED_V1
AU|KFASHION|KFASHION_E06,AU,KFASHION,KFASHION_E06,,keyword,Korean hat,,en,EXPORT_REFERENCED,RULE_SELECTED,PENDING_EMPIRICAL,UNKNOWN,PENDING,NOT_YET_TESTED,PENDING_DOM_EXTRACTION,,COMPOSED,,,,,,N/A,,ORIGIN-NOUN-COMPOSED-1.0,NOT_REQUIRED,,PENDING_EMPIRICAL_VALIDATION,,,,,,https://trends.google.com/trends/explore?date=2018-01-01%202026-08-09&geo=AU&q=Korean%20hat&hl=en,모자 · 수출 참고 HS 650500 · 호주(en) 조합,,,모자,KCONSUMER_COMPOSED_V1
AU|KFASHION|KFASHION_E07,AU,KFASHION,KFASHION_E07,,keyword,Korean coat,,en,EXPORT_REFERENCED,RULE_SELECTED,PENDING_EMPIRICAL,UNKNOWN,PENDING,NOT_YET_TESTED,PENDING_DOM_EXTRACTION,,COMPOSED,,,,,,N/A,,ORIGIN-NOUN-COMPOSED-1.0,NOT_REQUIRED,,PENDING_EMPIRICAL_VALIDATION,,,,,,https://trends.google.com/trends/explore?date=2018-01-01%202026-08-09&geo=AU&q=Korean%20coat&hl=en,아우터 · 수출 참고 HS 620240 · 호주(en) 조합,,,아우터,KCONSUMER_COMPOSED_V1
AU|KFASHION|KFASHION_P01,AU,KFASHION,KFASHION_P01,,keyword,Japanese fashion,,en,MODE_GRAMMAR,RULE_SELECTED,PENDING_EMPIRICAL,UNKNOWN,PENDING,NOT_YET_TESTED,PENDING_TOPIC_EXTRACTION,,COMPOSED,,,,,,N/A,,ORIGIN-NOUN-COMPOSED-1.0,NOT_REQUIRED,,PENDING_EMPIRICAL_VALIDATION,,,,,,https://trends.google.com/trends/explore?date=2018-01-01%202026-08-09&geo=AU&q=Japanese%20fashion&hl=en,[위약] 일본 패션 · 소비양식 문법 · 호주(en) 조합,,,[위약] 일본 패션 · TOPIC 후보,KCONSUMER_COMPOSED_V1
AU|KFASHION|KFASHION_P02,AU,KFASHION,KFASHION_P02,,keyword,Italian fashion,,en,MODE_GRAMMAR,RULE_SELECTED,PENDING_EMPIRICAL,UNKNOWN,PENDING,NOT_YET_TESTED,PENDING_TOPIC_EXTRACTION,,COMPOSED,,,,,,N/A,,ORIGIN-NOUN-COMPOSED-1.0,NOT_REQUIRED,,PENDING_EMPIRICAL_VALIDATION,,,,,,https://trends.google.com/trends/explore?date=2018-01-01%202026-08-09&geo=AU&q=Italian%20fashion&hl=en,[위약] 이탈리아 패션 · 소비양식 문법 · 호주(en) 조합,,,[위약] 이탈리아 패션 · TOPIC 후보,KCONSUMER_COMPOSED_V1
ZA|KFOOD|KFOOD_G01,ZA,KFOOD,KFOOD_G01,,keyword,Korean food,,en,MODE_GRAMMAR,RULE_SELECTED,PENDING_EMPIRICAL,UNKNOWN,PENDING,NOT_YET_TESTED,PENDING_TOPIC_EXTRACTION,,COMPOSED,,,,,,N/A,,ORIGIN-NOUN-COMPOSED-1.0,NOT_REQUIRED,,PENDING_EMPIRICAL_VALIDATION,,,,,,https://trends.google.com/trends/explore?date=2018-01-01%202026-08-09&geo=ZA&q=Korean%20food&hl=en,한국 음식 · 소비양식 문법 · 남아공(en) 조합,,,한국 음식 · TOPIC 후보,KCONSUMER_COMPOSED_V1
ZA|KFOOD|KFOOD_G02,ZA,KFOOD,KFOOD_G02,,keyword,K-food,,en,MODE_GRAMMAR,RULE_SELECTED,PENDING_EMPIRICAL,UNKNOWN,PENDING,NOT_YET_TESTED,PENDING_TOPIC_EXTRACTION,,ATOMIC_LEXEME,,,,,,N/A,,ATOMIC-LEXEME-1.0,NOT_REQUIRED,,PENDING_EMPIRICAL_VALIDATION,,,,,,https://trends.google.com/trends/explore?date=2018-01-01%202026-08-09&geo=ZA&q=K-food&hl=en,K-food · 소비양식 문법 · 남아공(en) 외래어,,,K-food · TOPIC 후보,KCONSUMER_COMPOSED_V1
ZA|KFOOD|KFOOD_G03,ZA,KFOOD,KFOOD_G03,,keyword,Korean food recipe,,en,MODE_GRAMMAR,RULE_SELECTED,PENDING_EMPIRICAL,UNKNOWN,PENDING,NOT_YET_TESTED,PENDING_DOM_EXTRACTION,,COMPOSED,,,,,,N/A,,ORIGIN-NOUN-COMPOSED-1.0,NOT_REQUIRED,,PENDING_EMPIRICAL_VALIDATION,,,,,,https://trends.google.com/trends/explore?date=2018-01-01%202026-08-09&geo=ZA&q=Korean%20food%20recipe&hl=en,한국 요리법 · 소비양식 문법 · 남아공(en) 조합,,,한국 요리법,KCONSUMER_COMPOSED_V1
ZA|KFOOD|KFOOD_G04,ZA,KFOOD,KFOOD_G04,,keyword,Korean restaurant,,en,MODE_GRAMMAR,RULE_SELECTED,PENDING_EMPIRICAL,UNKNOWN,PENDING,NOT_YET_TESTED,PENDING_DOM_EXTRACTION,,COMPOSED,,,,,,N/A,,ORIGIN-NOUN-COMPOSED-1.0,NOT_REQUIRED,,PENDING_EMPIRICAL_VALIDATION,,,,,,https://trends.google.com/trends/explore?date=2018-01-01%202026-08-09&geo=ZA&q=Korean%20restaurant&hl=en,한식당 · 소비양식 문법 · 남아공(en) 조합,,,한식당,KCONSUMER_COMPOSED_V1
ZA|KFOOD|KFOOD_G05,ZA,KFOOD,KFOOD_G05,,keyword,mukbang,,en,MODE_GRAMMAR,RULE_SELECTED,PENDING_EMPIRICAL,UNKNOWN,PENDING,NOT_YET_TESTED,PENDING_TOPIC_EXTRACTION,,ATOMIC_LEXEME,,,,,,N/A,,ATOMIC-LEXEME-1.0,NOT_REQUIRED,,PENDING_EMPIRICAL_VALIDATION,,,,,,https://trends.google.com/trends/explore?date=2018-01-01%202026-08-09&geo=ZA&q=mukbang&hl=en,먹방 · 소비양식 문법 · 남아공(en) 외래어,,먹방은 한국 기원어지만 이미 국제 장르명이 되어 비한국 콘텐츠를 포함한다 — 도메인 귀속이 약해지는 방향,먹방 · TOPIC 후보,KCONSUMER_COMPOSED_V1
ZA|KFOOD|KFOOD_G06,ZA,KFOOD,KFOOD_G06,,keyword,Korean street food,,en,MODE_GRAMMAR,RULE_SELECTED,PENDING_EMPIRICAL,UNKNOWN,PENDING,NOT_YET_TESTED,PENDING_DOM_EXTRACTION,,COMPOSED,,,,,,N/A,,ORIGIN-NOUN-COMPOSED-1.0,NOT_REQUIRED,,PENDING_EMPIRICAL_VALIDATION,,,,,,https://trends.google.com/trends/explore?date=2018-01-01%202026-08-09&geo=ZA&q=Korean%20street%20food&hl=en,한국 길거리음식 · 소비양식 문법 · 남아공(en) 조합,,,한국 길거리음식,KCONSUMER_COMPOSED_V1
ZA|KFOOD|KFOOD_E01,ZA,KFOOD,KFOOD_E01,,keyword,kimchi,,en,EXPORT_REFERENCED,RULE_SELECTED,PENDING_EMPIRICAL,UNKNOWN,PENDING,NOT_YET_TESTED,PENDING_TOPIC_EXTRACTION,,ATOMIC_LEXEME,,,,,,N/A,,ATOMIC-LEXEME-1.0,NOT_REQUIRED,,PENDING_EMPIRICAL_VALIDATION,,,,,,https://trends.google.com/trends/explore?date=2018-01-01%202026-08-09&geo=ZA&q=kimchi&hl=en,김치 · 수출 참고 HS 200599 · 남아공(en) 외래어,,일본은 자국산 김치를 대량 생산해 JP 신호에 국산 수요가 섞인다,김치 · TOPIC 후보,KCONSUMER_COMPOSED_V1
ZA|KFOOD|KFOOD_E02,ZA,KFOOD,KFOOD_E02,,keyword,Korean ramen,,en,EXPORT_REFERENCED,RULE_SELECTED,PENDING_EMPIRICAL,UNKNOWN,PENDING,NOT_YET_TESTED,PENDING_TOPIC_EXTRACTION,,COMPOSED,,,,,,N/A,,ORIGIN-NOUN-COMPOSED-1.0,NOT_REQUIRED,,PENDING_EMPIRICAL_VALIDATION,,,,,,https://trends.google.com/trends/explore?date=2018-01-01%202026-08-09&geo=ZA&q=Korean%20ramen&hl=en,라면 · 수출 참고 HS 190230 · 남아공(en) 조합,,'ramen' 단독은 일식이다. 전 언어에서 한국 수식어를 붙였으나 그만큼 검색량이 줄어 과소측정 가능,라면 · TOPIC 후보,KCONSUMER_COMPOSED_V1
ZA|KFOOD|KFOOD_E03,ZA,KFOOD,KFOOD_E03,,keyword,soju,,en,EXPORT_REFERENCED,RULE_SELECTED,PENDING_EMPIRICAL,UNKNOWN,PENDING,NOT_YET_TESTED,PENDING_TOPIC_EXTRACTION,,ATOMIC_LEXEME,,,,,,N/A,,ATOMIC-LEXEME-1.0,NOT_REQUIRED,,PENDING_EMPIRICAL_VALIDATION,,,,,,https://trends.google.com/trends/explore?date=2018-01-01%202026-08-09&geo=ZA&q=soju&hl=en,소주 · 수출 참고 HS 220890·220870 · 남아공(en) 외래어,,일본어 焼酎 는 일본 소주다. 韓国焼酎 로 한정했으나 ソジュ 표기와 분산될 수 있음,소주 · TOPIC 후보,KCONSUMER_COMPOSED_V1
ZA|KFOOD|KFOOD_E04,ZA,KFOOD,KFOOD_E04,,keyword,tteokbokki,,en,MODE_GRAMMAR,RULE_SELECTED,PENDING_EMPIRICAL,UNKNOWN,PENDING,NOT_YET_TESTED,PENDING_TOPIC_EXTRACTION,,ATOMIC_LEXEME,,,,,,N/A,,ATOMIC-LEXEME-1.0,NOT_REQUIRED,,PENDING_EMPIRICAL_VALIDATION,,,,,,https://trends.google.com/trends/explore?date=2018-01-01%202026-08-09&geo=ZA&q=tteokbokki&hl=en,떡볶이 · 소비양식 문법 · 남아공(en) 외래어,,,떡볶이 · TOPIC 후보,KCONSUMER_COMPOSED_V1
ZA|KFOOD|KFOOD_E05,ZA,KFOOD,KFOOD_E05,,keyword,Korean fried chicken,,en,MODE_GRAMMAR,RULE_SELECTED,PENDING_EMPIRICAL,UNKNOWN,PENDING,NOT_YET_TESTED,PENDING_DOM_EXTRACTION,,COMPOSED,,,,,,N/A,,ORIGIN-NOUN-COMPOSED-1.0,NOT_REQUIRED,,PENDING_EMPIRICAL_VALIDATION,,,,,,https://trends.google.com/trends/explore?date=2018-01-01%202026-08-09&geo=ZA&q=Korean%20fried%20chicken&hl=en,한국 치킨 · 소비양식 문법 · 남아공(en) 조합,,,한국 치킨,KCONSUMER_COMPOSED_V1
ZA|KFOOD|KFOOD_E06,ZA,KFOOD,KFOOD_E06,,keyword,Korean snacks,,en,EXPORT_REFERENCED,RULE_SELECTED,PENDING_EMPIRICAL,UNKNOWN,PENDING,NOT_YET_TESTED,PENDING_DOM_EXTRACTION,,COMPOSED,,,,,,N/A,,ORIGIN-NOUN-COMPOSED-1.0,NOT_REQUIRED,,PENDING_EMPIRICAL_VALIDATION,,,,,,https://trends.google.com/trends/explore?date=2018-01-01%202026-08-09&geo=ZA&q=Korean%20snacks&hl=en,한국 과자 · 수출 참고 HS 190590·170490 · 남아공(en) 조합,,,한국 과자,KCONSUMER_COMPOSED_V1
ZA|KFOOD|KFOOD_E07,ZA,KFOOD,KFOOD_E07,,keyword,Korean seaweed snack,,en,EXPORT_REFERENCED,RULE_SELECTED,PENDING_EMPIRICAL,UNKNOWN,PENDING,NOT_YET_TESTED,PENDING_DOM_EXTRACTION,,COMPOSED,,,,,,N/A,,ORIGIN-NOUN-COMPOSED-1.0,NOT_REQUIRED,,PENDING_EMPIRICAL_VALIDATION,,,,,,https://trends.google.com/trends/explore?date=2018-01-01%202026-08-09&geo=ZA&q=Korean%20seaweed%20snack&hl=en,김 · 수출 참고 HS 121221 · 남아공(en) 조합,,일본어 のり 단독은 일본산 김. 韓国のり 로 한정,김,KCONSUMER_COMPOSED_V1
ZA|KFOOD|KFOOD_E08,ZA,KFOOD,KFOOD_E08,,keyword,gochujang,,en,EXPORT_REFERENCED,RULE_SELECTED,PENDING_EMPIRICAL,UNKNOWN,PENDING,NOT_YET_TESTED,PENDING_TOPIC_EXTRACTION,,ATOMIC_LEXEME,,,,,,N/A,,ATOMIC-LEXEME-1.0,NOT_REQUIRED,,PENDING_EMPIRICAL_VALIDATION,,,,,,https://trends.google.com/trends/explore?date=2018-01-01%202026-08-09&geo=ZA&q=gochujang&hl=en,고추장 · 수출 참고 HS 210390 · 남아공(en) 외래어,,,고추장 · TOPIC 후보,KCONSUMER_COMPOSED_V1
ZA|KFOOD|KFOOD_E09,ZA,KFOOD,KFOOD_E09,,keyword,Korean ginseng,,en,EXPORT_REFERENCED,RULE_SELECTED,PENDING_EMPIRICAL,UNKNOWN,PENDING,NOT_YET_TESTED,PENDING_TOPIC_EXTRACTION,,ATOMIC_LEXEME,,,,,,N/A,,ATOMIC-LEXEME-1.0,NOT_REQUIRED,,PENDING_EMPIRICAL_VALIDATION,,,,,,https://trends.google.com/trends/explore?date=2018-01-01%202026-08-09&geo=ZA&q=Korean%20ginseng&hl=en,인삼 · 수출 참고 HS 121120 · 남아공(en) 외래어,,,인삼 · TOPIC 후보,KCONSUMER_COMPOSED_V1
ZA|KFOOD|KFOOD_P01,ZA,KFOOD,KFOOD_P01,,keyword,Japanese food,,en,MODE_GRAMMAR,RULE_SELECTED,PENDING_EMPIRICAL,UNKNOWN,PENDING,NOT_YET_TESTED,PENDING_TOPIC_EXTRACTION,,COMPOSED,,,,,,N/A,,ORIGIN-NOUN-COMPOSED-1.0,NOT_REQUIRED,,PENDING_EMPIRICAL_VALIDATION,,,,,,https://trends.google.com/trends/explore?date=2018-01-01%202026-08-09&geo=ZA&q=Japanese%20food&hl=en,[위약] 일식 · 소비양식 문법 · 남아공(en) 조합,,위약이지만 한식·일식은 대체재이자 보완재라 부호가 양쪽 다 가능 — 계수 부호까지 함께 볼 것,[위약] 일식 · TOPIC 후보,KCONSUMER_COMPOSED_V1
ZA|KFOOD|KFOOD_P02,ZA,KFOOD,KFOOD_P02,,keyword,Chinese food,,en,MODE_GRAMMAR,RULE_SELECTED,PENDING_EMPIRICAL,UNKNOWN,PENDING,NOT_YET_TESTED,PENDING_TOPIC_EXTRACTION,,COMPOSED,,,,,,N/A,,ORIGIN-NOUN-COMPOSED-1.0,NOT_REQUIRED,,PENDING_EMPIRICAL_VALIDATION,,,,,,https://trends.google.com/trends/explore?date=2018-01-01%202026-08-09&geo=ZA&q=Chinese%20food&hl=en,[위약] 중식 · 소비양식 문법 · 남아공(en) 조합,,,[위약] 중식 · TOPIC 후보,KCONSUMER_COMPOSED_V1
ZA|KFOOD|KFOOD_P03,ZA,KFOOD,KFOOD_P03,,keyword,Thai food,,en,MODE_GRAMMAR,RULE_SELECTED,PENDING_EMPIRICAL,UNKNOWN,PENDING,NOT_YET_TESTED,PENDING_TOPIC_EXTRACTION,,COMPOSED,,,,,,N/A,,ORIGIN-NOUN-COMPOSED-1.0,NOT_REQUIRED,,PENDING_EMPIRICAL_VALIDATION,,,,,,https://trends.google.com/trends/explore?date=2018-01-01%202026-08-09&geo=ZA&q=Thai%20food&hl=en,[위약] 태국음식 · 소비양식 문법 · 남아공(en) 조합,,,[위약] 태국음식 · TOPIC 후보,KCONSUMER_COMPOSED_V1
ZA|KBEAUTY|KBEAUTY_G01,ZA,KBEAUTY,KBEAUTY_G01,,keyword,Korean cosmetics,,en,MODE_GRAMMAR,RULE_SELECTED,PENDING_EMPIRICAL,UNKNOWN,PENDING,NOT_YET_TESTED,PENDING_TOPIC_EXTRACTION,,COMPOSED,,,,,,N/A,,ORIGIN-NOUN-COMPOSED-1.0,NOT_REQUIRED,,PENDING_EMPIRICAL_VALIDATION,,,,,,https://trends.google.com/trends/explore?date=2018-01-01%202026-08-09&geo=ZA&q=Korean%20cosmetics&hl=en,한국 화장품 · 소비양식 문법 · 남아공(en) 조합,,,한국 화장품 · TOPIC 후보,KCONSUMER_COMPOSED_V1
ZA|KBEAUTY|KBEAUTY_G02,ZA,KBEAUTY,KBEAUTY_G02,,keyword,K-beauty,,en,MODE_GRAMMAR,RULE_SELECTED,PENDING_EMPIRICAL,UNKNOWN,PENDING,NOT_YET_TESTED,PENDING_TOPIC_EXTRACTION,,ATOMIC_LEXEME,,,,,,N/A,,ATOMIC-LEXEME-1.0,NOT_REQUIRED,,PENDING_EMPIRICAL_VALIDATION,,,,,,https://trends.google.com/trends/explore?date=2018-01-01%202026-08-09&geo=ZA&q=K-beauty&hl=en,K-beauty · 소비양식 문법 · 남아공(en) 외래어,,,K-beauty · TOPIC 후보,KCONSUMER_COMPOSED_V1
ZA|KBEAUTY|KBEAUTY_G03,ZA,KBEAUTY,KBEAUTY_G03,,keyword,Korean skincare routine,,en,EXPORT_REFERENCED,RULE_SELECTED,PENDING_EMPIRICAL,UNKNOWN,PENDING,NOT_YET_TESTED,PENDING_DOM_EXTRACTION,,COMPOSED,,,,,,N/A,,ORIGIN-NOUN-COMPOSED-1.0,NOT_REQUIRED,,PENDING_EMPIRICAL_VALIDATION,,,,,,https://trends.google.com/trends/explore?date=2018-01-01%202026-08-09&geo=ZA&q=Korean%20skincare%20routine&hl=en,한국 스킨케어 루틴 · 수출 참고 HS 330499 · 남아공(en) 조합,,,한국 스킨케어 루틴,KCONSUMER_COMPOSED_V1
ZA|KBEAUTY|KBEAUTY_G04,ZA,KBEAUTY,KBEAUTY_G04,,keyword,Korean cosmetics brand,,en,MODE_GRAMMAR,RULE_SELECTED,PENDING_EMPIRICAL,UNKNOWN,PENDING,NOT_YET_TESTED,PENDING_DOM_EXTRACTION,,COMPOSED,,,,,,N/A,,ORIGIN-NOUN-COMPOSED-1.0,NOT_REQUIRED,,PENDING_EMPIRICAL_VALIDATION,,,,,,https://trends.google.com/trends/explore?date=2018-01-01%202026-08-09&geo=ZA&q=Korean%20cosmetics%20brand&hl=en,한국 화장품 브랜드 · 소비양식 문법 · 남아공(en) 조합,,,한국 화장품 브랜드,KCONSUMER_COMPOSED_V1
ZA|KBEAUTY|KBEAUTY_G05,ZA,KBEAUTY,KBEAUTY_G05,,keyword,Korean makeup tutorial,,en,EXPORT_REFERENCED,RULE_SELECTED,PENDING_EMPIRICAL,UNKNOWN,PENDING,NOT_YET_TESTED,PENDING_DOM_EXTRACTION,,COMPOSED,,,,,,N/A,,ORIGIN-NOUN-COMPOSED-1.0,NOT_REQUIRED,,PENDING_EMPIRICAL_VALIDATION,,,,,,https://trends.google.com/trends/explore?date=2018-01-01%202026-08-09&geo=ZA&q=Korean%20makeup%20tutorial&hl=en,한국 메이크업 · 수출 참고 HS 330410·330420 · 남아공(en) 조합,,,한국 메이크업,KCONSUMER_COMPOSED_V1
ZA|KBEAUTY|KBEAUTY_G06,ZA,KBEAUTY,KBEAUTY_G06,,keyword,glass skin,,en,MODE_GRAMMAR,RULE_SELECTED,PENDING_EMPIRICAL,UNKNOWN,PENDING,NOT_YET_TESTED,PENDING_TOPIC_EXTRACTION,,ATOMIC_LEXEME,,,,,,N/A,,ATOMIC-LEXEME-1.0,NOT_REQUIRED,,PENDING_EMPIRICAL_VALIDATION,,,,,,https://trends.google.com/trends/explore?date=2018-01-01%202026-08-09&geo=ZA&q=glass%20skin&hl=en,글래스 스킨 · 소비양식 문법 · 남아공(en) 외래어,,'glass skin' 은 한국 기원이나 글로벌 뷰티 용어로 확산돼 도메인 귀속이 약하다,글래스 스킨 · TOPIC 후보,KCONSUMER_COMPOSED_V1
ZA|KBEAUTY|KBEAUTY_E01,ZA,KBEAUTY,KBEAUTY_E01,,keyword,Korean serum,,en,EXPORT_REFERENCED,RULE_SELECTED,PENDING_EMPIRICAL,UNKNOWN,PENDING,NOT_YET_TESTED,PENDING_DOM_EXTRACTION,,COMPOSED,,,,,,N/A,,ORIGIN-NOUN-COMPOSED-1.0,NOT_REQUIRED,,PENDING_EMPIRICAL_VALIDATION,,,,,,https://trends.google.com/trends/explore?date=2018-01-01%202026-08-09&geo=ZA&q=Korean%20serum&hl=en,세럼·에센스 · 수출 참고 HS 330499 · 남아공(en) 조합,,,세럼·에센스,KCONSUMER_COMPOSED_V1
ZA|KBEAUTY|KBEAUTY_E02,ZA,KBEAUTY,KBEAUTY_E02,,keyword,Korean sheet mask,,en,EXPORT_REFERENCED,RULE_SELECTED,PENDING_EMPIRICAL,UNKNOWN,PENDING,NOT_YET_TESTED,PENDING_DOM_EXTRACTION,,COMPOSED,,,,,,N/A,,ORIGIN-NOUN-COMPOSED-1.0,NOT_REQUIRED,,PENDING_EMPIRICAL_VALIDATION,,,,,,https://trends.google.com/trends/explore?date=2018-01-01%202026-08-09&geo=ZA&q=Korean%20sheet%20mask&hl=en,시트마스크 · 수출 참고 HS 330499 · 남아공(en) 조합,,,시트마스크,KCONSUMER_COMPOSED_V1
ZA|KBEAUTY|KBEAUTY_E03,ZA,KBEAUTY,KBEAUTY_E03,,keyword,Korean sunscreen,,en,EXPORT_REFERENCED,RULE_SELECTED,PENDING_EMPIRICAL,UNKNOWN,PENDING,NOT_YET_TESTED,PENDING_DOM_EXTRACTION,,COMPOSED,,,,,,N/A,,ORIGIN-NOUN-COMPOSED-1.0,NOT_REQUIRED,,PENDING_EMPIRICAL_VALIDATION,,,,,,https://trends.google.com/trends/explore?date=2018-01-01%202026-08-09&geo=ZA&q=Korean%20sunscreen&hl=en,선크림 · 수출 참고 HS 330499 · 남아공(en) 조합,,,선크림,KCONSUMER_COMPOSED_V1
ZA|KBEAUTY|KBEAUTY_E04,ZA,KBEAUTY,KBEAUTY_E04,,keyword,Korean cushion foundation,,en,EXPORT_REFERENCED,RULE_SELECTED,PENDING_EMPIRICAL,UNKNOWN,PENDING,NOT_YET_TESTED,PENDING_DOM_EXTRACTION,,COMPOSED,,,,,,N/A,,ORIGIN-NOUN-COMPOSED-1.0,NOT_REQUIRED,,PENDING_EMPIRICAL_VALIDATION,,,,,,https://trends.google.com/trends/explore?date=2018-01-01%202026-08-09&geo=ZA&q=Korean%20cushion%20foundation&hl=en,쿠션 파운데이션 · 수출 참고 HS 330491·961620 · 남아공(en) 조합,,쿠션은 한국이 만든 제형이라 원산지 수식 없이도 한국 신호일 수 있다 — 수식어를 붙여 과소측정될 위험,쿠션 파운데이션,KCONSUMER_COMPOSED_V1
ZA|KBEAUTY|KBEAUTY_E05,ZA,KBEAUTY,KBEAUTY_E05,,keyword,Korean lip tint,,en,EXPORT_REFERENCED,RULE_SELECTED,PENDING_EMPIRICAL,UNKNOWN,PENDING,NOT_YET_TESTED,PENDING_DOM_EXTRACTION,,COMPOSED,,,,,,N/A,,ORIGIN-NOUN-COMPOSED-1.0,NOT_REQUIRED,,PENDING_EMPIRICAL_VALIDATION,,,,,,https://trends.google.com/trends/explore?date=2018-01-01%202026-08-09&geo=ZA&q=Korean%20lip%20tint&hl=en,립틴트 · 수출 참고 HS 330410 · 남아공(en) 조합,,,립틴트,KCONSUMER_COMPOSED_V1
ZA|KBEAUTY|KBEAUTY_E06,ZA,KBEAUTY,KBEAUTY_E06,,keyword,Korean cleanser,,en,EXPORT_REFERENCED,RULE_SELECTED,PENDING_EMPIRICAL,UNKNOWN,PENDING,NOT_YET_TESTED,PENDING_DOM_EXTRACTION,,COMPOSED,,,,,,N/A,,ORIGIN-NOUN-COMPOSED-1.0,NOT_REQUIRED,,PENDING_EMPIRICAL_VALIDATION,,,,,,https://trends.google.com/trends/explore?date=2018-01-01%202026-08-09&geo=ZA&q=Korean%20cleanser&hl=en,클렌징 · 수출 참고 HS 340130 · 남아공(en) 조합,,,클렌징,KCONSUMER_COMPOSED_V1
ZA|KBEAUTY|KBEAUTY_E07,ZA,KBEAUTY,KBEAUTY_E07,,keyword,Korean hair care,,en,EXPORT_REFERENCED,RULE_SELECTED,PENDING_EMPIRICAL,UNKNOWN,PENDING,NOT_YET_TESTED,PENDING_DOM_EXTRACTION,,COMPOSED,,,,,,N/A,,ORIGIN-NOUN-COMPOSED-1.0,NOT_REQUIRED,,PENDING_EMPIRICAL_VALIDATION,,,,,,https://trends.google.com/trends/explore?date=2018-01-01%202026-08-09&geo=ZA&q=Korean%20hair%20care&hl=en,헤어케어 · 수출 참고 HS 330590·330510 · 남아공(en) 조합,,,헤어케어,KCONSUMER_COMPOSED_V1
ZA|KBEAUTY|KBEAUTY_E08,ZA,KBEAUTY,KBEAUTY_E08,,keyword,Korean perfume,,en,EXPORT_REFERENCED,RULE_SELECTED,PENDING_EMPIRICAL,UNKNOWN,PENDING,NOT_YET_TESTED,PENDING_DOM_EXTRACTION,,COMPOSED,,,,,,N/A,,ORIGIN-NOUN-COMPOSED-1.0,NOT_REQUIRED,,PENDING_EMPIRICAL_VALIDATION,,,,,,https://trends.google.com/trends/explore?date=2018-01-01%202026-08-09&geo=ZA&q=Korean%20perfume&hl=en,향수 · 수출 참고 HS 330300·330790 · 남아공(en) 조합,,,향수,KCONSUMER_COMPOSED_V1
ZA|KBEAUTY|KBEAUTY_P01,ZA,KBEAUTY,KBEAUTY_P01,,keyword,Japanese cosmetics,,en,MODE_GRAMMAR,RULE_SELECTED,PENDING_EMPIRICAL,UNKNOWN,PENDING,NOT_YET_TESTED,PENDING_TOPIC_EXTRACTION,,COMPOSED,,,,,,N/A,,ORIGIN-NOUN-COMPOSED-1.0,NOT_REQUIRED,,PENDING_EMPIRICAL_VALIDATION,,,,,,https://trends.google.com/trends/explore?date=2018-01-01%202026-08-09&geo=ZA&q=Japanese%20cosmetics&hl=en,[위약] 일본 화장품 · 소비양식 문법 · 남아공(en) 조합,,,[위약] 일본 화장품 · TOPIC 후보,KCONSUMER_COMPOSED_V1
ZA|KBEAUTY|KBEAUTY_P02,ZA,KBEAUTY,KBEAUTY_P02,,keyword,French cosmetics,,en,MODE_GRAMMAR,RULE_SELECTED,PENDING_EMPIRICAL,UNKNOWN,PENDING,NOT_YET_TESTED,PENDING_TOPIC_EXTRACTION,,COMPOSED,,,,,,N/A,,ORIGIN-NOUN-COMPOSED-1.0,NOT_REQUIRED,,PENDING_EMPIRICAL_VALIDATION,,,,,,https://trends.google.com/trends/explore?date=2018-01-01%202026-08-09&geo=ZA&q=French%20cosmetics&hl=en,[위약] 프랑스 화장품 · 소비양식 문법 · 남아공(en) 조합,,,[위약] 프랑스 화장품 · TOPIC 후보,KCONSUMER_COMPOSED_V1
ZA|KFASHION|KFASHION_G01,ZA,KFASHION,KFASHION_G01,,keyword,Korean fashion,,en,MODE_GRAMMAR,RULE_SELECTED,PENDING_EMPIRICAL,UNKNOWN,PENDING,NOT_YET_TESTED,PENDING_TOPIC_EXTRACTION,,COMPOSED,,,,,,N/A,,ORIGIN-NOUN-COMPOSED-1.0,NOT_REQUIRED,,PENDING_EMPIRICAL_VALIDATION,,,,,,https://trends.google.com/trends/explore?date=2018-01-01%202026-08-09&geo=ZA&q=Korean%20fashion&hl=en,한국 패션 · 소비양식 문법 · 남아공(en) 조합,,,한국 패션 · TOPIC 후보,KCONSUMER_COMPOSED_V1
ZA|KFASHION|KFASHION_G02,ZA,KFASHION,KFASHION_G02,,keyword,K-fashion,,en,MODE_GRAMMAR,RULE_SELECTED,PENDING_EMPIRICAL,UNKNOWN,PENDING,NOT_YET_TESTED,PENDING_TOPIC_EXTRACTION,,ATOMIC_LEXEME,,,,,,N/A,,ATOMIC-LEXEME-1.0,NOT_REQUIRED,,PENDING_EMPIRICAL_VALIDATION,,,,,,https://trends.google.com/trends/explore?date=2018-01-01%202026-08-09&geo=ZA&q=K-fashion&hl=en,K-fashion · 소비양식 문법 · 남아공(en) 외래어,,,K-fashion · TOPIC 후보,KCONSUMER_COMPOSED_V1
ZA|KFASHION|KFASHION_G03,ZA,KFASHION,KFASHION_G03,,keyword,Korean style,,en,MODE_GRAMMAR,RULE_SELECTED,PENDING_EMPIRICAL,UNKNOWN,PENDING,NOT_YET_TESTED,PENDING_DOM_EXTRACTION,,COMPOSED,,,,,,N/A,,ORIGIN-NOUN-COMPOSED-1.0,NOT_REQUIRED,,PENDING_EMPIRICAL_VALIDATION,,,,,,https://trends.google.com/trends/explore?date=2018-01-01%202026-08-09&geo=ZA&q=Korean%20style&hl=en,한국 스타일 코디 · 소비양식 문법 · 남아공(en) 조합,,,한국 스타일 코디,KCONSUMER_COMPOSED_V1
ZA|KFASHION|KFASHION_G04,ZA,KFASHION,KFASHION_G04,,keyword,Korean fashion brand,,en,MODE_GRAMMAR,RULE_SELECTED,PENDING_EMPIRICAL,UNKNOWN,PENDING,NOT_YET_TESTED,PENDING_DOM_EXTRACTION,,COMPOSED,,,,,,N/A,,ORIGIN-NOUN-COMPOSED-1.0,NOT_REQUIRED,,PENDING_EMPIRICAL_VALIDATION,,,,,,https://trends.google.com/trends/explore?date=2018-01-01%202026-08-09&geo=ZA&q=Korean%20fashion%20brand&hl=en,한국 패션 브랜드 · 소비양식 문법 · 남아공(en) 조합,,,한국 패션 브랜드,KCONSUMER_COMPOSED_V1
ZA|KFASHION|KFASHION_G05,ZA,KFASHION,KFASHION_G05,,keyword,Korean idol fashion,,en,MODE_GRAMMAR,RULE_SELECTED,PENDING_EMPIRICAL,UNKNOWN,PENDING,NOT_YET_TESTED,PENDING_DOM_EXTRACTION,,COMPOSED,,,,,,N/A,,ORIGIN-NOUN-COMPOSED-1.0,NOT_REQUIRED,,PENDING_EMPIRICAL_VALIDATION,,,,,,https://trends.google.com/trends/explore?date=2018-01-01%202026-08-09&geo=ZA&q=Korean%20idol%20fashion&hl=en,아이돌 패션 · 소비양식 문법 · 남아공(en) 조합,,아이돌 패션은 K-Pop 도메인과 겹친다. KPOP 계열과의 상관을 먼저 확인할 것,아이돌 패션,KCONSUMER_COMPOSED_V1
ZA|KFASHION|KFASHION_G06,ZA,KFASHION,KFASHION_G06,,keyword,Korean streetwear,,en,MODE_GRAMMAR,RULE_SELECTED,PENDING_EMPIRICAL,UNKNOWN,PENDING,NOT_YET_TESTED,PENDING_DOM_EXTRACTION,,COMPOSED,,,,,,N/A,,ORIGIN-NOUN-COMPOSED-1.0,NOT_REQUIRED,,PENDING_EMPIRICAL_VALIDATION,,,,,,https://trends.google.com/trends/explore?date=2018-01-01%202026-08-09&geo=ZA&q=Korean%20streetwear&hl=en,한국 스트릿웨어 · 소비양식 문법 · 남아공(en) 조합,,,한국 스트릿웨어,KCONSUMER_COMPOSED_V1
ZA|KFASHION|KFASHION_G07,ZA,KFASHION,KFASHION_G07,,keyword,Korean clothing online shop,,en,MODE_GRAMMAR,RULE_SELECTED,PENDING_EMPIRICAL,UNKNOWN,PENDING,NOT_YET_TESTED,PENDING_DOM_EXTRACTION,,COMPOSED,,,,,,N/A,,ORIGIN-NOUN-COMPOSED-1.0,NOT_REQUIRED,,PENDING_EMPIRICAL_VALIDATION,,,,,,https://trends.google.com/trends/explore?date=2018-01-01%202026-08-09&geo=ZA&q=Korean%20clothing%20online%20shop&hl=en,한국 옷 쇼핑몰 · 소비양식 문법 · 남아공(en) 조합,,'한국 옷 쇼핑몰'은 플랫폼 브랜드명(무신사 등)으로 검색이 분산될 수 있음,한국 옷 쇼핑몰,KCONSUMER_COMPOSED_V1
ZA|KFASHION|KFASHION_E01,ZA,KFASHION,KFASHION_E01,,keyword,Korean bag,,en,EXPORT_REFERENCED,RULE_SELECTED,PENDING_EMPIRICAL,UNKNOWN,PENDING,NOT_YET_TESTED,PENDING_DOM_EXTRACTION,,COMPOSED,,,,,,N/A,,ORIGIN-NOUN-COMPOSED-1.0,NOT_REQUIRED,,PENDING_EMPIRICAL_VALIDATION,,,,,,https://trends.google.com/trends/explore?date=2018-01-01%202026-08-09&geo=ZA&q=Korean%20bag&hl=en,가방 · 수출 참고 HS 420222·420221·420292 · 남아공(en) 조합,,,가방,KCONSUMER_COMPOSED_V1
ZA|KFASHION|KFASHION_E02,ZA,KFASHION,KFASHION_E02,,keyword,Korean sunglasses,,en,EXPORT_REFERENCED,RULE_SELECTED,PENDING_EMPIRICAL,UNKNOWN,PENDING,NOT_YET_TESTED,PENDING_DOM_EXTRACTION,,COMPOSED,,,,,,N/A,,ORIGIN-NOUN-COMPOSED-1.0,NOT_REQUIRED,,PENDING_EMPIRICAL_VALIDATION,,,,,,https://trends.google.com/trends/explore?date=2018-01-01%202026-08-09&geo=ZA&q=Korean%20sunglasses&hl=en,선글라스 · 수출 참고 HS 900410 · 남아공(en) 조합,,,선글라스,KCONSUMER_COMPOSED_V1
ZA|KFASHION|KFASHION_E03,ZA,KFASHION,KFASHION_E03,,keyword,Korean sneakers,,en,EXPORT_REFERENCED,RULE_SELECTED,PENDING_EMPIRICAL,UNKNOWN,PENDING,NOT_YET_TESTED,PENDING_DOM_EXTRACTION,,COMPOSED,,,,,,N/A,,ORIGIN-NOUN-COMPOSED-1.0,NOT_REQUIRED,,PENDING_EMPIRICAL_VALIDATION,,,,,,https://trends.google.com/trends/explore?date=2018-01-01%202026-08-09&geo=ZA&q=Korean%20sneakers&hl=en,스니커즈 · 수출 참고 HS 640411·640419 · 남아공(en) 조합,,,스니커즈,KCONSUMER_COMPOSED_V1
ZA|KFASHION|KFASHION_E04,ZA,KFASHION,KFASHION_E04,,keyword,Korean t-shirt,,en,EXPORT_REFERENCED,RULE_SELECTED,PENDING_EMPIRICAL,UNKNOWN,PENDING,NOT_YET_TESTED,PENDING_DOM_EXTRACTION,,COMPOSED,,,,,,N/A,,ORIGIN-NOUN-COMPOSED-1.0,NOT_REQUIRED,,PENDING_EMPIRICAL_VALIDATION,,,,,,https://trends.google.com/trends/explore?date=2018-01-01%202026-08-09&geo=ZA&q=Korean%20t-shirt&hl=en,티셔츠 · 수출 참고 HS 610910·610990 · 남아공(en) 조합,,,티셔츠,KCONSUMER_COMPOSED_V1
ZA|KFASHION|KFASHION_E05,ZA,KFASHION,KFASHION_E05,,keyword,Korean jewelry,,en,EXPORT_REFERENCED,RULE_SELECTED,PENDING_EMPIRICAL,UNKNOWN,PENDING,NOT_YET_TESTED,PENDING_DOM_EXTRACTION,,COMPOSED,,,,,,N/A,,ORIGIN-NOUN-COMPOSED-1.0,NOT_REQUIRED,,PENDING_EMPIRICAL_VALIDATION,,,,,,https://trends.google.com/trends/explore?date=2018-01-01%202026-08-09&geo=ZA&q=Korean%20jewelry&hl=en,주얼리 · 수출 참고 HS 711319·711719 · 남아공(en) 조합,,주얼리 대역의 L1 대응 품목 711319 는 금 시세에 좌우된다 — L1 과 L3 의 괴리가 클 것으로 예상,주얼리,KCONSUMER_COMPOSED_V1
ZA|KFASHION|KFASHION_E06,ZA,KFASHION,KFASHION_E06,,keyword,Korean hat,,en,EXPORT_REFERENCED,RULE_SELECTED,PENDING_EMPIRICAL,UNKNOWN,PENDING,NOT_YET_TESTED,PENDING_DOM_EXTRACTION,,COMPOSED,,,,,,N/A,,ORIGIN-NOUN-COMPOSED-1.0,NOT_REQUIRED,,PENDING_EMPIRICAL_VALIDATION,,,,,,https://trends.google.com/trends/explore?date=2018-01-01%202026-08-09&geo=ZA&q=Korean%20hat&hl=en,모자 · 수출 참고 HS 650500 · 남아공(en) 조합,,,모자,KCONSUMER_COMPOSED_V1
ZA|KFASHION|KFASHION_E07,ZA,KFASHION,KFASHION_E07,,keyword,Korean coat,,en,EXPORT_REFERENCED,RULE_SELECTED,PENDING_EMPIRICAL,UNKNOWN,PENDING,NOT_YET_TESTED,PENDING_DOM_EXTRACTION,,COMPOSED,,,,,,N/A,,ORIGIN-NOUN-COMPOSED-1.0,NOT_REQUIRED,,PENDING_EMPIRICAL_VALIDATION,,,,,,https://trends.google.com/trends/explore?date=2018-01-01%202026-08-09&geo=ZA&q=Korean%20coat&hl=en,아우터 · 수출 참고 HS 620240 · 남아공(en) 조합,,,아우터,KCONSUMER_COMPOSED_V1
ZA|KFASHION|KFASHION_P01,ZA,KFASHION,KFASHION_P01,,keyword,Japanese fashion,,en,MODE_GRAMMAR,RULE_SELECTED,PENDING_EMPIRICAL,UNKNOWN,PENDING,NOT_YET_TESTED,PENDING_TOPIC_EXTRACTION,,COMPOSED,,,,,,N/A,,ORIGIN-NOUN-COMPOSED-1.0,NOT_REQUIRED,,PENDING_EMPIRICAL_VALIDATION,,,,,,https://trends.google.com/trends/explore?date=2018-01-01%202026-08-09&geo=ZA&q=Japanese%20fashion&hl=en,[위약] 일본 패션 · 소비양식 문법 · 남아공(en) 조합,,,[위약] 일본 패션 · TOPIC 후보,KCONSUMER_COMPOSED_V1
ZA|KFASHION|KFASHION_P02,ZA,KFASHION,KFASHION_P02,,keyword,Italian fashion,,en,MODE_GRAMMAR,RULE_SELECTED,PENDING_EMPIRICAL,UNKNOWN,PENDING,NOT_YET_TESTED,PENDING_TOPIC_EXTRACTION,,COMPOSED,,,,,,N/A,,ORIGIN-NOUN-COMPOSED-1.0,NOT_REQUIRED,,PENDING_EMPIRICAL_VALIDATION,,,,,,https://trends.google.com/trends/explore?date=2018-01-01%202026-08-09&geo=ZA&q=Italian%20fashion&hl=en,[위약] 이탈리아 패션 · 소비양식 문법 · 남아공(en) 조합,,,[위약] 이탈리아 패션 · TOPIC 후보,KCONSUMER_COMPOSED_V1
IN|KFOOD|KFOOD_G01,IN,KFOOD,KFOOD_G01,,keyword,Korean food,,en,MODE_GRAMMAR,RULE_SELECTED,PENDING_EMPIRICAL,UNKNOWN,PENDING,NOT_YET_TESTED,PENDING_TOPIC_EXTRACTION,,COMPOSED,,,,,,N/A,,ORIGIN-NOUN-COMPOSED-1.0,NOT_REQUIRED,,PENDING_EMPIRICAL_VALIDATION,,,,,,https://trends.google.com/trends/explore?date=2018-01-01%202026-08-09&geo=IN&q=Korean%20food&hl=en,한국 음식 · 소비양식 문법 · 인도(en) 조합,,,한국 음식 · TOPIC 후보,KCONSUMER_COMPOSED_V1
IN|KFOOD|KFOOD_G02,IN,KFOOD,KFOOD_G02,,keyword,K-food,,en,MODE_GRAMMAR,RULE_SELECTED,PENDING_EMPIRICAL,UNKNOWN,PENDING,NOT_YET_TESTED,PENDING_TOPIC_EXTRACTION,,ATOMIC_LEXEME,,,,,,N/A,,ATOMIC-LEXEME-1.0,NOT_REQUIRED,,PENDING_EMPIRICAL_VALIDATION,,,,,,https://trends.google.com/trends/explore?date=2018-01-01%202026-08-09&geo=IN&q=K-food&hl=en,K-food · 소비양식 문법 · 인도(en) 외래어,,,K-food · TOPIC 후보,KCONSUMER_COMPOSED_V1
IN|KFOOD|KFOOD_G03,IN,KFOOD,KFOOD_G03,,keyword,Korean food recipe,,en,MODE_GRAMMAR,RULE_SELECTED,PENDING_EMPIRICAL,UNKNOWN,PENDING,NOT_YET_TESTED,PENDING_DOM_EXTRACTION,,COMPOSED,,,,,,N/A,,ORIGIN-NOUN-COMPOSED-1.0,NOT_REQUIRED,,PENDING_EMPIRICAL_VALIDATION,,,,,,https://trends.google.com/trends/explore?date=2018-01-01%202026-08-09&geo=IN&q=Korean%20food%20recipe&hl=en,한국 요리법 · 소비양식 문법 · 인도(en) 조합,,,한국 요리법,KCONSUMER_COMPOSED_V1
IN|KFOOD|KFOOD_G04,IN,KFOOD,KFOOD_G04,,keyword,Korean restaurant,,en,MODE_GRAMMAR,RULE_SELECTED,PENDING_EMPIRICAL,UNKNOWN,PENDING,NOT_YET_TESTED,PENDING_DOM_EXTRACTION,,COMPOSED,,,,,,N/A,,ORIGIN-NOUN-COMPOSED-1.0,NOT_REQUIRED,,PENDING_EMPIRICAL_VALIDATION,,,,,,https://trends.google.com/trends/explore?date=2018-01-01%202026-08-09&geo=IN&q=Korean%20restaurant&hl=en,한식당 · 소비양식 문법 · 인도(en) 조합,,,한식당,KCONSUMER_COMPOSED_V1
IN|KFOOD|KFOOD_G05,IN,KFOOD,KFOOD_G05,,keyword,mukbang,,en,MODE_GRAMMAR,RULE_SELECTED,PENDING_EMPIRICAL,UNKNOWN,PENDING,NOT_YET_TESTED,PENDING_TOPIC_EXTRACTION,,ATOMIC_LEXEME,,,,,,N/A,,ATOMIC-LEXEME-1.0,NOT_REQUIRED,,PENDING_EMPIRICAL_VALIDATION,,,,,,https://trends.google.com/trends/explore?date=2018-01-01%202026-08-09&geo=IN&q=mukbang&hl=en,먹방 · 소비양식 문법 · 인도(en) 외래어,,먹방은 한국 기원어지만 이미 국제 장르명이 되어 비한국 콘텐츠를 포함한다 — 도메인 귀속이 약해지는 방향,먹방 · TOPIC 후보,KCONSUMER_COMPOSED_V1
IN|KFOOD|KFOOD_G06,IN,KFOOD,KFOOD_G06,,keyword,Korean street food,,en,MODE_GRAMMAR,RULE_SELECTED,PENDING_EMPIRICAL,UNKNOWN,PENDING,NOT_YET_TESTED,PENDING_DOM_EXTRACTION,,COMPOSED,,,,,,N/A,,ORIGIN-NOUN-COMPOSED-1.0,NOT_REQUIRED,,PENDING_EMPIRICAL_VALIDATION,,,,,,https://trends.google.com/trends/explore?date=2018-01-01%202026-08-09&geo=IN&q=Korean%20street%20food&hl=en,한국 길거리음식 · 소비양식 문법 · 인도(en) 조합,,,한국 길거리음식,KCONSUMER_COMPOSED_V1
IN|KFOOD|KFOOD_E01,IN,KFOOD,KFOOD_E01,,keyword,kimchi,,en,EXPORT_REFERENCED,RULE_SELECTED,PENDING_EMPIRICAL,UNKNOWN,PENDING,NOT_YET_TESTED,PENDING_TOPIC_EXTRACTION,,ATOMIC_LEXEME,,,,,,N/A,,ATOMIC-LEXEME-1.0,NOT_REQUIRED,,PENDING_EMPIRICAL_VALIDATION,,,,,,https://trends.google.com/trends/explore?date=2018-01-01%202026-08-09&geo=IN&q=kimchi&hl=en,김치 · 수출 참고 HS 200599 · 인도(en) 외래어,,일본은 자국산 김치를 대량 생산해 JP 신호에 국산 수요가 섞인다,김치 · TOPIC 후보,KCONSUMER_COMPOSED_V1
IN|KFOOD|KFOOD_E02,IN,KFOOD,KFOOD_E02,,keyword,Korean ramen,,en,EXPORT_REFERENCED,RULE_SELECTED,PENDING_EMPIRICAL,UNKNOWN,PENDING,NOT_YET_TESTED,PENDING_TOPIC_EXTRACTION,,COMPOSED,,,,,,N/A,,ORIGIN-NOUN-COMPOSED-1.0,NOT_REQUIRED,,PENDING_EMPIRICAL_VALIDATION,,,,,,https://trends.google.com/trends/explore?date=2018-01-01%202026-08-09&geo=IN&q=Korean%20ramen&hl=en,라면 · 수출 참고 HS 190230 · 인도(en) 조합,,'ramen' 단독은 일식이다. 전 언어에서 한국 수식어를 붙였으나 그만큼 검색량이 줄어 과소측정 가능,라면 · TOPIC 후보,KCONSUMER_COMPOSED_V1
IN|KFOOD|KFOOD_E03,IN,KFOOD,KFOOD_E03,,keyword,soju,,en,EXPORT_REFERENCED,RULE_SELECTED,PENDING_EMPIRICAL,UNKNOWN,PENDING,NOT_YET_TESTED,PENDING_TOPIC_EXTRACTION,,ATOMIC_LEXEME,,,,,,N/A,,ATOMIC-LEXEME-1.0,NOT_REQUIRED,,PENDING_EMPIRICAL_VALIDATION,,,,,,https://trends.google.com/trends/explore?date=2018-01-01%202026-08-09&geo=IN&q=soju&hl=en,소주 · 수출 참고 HS 220890·220870 · 인도(en) 외래어,,일본어 焼酎 는 일본 소주다. 韓国焼酎 로 한정했으나 ソジュ 표기와 분산될 수 있음,소주 · TOPIC 후보,KCONSUMER_COMPOSED_V1
IN|KFOOD|KFOOD_E04,IN,KFOOD,KFOOD_E04,,keyword,tteokbokki,,en,MODE_GRAMMAR,RULE_SELECTED,PENDING_EMPIRICAL,UNKNOWN,PENDING,NOT_YET_TESTED,PENDING_TOPIC_EXTRACTION,,ATOMIC_LEXEME,,,,,,N/A,,ATOMIC-LEXEME-1.0,NOT_REQUIRED,,PENDING_EMPIRICAL_VALIDATION,,,,,,https://trends.google.com/trends/explore?date=2018-01-01%202026-08-09&geo=IN&q=tteokbokki&hl=en,떡볶이 · 소비양식 문법 · 인도(en) 외래어,,,떡볶이 · TOPIC 후보,KCONSUMER_COMPOSED_V1
IN|KFOOD|KFOOD_E05,IN,KFOOD,KFOOD_E05,,keyword,Korean fried chicken,,en,MODE_GRAMMAR,RULE_SELECTED,PENDING_EMPIRICAL,UNKNOWN,PENDING,NOT_YET_TESTED,PENDING_DOM_EXTRACTION,,COMPOSED,,,,,,N/A,,ORIGIN-NOUN-COMPOSED-1.0,NOT_REQUIRED,,PENDING_EMPIRICAL_VALIDATION,,,,,,https://trends.google.com/trends/explore?date=2018-01-01%202026-08-09&geo=IN&q=Korean%20fried%20chicken&hl=en,한국 치킨 · 소비양식 문법 · 인도(en) 조합,,,한국 치킨,KCONSUMER_COMPOSED_V1
IN|KFOOD|KFOOD_E06,IN,KFOOD,KFOOD_E06,,keyword,Korean snacks,,en,EXPORT_REFERENCED,RULE_SELECTED,PENDING_EMPIRICAL,UNKNOWN,PENDING,NOT_YET_TESTED,PENDING_DOM_EXTRACTION,,COMPOSED,,,,,,N/A,,ORIGIN-NOUN-COMPOSED-1.0,NOT_REQUIRED,,PENDING_EMPIRICAL_VALIDATION,,,,,,https://trends.google.com/trends/explore?date=2018-01-01%202026-08-09&geo=IN&q=Korean%20snacks&hl=en,한국 과자 · 수출 참고 HS 190590·170490 · 인도(en) 조합,,,한국 과자,KCONSUMER_COMPOSED_V1
IN|KFOOD|KFOOD_E07,IN,KFOOD,KFOOD_E07,,keyword,Korean seaweed snack,,en,EXPORT_REFERENCED,RULE_SELECTED,PENDING_EMPIRICAL,UNKNOWN,PENDING,NOT_YET_TESTED,PENDING_DOM_EXTRACTION,,COMPOSED,,,,,,N/A,,ORIGIN-NOUN-COMPOSED-1.0,NOT_REQUIRED,,PENDING_EMPIRICAL_VALIDATION,,,,,,https://trends.google.com/trends/explore?date=2018-01-01%202026-08-09&geo=IN&q=Korean%20seaweed%20snack&hl=en,김 · 수출 참고 HS 121221 · 인도(en) 조합,,일본어 のり 단독은 일본산 김. 韓国のり 로 한정,김,KCONSUMER_COMPOSED_V1
IN|KFOOD|KFOOD_E08,IN,KFOOD,KFOOD_E08,,keyword,gochujang,,en,EXPORT_REFERENCED,RULE_SELECTED,PENDING_EMPIRICAL,UNKNOWN,PENDING,NOT_YET_TESTED,PENDING_TOPIC_EXTRACTION,,ATOMIC_LEXEME,,,,,,N/A,,ATOMIC-LEXEME-1.0,NOT_REQUIRED,,PENDING_EMPIRICAL_VALIDATION,,,,,,https://trends.google.com/trends/explore?date=2018-01-01%202026-08-09&geo=IN&q=gochujang&hl=en,고추장 · 수출 참고 HS 210390 · 인도(en) 외래어,,,고추장 · TOPIC 후보,KCONSUMER_COMPOSED_V1
IN|KFOOD|KFOOD_E09,IN,KFOOD,KFOOD_E09,,keyword,Korean ginseng,,en,EXPORT_REFERENCED,RULE_SELECTED,PENDING_EMPIRICAL,UNKNOWN,PENDING,NOT_YET_TESTED,PENDING_TOPIC_EXTRACTION,,ATOMIC_LEXEME,,,,,,N/A,,ATOMIC-LEXEME-1.0,NOT_REQUIRED,,PENDING_EMPIRICAL_VALIDATION,,,,,,https://trends.google.com/trends/explore?date=2018-01-01%202026-08-09&geo=IN&q=Korean%20ginseng&hl=en,인삼 · 수출 참고 HS 121120 · 인도(en) 외래어,,,인삼 · TOPIC 후보,KCONSUMER_COMPOSED_V1
IN|KFOOD|KFOOD_P01,IN,KFOOD,KFOOD_P01,,keyword,Japanese food,,en,MODE_GRAMMAR,RULE_SELECTED,PENDING_EMPIRICAL,UNKNOWN,PENDING,NOT_YET_TESTED,PENDING_TOPIC_EXTRACTION,,COMPOSED,,,,,,N/A,,ORIGIN-NOUN-COMPOSED-1.0,NOT_REQUIRED,,PENDING_EMPIRICAL_VALIDATION,,,,,,https://trends.google.com/trends/explore?date=2018-01-01%202026-08-09&geo=IN&q=Japanese%20food&hl=en,[위약] 일식 · 소비양식 문법 · 인도(en) 조합,,위약이지만 한식·일식은 대체재이자 보완재라 부호가 양쪽 다 가능 — 계수 부호까지 함께 볼 것,[위약] 일식 · TOPIC 후보,KCONSUMER_COMPOSED_V1
IN|KFOOD|KFOOD_P02,IN,KFOOD,KFOOD_P02,,keyword,Chinese food,,en,MODE_GRAMMAR,RULE_SELECTED,PENDING_EMPIRICAL,UNKNOWN,PENDING,NOT_YET_TESTED,PENDING_TOPIC_EXTRACTION,,COMPOSED,,,,,,N/A,,ORIGIN-NOUN-COMPOSED-1.0,NOT_REQUIRED,,PENDING_EMPIRICAL_VALIDATION,,,,,,https://trends.google.com/trends/explore?date=2018-01-01%202026-08-09&geo=IN&q=Chinese%20food&hl=en,[위약] 중식 · 소비양식 문법 · 인도(en) 조합,,,[위약] 중식 · TOPIC 후보,KCONSUMER_COMPOSED_V1
IN|KFOOD|KFOOD_P03,IN,KFOOD,KFOOD_P03,,keyword,Thai food,,en,MODE_GRAMMAR,RULE_SELECTED,PENDING_EMPIRICAL,UNKNOWN,PENDING,NOT_YET_TESTED,PENDING_TOPIC_EXTRACTION,,COMPOSED,,,,,,N/A,,ORIGIN-NOUN-COMPOSED-1.0,NOT_REQUIRED,,PENDING_EMPIRICAL_VALIDATION,,,,,,https://trends.google.com/trends/explore?date=2018-01-01%202026-08-09&geo=IN&q=Thai%20food&hl=en,[위약] 태국음식 · 소비양식 문법 · 인도(en) 조합,,,[위약] 태국음식 · TOPIC 후보,KCONSUMER_COMPOSED_V1
IN|KBEAUTY|KBEAUTY_G01,IN,KBEAUTY,KBEAUTY_G01,,keyword,Korean cosmetics,,en,MODE_GRAMMAR,RULE_SELECTED,PENDING_EMPIRICAL,UNKNOWN,PENDING,NOT_YET_TESTED,PENDING_TOPIC_EXTRACTION,,COMPOSED,,,,,,N/A,,ORIGIN-NOUN-COMPOSED-1.0,NOT_REQUIRED,,PENDING_EMPIRICAL_VALIDATION,,,,,,https://trends.google.com/trends/explore?date=2018-01-01%202026-08-09&geo=IN&q=Korean%20cosmetics&hl=en,한국 화장품 · 소비양식 문법 · 인도(en) 조합,,,한국 화장품 · TOPIC 후보,KCONSUMER_COMPOSED_V1
IN|KBEAUTY|KBEAUTY_G02,IN,KBEAUTY,KBEAUTY_G02,,keyword,K-beauty,,en,MODE_GRAMMAR,RULE_SELECTED,PENDING_EMPIRICAL,UNKNOWN,PENDING,NOT_YET_TESTED,PENDING_TOPIC_EXTRACTION,,ATOMIC_LEXEME,,,,,,N/A,,ATOMIC-LEXEME-1.0,NOT_REQUIRED,,PENDING_EMPIRICAL_VALIDATION,,,,,,https://trends.google.com/trends/explore?date=2018-01-01%202026-08-09&geo=IN&q=K-beauty&hl=en,K-beauty · 소비양식 문법 · 인도(en) 외래어,,,K-beauty · TOPIC 후보,KCONSUMER_COMPOSED_V1
IN|KBEAUTY|KBEAUTY_G03,IN,KBEAUTY,KBEAUTY_G03,,keyword,Korean skincare routine,,en,EXPORT_REFERENCED,RULE_SELECTED,PENDING_EMPIRICAL,UNKNOWN,PENDING,NOT_YET_TESTED,PENDING_DOM_EXTRACTION,,COMPOSED,,,,,,N/A,,ORIGIN-NOUN-COMPOSED-1.0,NOT_REQUIRED,,PENDING_EMPIRICAL_VALIDATION,,,,,,https://trends.google.com/trends/explore?date=2018-01-01%202026-08-09&geo=IN&q=Korean%20skincare%20routine&hl=en,한국 스킨케어 루틴 · 수출 참고 HS 330499 · 인도(en) 조합,,,한국 스킨케어 루틴,KCONSUMER_COMPOSED_V1
IN|KBEAUTY|KBEAUTY_G04,IN,KBEAUTY,KBEAUTY_G04,,keyword,Korean cosmetics brand,,en,MODE_GRAMMAR,RULE_SELECTED,PENDING_EMPIRICAL,UNKNOWN,PENDING,NOT_YET_TESTED,PENDING_DOM_EXTRACTION,,COMPOSED,,,,,,N/A,,ORIGIN-NOUN-COMPOSED-1.0,NOT_REQUIRED,,PENDING_EMPIRICAL_VALIDATION,,,,,,https://trends.google.com/trends/explore?date=2018-01-01%202026-08-09&geo=IN&q=Korean%20cosmetics%20brand&hl=en,한국 화장품 브랜드 · 소비양식 문법 · 인도(en) 조합,,,한국 화장품 브랜드,KCONSUMER_COMPOSED_V1
IN|KBEAUTY|KBEAUTY_G05,IN,KBEAUTY,KBEAUTY_G05,,keyword,Korean makeup tutorial,,en,EXPORT_REFERENCED,RULE_SELECTED,PENDING_EMPIRICAL,UNKNOWN,PENDING,NOT_YET_TESTED,PENDING_DOM_EXTRACTION,,COMPOSED,,,,,,N/A,,ORIGIN-NOUN-COMPOSED-1.0,NOT_REQUIRED,,PENDING_EMPIRICAL_VALIDATION,,,,,,https://trends.google.com/trends/explore?date=2018-01-01%202026-08-09&geo=IN&q=Korean%20makeup%20tutorial&hl=en,한국 메이크업 · 수출 참고 HS 330410·330420 · 인도(en) 조합,,,한국 메이크업,KCONSUMER_COMPOSED_V1
IN|KBEAUTY|KBEAUTY_G06,IN,KBEAUTY,KBEAUTY_G06,,keyword,glass skin,,en,MODE_GRAMMAR,RULE_SELECTED,PENDING_EMPIRICAL,UNKNOWN,PENDING,NOT_YET_TESTED,PENDING_TOPIC_EXTRACTION,,ATOMIC_LEXEME,,,,,,N/A,,ATOMIC-LEXEME-1.0,NOT_REQUIRED,,PENDING_EMPIRICAL_VALIDATION,,,,,,https://trends.google.com/trends/explore?date=2018-01-01%202026-08-09&geo=IN&q=glass%20skin&hl=en,글래스 스킨 · 소비양식 문법 · 인도(en) 외래어,,'glass skin' 은 한국 기원이나 글로벌 뷰티 용어로 확산돼 도메인 귀속이 약하다,글래스 스킨 · TOPIC 후보,KCONSUMER_COMPOSED_V1
IN|KBEAUTY|KBEAUTY_E01,IN,KBEAUTY,KBEAUTY_E01,,keyword,Korean serum,,en,EXPORT_REFERENCED,RULE_SELECTED,PENDING_EMPIRICAL,UNKNOWN,PENDING,NOT_YET_TESTED,PENDING_DOM_EXTRACTION,,COMPOSED,,,,,,N/A,,ORIGIN-NOUN-COMPOSED-1.0,NOT_REQUIRED,,PENDING_EMPIRICAL_VALIDATION,,,,,,https://trends.google.com/trends/explore?date=2018-01-01%202026-08-09&geo=IN&q=Korean%20serum&hl=en,세럼·에센스 · 수출 참고 HS 330499 · 인도(en) 조합,,,세럼·에센스,KCONSUMER_COMPOSED_V1
IN|KBEAUTY|KBEAUTY_E02,IN,KBEAUTY,KBEAUTY_E02,,keyword,Korean sheet mask,,en,EXPORT_REFERENCED,RULE_SELECTED,PENDING_EMPIRICAL,UNKNOWN,PENDING,NOT_YET_TESTED,PENDING_DOM_EXTRACTION,,COMPOSED,,,,,,N/A,,ORIGIN-NOUN-COMPOSED-1.0,NOT_REQUIRED,,PENDING_EMPIRICAL_VALIDATION,,,,,,https://trends.google.com/trends/explore?date=2018-01-01%202026-08-09&geo=IN&q=Korean%20sheet%20mask&hl=en,시트마스크 · 수출 참고 HS 330499 · 인도(en) 조합,,,시트마스크,KCONSUMER_COMPOSED_V1
IN|KBEAUTY|KBEAUTY_E03,IN,KBEAUTY,KBEAUTY_E03,,keyword,Korean sunscreen,,en,EXPORT_REFERENCED,RULE_SELECTED,PENDING_EMPIRICAL,UNKNOWN,PENDING,NOT_YET_TESTED,PENDING_DOM_EXTRACTION,,COMPOSED,,,,,,N/A,,ORIGIN-NOUN-COMPOSED-1.0,NOT_REQUIRED,,PENDING_EMPIRICAL_VALIDATION,,,,,,https://trends.google.com/trends/explore?date=2018-01-01%202026-08-09&geo=IN&q=Korean%20sunscreen&hl=en,선크림 · 수출 참고 HS 330499 · 인도(en) 조합,,,선크림,KCONSUMER_COMPOSED_V1
IN|KBEAUTY|KBEAUTY_E04,IN,KBEAUTY,KBEAUTY_E04,,keyword,Korean cushion foundation,,en,EXPORT_REFERENCED,RULE_SELECTED,PENDING_EMPIRICAL,UNKNOWN,PENDING,NOT_YET_TESTED,PENDING_DOM_EXTRACTION,,COMPOSED,,,,,,N/A,,ORIGIN-NOUN-COMPOSED-1.0,NOT_REQUIRED,,PENDING_EMPIRICAL_VALIDATION,,,,,,https://trends.google.com/trends/explore?date=2018-01-01%202026-08-09&geo=IN&q=Korean%20cushion%20foundation&hl=en,쿠션 파운데이션 · 수출 참고 HS 330491·961620 · 인도(en) 조합,,쿠션은 한국이 만든 제형이라 원산지 수식 없이도 한국 신호일 수 있다 — 수식어를 붙여 과소측정될 위험,쿠션 파운데이션,KCONSUMER_COMPOSED_V1
IN|KBEAUTY|KBEAUTY_E05,IN,KBEAUTY,KBEAUTY_E05,,keyword,Korean lip tint,,en,EXPORT_REFERENCED,RULE_SELECTED,PENDING_EMPIRICAL,UNKNOWN,PENDING,NOT_YET_TESTED,PENDING_DOM_EXTRACTION,,COMPOSED,,,,,,N/A,,ORIGIN-NOUN-COMPOSED-1.0,NOT_REQUIRED,,PENDING_EMPIRICAL_VALIDATION,,,,,,https://trends.google.com/trends/explore?date=2018-01-01%202026-08-09&geo=IN&q=Korean%20lip%20tint&hl=en,립틴트 · 수출 참고 HS 330410 · 인도(en) 조합,,,립틴트,KCONSUMER_COMPOSED_V1
IN|KBEAUTY|KBEAUTY_E06,IN,KBEAUTY,KBEAUTY_E06,,keyword,Korean cleanser,,en,EXPORT_REFERENCED,RULE_SELECTED,PENDING_EMPIRICAL,UNKNOWN,PENDING,NOT_YET_TESTED,PENDING_DOM_EXTRACTION,,COMPOSED,,,,,,N/A,,ORIGIN-NOUN-COMPOSED-1.0,NOT_REQUIRED,,PENDING_EMPIRICAL_VALIDATION,,,,,,https://trends.google.com/trends/explore?date=2018-01-01%202026-08-09&geo=IN&q=Korean%20cleanser&hl=en,클렌징 · 수출 참고 HS 340130 · 인도(en) 조합,,,클렌징,KCONSUMER_COMPOSED_V1
IN|KBEAUTY|KBEAUTY_E07,IN,KBEAUTY,KBEAUTY_E07,,keyword,Korean hair care,,en,EXPORT_REFERENCED,RULE_SELECTED,PENDING_EMPIRICAL,UNKNOWN,PENDING,NOT_YET_TESTED,PENDING_DOM_EXTRACTION,,COMPOSED,,,,,,N/A,,ORIGIN-NOUN-COMPOSED-1.0,NOT_REQUIRED,,PENDING_EMPIRICAL_VALIDATION,,,,,,https://trends.google.com/trends/explore?date=2018-01-01%202026-08-09&geo=IN&q=Korean%20hair%20care&hl=en,헤어케어 · 수출 참고 HS 330590·330510 · 인도(en) 조합,,,헤어케어,KCONSUMER_COMPOSED_V1
IN|KBEAUTY|KBEAUTY_E08,IN,KBEAUTY,KBEAUTY_E08,,keyword,Korean perfume,,en,EXPORT_REFERENCED,RULE_SELECTED,PENDING_EMPIRICAL,UNKNOWN,PENDING,NOT_YET_TESTED,PENDING_DOM_EXTRACTION,,COMPOSED,,,,,,N/A,,ORIGIN-NOUN-COMPOSED-1.0,NOT_REQUIRED,,PENDING_EMPIRICAL_VALIDATION,,,,,,https://trends.google.com/trends/explore?date=2018-01-01%202026-08-09&geo=IN&q=Korean%20perfume&hl=en,향수 · 수출 참고 HS 330300·330790 · 인도(en) 조합,,,향수,KCONSUMER_COMPOSED_V1
IN|KBEAUTY|KBEAUTY_P01,IN,KBEAUTY,KBEAUTY_P01,,keyword,Japanese cosmetics,,en,MODE_GRAMMAR,RULE_SELECTED,PENDING_EMPIRICAL,UNKNOWN,PENDING,NOT_YET_TESTED,PENDING_TOPIC_EXTRACTION,,COMPOSED,,,,,,N/A,,ORIGIN-NOUN-COMPOSED-1.0,NOT_REQUIRED,,PENDING_EMPIRICAL_VALIDATION,,,,,,https://trends.google.com/trends/explore?date=2018-01-01%202026-08-09&geo=IN&q=Japanese%20cosmetics&hl=en,[위약] 일본 화장품 · 소비양식 문법 · 인도(en) 조합,,,[위약] 일본 화장품 · TOPIC 후보,KCONSUMER_COMPOSED_V1
IN|KBEAUTY|KBEAUTY_P02,IN,KBEAUTY,KBEAUTY_P02,,keyword,French cosmetics,,en,MODE_GRAMMAR,RULE_SELECTED,PENDING_EMPIRICAL,UNKNOWN,PENDING,NOT_YET_TESTED,PENDING_TOPIC_EXTRACTION,,COMPOSED,,,,,,N/A,,ORIGIN-NOUN-COMPOSED-1.0,NOT_REQUIRED,,PENDING_EMPIRICAL_VALIDATION,,,,,,https://trends.google.com/trends/explore?date=2018-01-01%202026-08-09&geo=IN&q=French%20cosmetics&hl=en,[위약] 프랑스 화장품 · 소비양식 문법 · 인도(en) 조합,,,[위약] 프랑스 화장품 · TOPIC 후보,KCONSUMER_COMPOSED_V1
IN|KFASHION|KFASHION_G01,IN,KFASHION,KFASHION_G01,,keyword,Korean fashion,,en,MODE_GRAMMAR,RULE_SELECTED,PENDING_EMPIRICAL,UNKNOWN,PENDING,NOT_YET_TESTED,PENDING_TOPIC_EXTRACTION,,COMPOSED,,,,,,N/A,,ORIGIN-NOUN-COMPOSED-1.0,NOT_REQUIRED,,PENDING_EMPIRICAL_VALIDATION,,,,,,https://trends.google.com/trends/explore?date=2018-01-01%202026-08-09&geo=IN&q=Korean%20fashion&hl=en,한국 패션 · 소비양식 문법 · 인도(en) 조합,,,한국 패션 · TOPIC 후보,KCONSUMER_COMPOSED_V1
IN|KFASHION|KFASHION_G02,IN,KFASHION,KFASHION_G02,,keyword,K-fashion,,en,MODE_GRAMMAR,RULE_SELECTED,PENDING_EMPIRICAL,UNKNOWN,PENDING,NOT_YET_TESTED,PENDING_TOPIC_EXTRACTION,,ATOMIC_LEXEME,,,,,,N/A,,ATOMIC-LEXEME-1.0,NOT_REQUIRED,,PENDING_EMPIRICAL_VALIDATION,,,,,,https://trends.google.com/trends/explore?date=2018-01-01%202026-08-09&geo=IN&q=K-fashion&hl=en,K-fashion · 소비양식 문법 · 인도(en) 외래어,,,K-fashion · TOPIC 후보,KCONSUMER_COMPOSED_V1
IN|KFASHION|KFASHION_G03,IN,KFASHION,KFASHION_G03,,keyword,Korean style,,en,MODE_GRAMMAR,RULE_SELECTED,PENDING_EMPIRICAL,UNKNOWN,PENDING,NOT_YET_TESTED,PENDING_DOM_EXTRACTION,,COMPOSED,,,,,,N/A,,ORIGIN-NOUN-COMPOSED-1.0,NOT_REQUIRED,,PENDING_EMPIRICAL_VALIDATION,,,,,,https://trends.google.com/trends/explore?date=2018-01-01%202026-08-09&geo=IN&q=Korean%20style&hl=en,한국 스타일 코디 · 소비양식 문법 · 인도(en) 조합,,,한국 스타일 코디,KCONSUMER_COMPOSED_V1
IN|KFASHION|KFASHION_G04,IN,KFASHION,KFASHION_G04,,keyword,Korean fashion brand,,en,MODE_GRAMMAR,RULE_SELECTED,PENDING_EMPIRICAL,UNKNOWN,PENDING,NOT_YET_TESTED,PENDING_DOM_EXTRACTION,,COMPOSED,,,,,,N/A,,ORIGIN-NOUN-COMPOSED-1.0,NOT_REQUIRED,,PENDING_EMPIRICAL_VALIDATION,,,,,,https://trends.google.com/trends/explore?date=2018-01-01%202026-08-09&geo=IN&q=Korean%20fashion%20brand&hl=en,한국 패션 브랜드 · 소비양식 문법 · 인도(en) 조합,,,한국 패션 브랜드,KCONSUMER_COMPOSED_V1
IN|KFASHION|KFASHION_G05,IN,KFASHION,KFASHION_G05,,keyword,Korean idol fashion,,en,MODE_GRAMMAR,RULE_SELECTED,PENDING_EMPIRICAL,UNKNOWN,PENDING,NOT_YET_TESTED,PENDING_DOM_EXTRACTION,,COMPOSED,,,,,,N/A,,ORIGIN-NOUN-COMPOSED-1.0,NOT_REQUIRED,,PENDING_EMPIRICAL_VALIDATION,,,,,,https://trends.google.com/trends/explore?date=2018-01-01%202026-08-09&geo=IN&q=Korean%20idol%20fashion&hl=en,아이돌 패션 · 소비양식 문법 · 인도(en) 조합,,아이돌 패션은 K-Pop 도메인과 겹친다. KPOP 계열과의 상관을 먼저 확인할 것,아이돌 패션,KCONSUMER_COMPOSED_V1
IN|KFASHION|KFASHION_G06,IN,KFASHION,KFASHION_G06,,keyword,Korean streetwear,,en,MODE_GRAMMAR,RULE_SELECTED,PENDING_EMPIRICAL,UNKNOWN,PENDING,NOT_YET_TESTED,PENDING_DOM_EXTRACTION,,COMPOSED,,,,,,N/A,,ORIGIN-NOUN-COMPOSED-1.0,NOT_REQUIRED,,PENDING_EMPIRICAL_VALIDATION,,,,,,https://trends.google.com/trends/explore?date=2018-01-01%202026-08-09&geo=IN&q=Korean%20streetwear&hl=en,한국 스트릿웨어 · 소비양식 문법 · 인도(en) 조합,,,한국 스트릿웨어,KCONSUMER_COMPOSED_V1
IN|KFASHION|KFASHION_G07,IN,KFASHION,KFASHION_G07,,keyword,Korean clothing online shop,,en,MODE_GRAMMAR,RULE_SELECTED,PENDING_EMPIRICAL,UNKNOWN,PENDING,NOT_YET_TESTED,PENDING_DOM_EXTRACTION,,COMPOSED,,,,,,N/A,,ORIGIN-NOUN-COMPOSED-1.0,NOT_REQUIRED,,PENDING_EMPIRICAL_VALIDATION,,,,,,https://trends.google.com/trends/explore?date=2018-01-01%202026-08-09&geo=IN&q=Korean%20clothing%20online%20shop&hl=en,한국 옷 쇼핑몰 · 소비양식 문법 · 인도(en) 조합,,'한국 옷 쇼핑몰'은 플랫폼 브랜드명(무신사 등)으로 검색이 분산될 수 있음,한국 옷 쇼핑몰,KCONSUMER_COMPOSED_V1
IN|KFASHION|KFASHION_E01,IN,KFASHION,KFASHION_E01,,keyword,Korean bag,,en,EXPORT_REFERENCED,RULE_SELECTED,PENDING_EMPIRICAL,UNKNOWN,PENDING,NOT_YET_TESTED,PENDING_DOM_EXTRACTION,,COMPOSED,,,,,,N/A,,ORIGIN-NOUN-COMPOSED-1.0,NOT_REQUIRED,,PENDING_EMPIRICAL_VALIDATION,,,,,,https://trends.google.com/trends/explore?date=2018-01-01%202026-08-09&geo=IN&q=Korean%20bag&hl=en,가방 · 수출 참고 HS 420222·420221·420292 · 인도(en) 조합,,,가방,KCONSUMER_COMPOSED_V1
IN|KFASHION|KFASHION_E02,IN,KFASHION,KFASHION_E02,,keyword,Korean sunglasses,,en,EXPORT_REFERENCED,RULE_SELECTED,PENDING_EMPIRICAL,UNKNOWN,PENDING,NOT_YET_TESTED,PENDING_DOM_EXTRACTION,,COMPOSED,,,,,,N/A,,ORIGIN-NOUN-COMPOSED-1.0,NOT_REQUIRED,,PENDING_EMPIRICAL_VALIDATION,,,,,,https://trends.google.com/trends/explore?date=2018-01-01%202026-08-09&geo=IN&q=Korean%20sunglasses&hl=en,선글라스 · 수출 참고 HS 900410 · 인도(en) 조합,,,선글라스,KCONSUMER_COMPOSED_V1
IN|KFASHION|KFASHION_E03,IN,KFASHION,KFASHION_E03,,keyword,Korean sneakers,,en,EXPORT_REFERENCED,RULE_SELECTED,PENDING_EMPIRICAL,UNKNOWN,PENDING,NOT_YET_TESTED,PENDING_DOM_EXTRACTION,,COMPOSED,,,,,,N/A,,ORIGIN-NOUN-COMPOSED-1.0,NOT_REQUIRED,,PENDING_EMPIRICAL_VALIDATION,,,,,,https://trends.google.com/trends/explore?date=2018-01-01%202026-08-09&geo=IN&q=Korean%20sneakers&hl=en,스니커즈 · 수출 참고 HS 640411·640419 · 인도(en) 조합,,,스니커즈,KCONSUMER_COMPOSED_V1
IN|KFASHION|KFASHION_E04,IN,KFASHION,KFASHION_E04,,keyword,Korean t-shirt,,en,EXPORT_REFERENCED,RULE_SELECTED,PENDING_EMPIRICAL,UNKNOWN,PENDING,NOT_YET_TESTED,PENDING_DOM_EXTRACTION,,COMPOSED,,,,,,N/A,,ORIGIN-NOUN-COMPOSED-1.0,NOT_REQUIRED,,PENDING_EMPIRICAL_VALIDATION,,,,,,https://trends.google.com/trends/explore?date=2018-01-01%202026-08-09&geo=IN&q=Korean%20t-shirt&hl=en,티셔츠 · 수출 참고 HS 610910·610990 · 인도(en) 조합,,,티셔츠,KCONSUMER_COMPOSED_V1
IN|KFASHION|KFASHION_E05,IN,KFASHION,KFASHION_E05,,keyword,Korean jewelry,,en,EXPORT_REFERENCED,RULE_SELECTED,PENDING_EMPIRICAL,UNKNOWN,PENDING,NOT_YET_TESTED,PENDING_DOM_EXTRACTION,,COMPOSED,,,,,,N/A,,ORIGIN-NOUN-COMPOSED-1.0,NOT_REQUIRED,,PENDING_EMPIRICAL_VALIDATION,,,,,,https://trends.google.com/trends/explore?date=2018-01-01%202026-08-09&geo=IN&q=Korean%20jewelry&hl=en,주얼리 · 수출 참고 HS 711319·711719 · 인도(en) 조합,,주얼리 대역의 L1 대응 품목 711319 는 금 시세에 좌우된다 — L1 과 L3 의 괴리가 클 것으로 예상,주얼리,KCONSUMER_COMPOSED_V1
IN|KFASHION|KFASHION_E06,IN,KFASHION,KFASHION_E06,,keyword,Korean hat,,en,EXPORT_REFERENCED,RULE_SELECTED,PENDING_EMPIRICAL,UNKNOWN,PENDING,NOT_YET_TESTED,PENDING_DOM_EXTRACTION,,COMPOSED,,,,,,N/A,,ORIGIN-NOUN-COMPOSED-1.0,NOT_REQUIRED,,PENDING_EMPIRICAL_VALIDATION,,,,,,https://trends.google.com/trends/explore?date=2018-01-01%202026-08-09&geo=IN&q=Korean%20hat&hl=en,모자 · 수출 참고 HS 650500 · 인도(en) 조합,,,모자,KCONSUMER_COMPOSED_V1
IN|KFASHION|KFASHION_E07,IN,KFASHION,KFASHION_E07,,keyword,Korean coat,,en,EXPORT_REFERENCED,RULE_SELECTED,PENDING_EMPIRICAL,UNKNOWN,PENDING,NOT_YET_TESTED,PENDING_DOM_EXTRACTION,,COMPOSED,,,,,,N/A,,ORIGIN-NOUN-COMPOSED-1.0,NOT_REQUIRED,,PENDING_EMPIRICAL_VALIDATION,,,,,,https://trends.google.com/trends/explore?date=2018-01-01%202026-08-09&geo=IN&q=Korean%20coat&hl=en,아우터 · 수출 참고 HS 620240 · 인도(en) 조합,,,아우터,KCONSUMER_COMPOSED_V1
IN|KFASHION|KFASHION_P01,IN,KFASHION,KFASHION_P01,,keyword,Japanese fashion,,en,MODE_GRAMMAR,RULE_SELECTED,PENDING_EMPIRICAL,UNKNOWN,PENDING,NOT_YET_TESTED,PENDING_TOPIC_EXTRACTION,,COMPOSED,,,,,,N/A,,ORIGIN-NOUN-COMPOSED-1.0,NOT_REQUIRED,,PENDING_EMPIRICAL_VALIDATION,,,,,,https://trends.google.com/trends/explore?date=2018-01-01%202026-08-09&geo=IN&q=Japanese%20fashion&hl=en,[위약] 일본 패션 · 소비양식 문법 · 인도(en) 조합,,,[위약] 일본 패션 · TOPIC 후보,KCONSUMER_COMPOSED_V1
IN|KFASHION|KFASHION_P02,IN,KFASHION,KFASHION_P02,,keyword,Italian fashion,,en,MODE_GRAMMAR,RULE_SELECTED,PENDING_EMPIRICAL,UNKNOWN,PENDING,NOT_YET_TESTED,PENDING_TOPIC_EXTRACTION,,COMPOSED,,,,,,N/A,,ORIGIN-NOUN-COMPOSED-1.0,NOT_REQUIRED,,PENDING_EMPIRICAL_VALIDATION,,,,,,https://trends.google.com/trends/explore?date=2018-01-01%202026-08-09&geo=IN&q=Italian%20fashion&hl=en,[위약] 이탈리아 패션 · 소비양식 문법 · 인도(en) 조합,,,[위약] 이탈리아 패션 · TOPIC 후보,KCONSUMER_COMPOSED_V1
MY|KFOOD|KFOOD_G01,MY,KFOOD,KFOOD_G01,,keyword,Korean food,,en,MODE_GRAMMAR,RULE_SELECTED,PENDING_EMPIRICAL,UNKNOWN,PENDING,NOT_YET_TESTED,PENDING_TOPIC_EXTRACTION,,COMPOSED,,,,,,N/A,,ORIGIN-NOUN-COMPOSED-1.0,NOT_REQUIRED,,PENDING_EMPIRICAL_VALIDATION,,,,,,https://trends.google.com/trends/explore?date=2018-01-01%202026-08-09&geo=MY&q=Korean%20food&hl=en,한국 음식 · 소비양식 문법 · 말레이시아(en) 조합,,,한국 음식 · TOPIC 후보,KCONSUMER_COMPOSED_V1
MY|KFOOD|KFOOD_G02,MY,KFOOD,KFOOD_G02,,keyword,K-food,,en,MODE_GRAMMAR,RULE_SELECTED,PENDING_EMPIRICAL,UNKNOWN,PENDING,NOT_YET_TESTED,PENDING_TOPIC_EXTRACTION,,ATOMIC_LEXEME,,,,,,N/A,,ATOMIC-LEXEME-1.0,NOT_REQUIRED,,PENDING_EMPIRICAL_VALIDATION,,,,,,https://trends.google.com/trends/explore?date=2018-01-01%202026-08-09&geo=MY&q=K-food&hl=en,K-food · 소비양식 문법 · 말레이시아(en) 외래어,,,K-food · TOPIC 후보,KCONSUMER_COMPOSED_V1
MY|KFOOD|KFOOD_G03,MY,KFOOD,KFOOD_G03,,keyword,Korean food recipe,,en,MODE_GRAMMAR,RULE_SELECTED,PENDING_EMPIRICAL,UNKNOWN,PENDING,NOT_YET_TESTED,PENDING_DOM_EXTRACTION,,COMPOSED,,,,,,N/A,,ORIGIN-NOUN-COMPOSED-1.0,NOT_REQUIRED,,PENDING_EMPIRICAL_VALIDATION,,,,,,https://trends.google.com/trends/explore?date=2018-01-01%202026-08-09&geo=MY&q=Korean%20food%20recipe&hl=en,한국 요리법 · 소비양식 문법 · 말레이시아(en) 조합,,,한국 요리법,KCONSUMER_COMPOSED_V1
MY|KFOOD|KFOOD_G04,MY,KFOOD,KFOOD_G04,,keyword,Korean restaurant,,en,MODE_GRAMMAR,RULE_SELECTED,PENDING_EMPIRICAL,UNKNOWN,PENDING,NOT_YET_TESTED,PENDING_DOM_EXTRACTION,,COMPOSED,,,,,,N/A,,ORIGIN-NOUN-COMPOSED-1.0,NOT_REQUIRED,,PENDING_EMPIRICAL_VALIDATION,,,,,,https://trends.google.com/trends/explore?date=2018-01-01%202026-08-09&geo=MY&q=Korean%20restaurant&hl=en,한식당 · 소비양식 문법 · 말레이시아(en) 조합,,,한식당,KCONSUMER_COMPOSED_V1
MY|KFOOD|KFOOD_G05,MY,KFOOD,KFOOD_G05,,keyword,mukbang,,en,MODE_GRAMMAR,RULE_SELECTED,PENDING_EMPIRICAL,UNKNOWN,PENDING,NOT_YET_TESTED,PENDING_TOPIC_EXTRACTION,,ATOMIC_LEXEME,,,,,,N/A,,ATOMIC-LEXEME-1.0,NOT_REQUIRED,,PENDING_EMPIRICAL_VALIDATION,,,,,,https://trends.google.com/trends/explore?date=2018-01-01%202026-08-09&geo=MY&q=mukbang&hl=en,먹방 · 소비양식 문법 · 말레이시아(en) 외래어,,먹방은 한국 기원어지만 이미 국제 장르명이 되어 비한국 콘텐츠를 포함한다 — 도메인 귀속이 약해지는 방향,먹방 · TOPIC 후보,KCONSUMER_COMPOSED_V1
MY|KFOOD|KFOOD_G06,MY,KFOOD,KFOOD_G06,,keyword,Korean street food,,en,MODE_GRAMMAR,RULE_SELECTED,PENDING_EMPIRICAL,UNKNOWN,PENDING,NOT_YET_TESTED,PENDING_DOM_EXTRACTION,,COMPOSED,,,,,,N/A,,ORIGIN-NOUN-COMPOSED-1.0,NOT_REQUIRED,,PENDING_EMPIRICAL_VALIDATION,,,,,,https://trends.google.com/trends/explore?date=2018-01-01%202026-08-09&geo=MY&q=Korean%20street%20food&hl=en,한국 길거리음식 · 소비양식 문법 · 말레이시아(en) 조합,,,한국 길거리음식,KCONSUMER_COMPOSED_V1
MY|KFOOD|KFOOD_E01,MY,KFOOD,KFOOD_E01,,keyword,kimchi,,en,EXPORT_REFERENCED,RULE_SELECTED,PENDING_EMPIRICAL,UNKNOWN,PENDING,NOT_YET_TESTED,PENDING_TOPIC_EXTRACTION,,ATOMIC_LEXEME,,,,,,N/A,,ATOMIC-LEXEME-1.0,NOT_REQUIRED,,PENDING_EMPIRICAL_VALIDATION,,,,,,https://trends.google.com/trends/explore?date=2018-01-01%202026-08-09&geo=MY&q=kimchi&hl=en,김치 · 수출 참고 HS 200599 · 말레이시아(en) 외래어,,일본은 자국산 김치를 대량 생산해 JP 신호에 국산 수요가 섞인다,김치 · TOPIC 후보,KCONSUMER_COMPOSED_V1
MY|KFOOD|KFOOD_E02,MY,KFOOD,KFOOD_E02,,keyword,Korean ramen,,en,EXPORT_REFERENCED,RULE_SELECTED,PENDING_EMPIRICAL,UNKNOWN,PENDING,NOT_YET_TESTED,PENDING_TOPIC_EXTRACTION,,COMPOSED,,,,,,N/A,,ORIGIN-NOUN-COMPOSED-1.0,NOT_REQUIRED,,PENDING_EMPIRICAL_VALIDATION,,,,,,https://trends.google.com/trends/explore?date=2018-01-01%202026-08-09&geo=MY&q=Korean%20ramen&hl=en,라면 · 수출 참고 HS 190230 · 말레이시아(en) 조합,,'ramen' 단독은 일식이다. 전 언어에서 한국 수식어를 붙였으나 그만큼 검색량이 줄어 과소측정 가능,라면 · TOPIC 후보,KCONSUMER_COMPOSED_V1
MY|KFOOD|KFOOD_E03,MY,KFOOD,KFOOD_E03,,keyword,soju,,en,EXPORT_REFERENCED,RULE_SELECTED,PENDING_EMPIRICAL,UNKNOWN,PENDING,NOT_YET_TESTED,PENDING_TOPIC_EXTRACTION,,ATOMIC_LEXEME,,,,,,N/A,,ATOMIC-LEXEME-1.0,NOT_REQUIRED,,PENDING_EMPIRICAL_VALIDATION,,,,,,https://trends.google.com/trends/explore?date=2018-01-01%202026-08-09&geo=MY&q=soju&hl=en,소주 · 수출 참고 HS 220890·220870 · 말레이시아(en) 외래어,,일본어 焼酎 는 일본 소주다. 韓国焼酎 로 한정했으나 ソジュ 표기와 분산될 수 있음,소주 · TOPIC 후보,KCONSUMER_COMPOSED_V1
MY|KFOOD|KFOOD_E04,MY,KFOOD,KFOOD_E04,,keyword,tteokbokki,,en,MODE_GRAMMAR,RULE_SELECTED,PENDING_EMPIRICAL,UNKNOWN,PENDING,NOT_YET_TESTED,PENDING_TOPIC_EXTRACTION,,ATOMIC_LEXEME,,,,,,N/A,,ATOMIC-LEXEME-1.0,NOT_REQUIRED,,PENDING_EMPIRICAL_VALIDATION,,,,,,https://trends.google.com/trends/explore?date=2018-01-01%202026-08-09&geo=MY&q=tteokbokki&hl=en,떡볶이 · 소비양식 문법 · 말레이시아(en) 외래어,,,떡볶이 · TOPIC 후보,KCONSUMER_COMPOSED_V1
MY|KFOOD|KFOOD_E05,MY,KFOOD,KFOOD_E05,,keyword,Korean fried chicken,,en,MODE_GRAMMAR,RULE_SELECTED,PENDING_EMPIRICAL,UNKNOWN,PENDING,NOT_YET_TESTED,PENDING_DOM_EXTRACTION,,COMPOSED,,,,,,N/A,,ORIGIN-NOUN-COMPOSED-1.0,NOT_REQUIRED,,PENDING_EMPIRICAL_VALIDATION,,,,,,https://trends.google.com/trends/explore?date=2018-01-01%202026-08-09&geo=MY&q=Korean%20fried%20chicken&hl=en,한국 치킨 · 소비양식 문법 · 말레이시아(en) 조합,,,한국 치킨,KCONSUMER_COMPOSED_V1
MY|KFOOD|KFOOD_E06,MY,KFOOD,KFOOD_E06,,keyword,Korean snacks,,en,EXPORT_REFERENCED,RULE_SELECTED,PENDING_EMPIRICAL,UNKNOWN,PENDING,NOT_YET_TESTED,PENDING_DOM_EXTRACTION,,COMPOSED,,,,,,N/A,,ORIGIN-NOUN-COMPOSED-1.0,NOT_REQUIRED,,PENDING_EMPIRICAL_VALIDATION,,,,,,https://trends.google.com/trends/explore?date=2018-01-01%202026-08-09&geo=MY&q=Korean%20snacks&hl=en,한국 과자 · 수출 참고 HS 190590·170490 · 말레이시아(en) 조합,,,한국 과자,KCONSUMER_COMPOSED_V1
MY|KFOOD|KFOOD_E07,MY,KFOOD,KFOOD_E07,,keyword,Korean seaweed snack,,en,EXPORT_REFERENCED,RULE_SELECTED,PENDING_EMPIRICAL,UNKNOWN,PENDING,NOT_YET_TESTED,PENDING_DOM_EXTRACTION,,COMPOSED,,,,,,N/A,,ORIGIN-NOUN-COMPOSED-1.0,NOT_REQUIRED,,PENDING_EMPIRICAL_VALIDATION,,,,,,https://trends.google.com/trends/explore?date=2018-01-01%202026-08-09&geo=MY&q=Korean%20seaweed%20snack&hl=en,김 · 수출 참고 HS 121221 · 말레이시아(en) 조합,,일본어 のり 단독은 일본산 김. 韓国のり 로 한정,김,KCONSUMER_COMPOSED_V1
MY|KFOOD|KFOOD_E08,MY,KFOOD,KFOOD_E08,,keyword,gochujang,,en,EXPORT_REFERENCED,RULE_SELECTED,PENDING_EMPIRICAL,UNKNOWN,PENDING,NOT_YET_TESTED,PENDING_TOPIC_EXTRACTION,,ATOMIC_LEXEME,,,,,,N/A,,ATOMIC-LEXEME-1.0,NOT_REQUIRED,,PENDING_EMPIRICAL_VALIDATION,,,,,,https://trends.google.com/trends/explore?date=2018-01-01%202026-08-09&geo=MY&q=gochujang&hl=en,고추장 · 수출 참고 HS 210390 · 말레이시아(en) 외래어,,,고추장 · TOPIC 후보,KCONSUMER_COMPOSED_V1
MY|KFOOD|KFOOD_E09,MY,KFOOD,KFOOD_E09,,keyword,Korean ginseng,,en,EXPORT_REFERENCED,RULE_SELECTED,PENDING_EMPIRICAL,UNKNOWN,PENDING,NOT_YET_TESTED,PENDING_TOPIC_EXTRACTION,,ATOMIC_LEXEME,,,,,,N/A,,ATOMIC-LEXEME-1.0,NOT_REQUIRED,,PENDING_EMPIRICAL_VALIDATION,,,,,,https://trends.google.com/trends/explore?date=2018-01-01%202026-08-09&geo=MY&q=Korean%20ginseng&hl=en,인삼 · 수출 참고 HS 121120 · 말레이시아(en) 외래어,,,인삼 · TOPIC 후보,KCONSUMER_COMPOSED_V1
MY|KFOOD|KFOOD_P01,MY,KFOOD,KFOOD_P01,,keyword,Japanese food,,en,MODE_GRAMMAR,RULE_SELECTED,PENDING_EMPIRICAL,UNKNOWN,PENDING,NOT_YET_TESTED,PENDING_TOPIC_EXTRACTION,,COMPOSED,,,,,,N/A,,ORIGIN-NOUN-COMPOSED-1.0,NOT_REQUIRED,,PENDING_EMPIRICAL_VALIDATION,,,,,,https://trends.google.com/trends/explore?date=2018-01-01%202026-08-09&geo=MY&q=Japanese%20food&hl=en,[위약] 일식 · 소비양식 문법 · 말레이시아(en) 조합,,위약이지만 한식·일식은 대체재이자 보완재라 부호가 양쪽 다 가능 — 계수 부호까지 함께 볼 것,[위약] 일식 · TOPIC 후보,KCONSUMER_COMPOSED_V1
MY|KFOOD|KFOOD_P02,MY,KFOOD,KFOOD_P02,,keyword,Chinese food,,en,MODE_GRAMMAR,RULE_SELECTED,PENDING_EMPIRICAL,UNKNOWN,PENDING,NOT_YET_TESTED,PENDING_TOPIC_EXTRACTION,,COMPOSED,,,,,,N/A,,ORIGIN-NOUN-COMPOSED-1.0,NOT_REQUIRED,,PENDING_EMPIRICAL_VALIDATION,,,,,,https://trends.google.com/trends/explore?date=2018-01-01%202026-08-09&geo=MY&q=Chinese%20food&hl=en,[위약] 중식 · 소비양식 문법 · 말레이시아(en) 조합,,,[위약] 중식 · TOPIC 후보,KCONSUMER_COMPOSED_V1
MY|KFOOD|KFOOD_P03,MY,KFOOD,KFOOD_P03,,keyword,Thai food,,en,MODE_GRAMMAR,RULE_SELECTED,PENDING_EMPIRICAL,UNKNOWN,PENDING,NOT_YET_TESTED,PENDING_TOPIC_EXTRACTION,,COMPOSED,,,,,,N/A,,ORIGIN-NOUN-COMPOSED-1.0,NOT_REQUIRED,,PENDING_EMPIRICAL_VALIDATION,,,,,,https://trends.google.com/trends/explore?date=2018-01-01%202026-08-09&geo=MY&q=Thai%20food&hl=en,[위약] 태국음식 · 소비양식 문법 · 말레이시아(en) 조합,,,[위약] 태국음식 · TOPIC 후보,KCONSUMER_COMPOSED_V1
MY|KBEAUTY|KBEAUTY_G01,MY,KBEAUTY,KBEAUTY_G01,,keyword,Korean cosmetics,,en,MODE_GRAMMAR,RULE_SELECTED,PENDING_EMPIRICAL,UNKNOWN,PENDING,NOT_YET_TESTED,PENDING_TOPIC_EXTRACTION,,COMPOSED,,,,,,N/A,,ORIGIN-NOUN-COMPOSED-1.0,NOT_REQUIRED,,PENDING_EMPIRICAL_VALIDATION,,,,,,https://trends.google.com/trends/explore?date=2018-01-01%202026-08-09&geo=MY&q=Korean%20cosmetics&hl=en,한국 화장품 · 소비양식 문법 · 말레이시아(en) 조합,,,한국 화장품 · TOPIC 후보,KCONSUMER_COMPOSED_V1
MY|KBEAUTY|KBEAUTY_G02,MY,KBEAUTY,KBEAUTY_G02,,keyword,K-beauty,,en,MODE_GRAMMAR,RULE_SELECTED,PENDING_EMPIRICAL,UNKNOWN,PENDING,NOT_YET_TESTED,PENDING_TOPIC_EXTRACTION,,ATOMIC_LEXEME,,,,,,N/A,,ATOMIC-LEXEME-1.0,NOT_REQUIRED,,PENDING_EMPIRICAL_VALIDATION,,,,,,https://trends.google.com/trends/explore?date=2018-01-01%202026-08-09&geo=MY&q=K-beauty&hl=en,K-beauty · 소비양식 문법 · 말레이시아(en) 외래어,,,K-beauty · TOPIC 후보,KCONSUMER_COMPOSED_V1
MY|KBEAUTY|KBEAUTY_G03,MY,KBEAUTY,KBEAUTY_G03,,keyword,Korean skincare routine,,en,EXPORT_REFERENCED,RULE_SELECTED,PENDING_EMPIRICAL,UNKNOWN,PENDING,NOT_YET_TESTED,PENDING_DOM_EXTRACTION,,COMPOSED,,,,,,N/A,,ORIGIN-NOUN-COMPOSED-1.0,NOT_REQUIRED,,PENDING_EMPIRICAL_VALIDATION,,,,,,https://trends.google.com/trends/explore?date=2018-01-01%202026-08-09&geo=MY&q=Korean%20skincare%20routine&hl=en,한국 스킨케어 루틴 · 수출 참고 HS 330499 · 말레이시아(en) 조합,,,한국 스킨케어 루틴,KCONSUMER_COMPOSED_V1
MY|KBEAUTY|KBEAUTY_G04,MY,KBEAUTY,KBEAUTY_G04,,keyword,Korean cosmetics brand,,en,MODE_GRAMMAR,RULE_SELECTED,PENDING_EMPIRICAL,UNKNOWN,PENDING,NOT_YET_TESTED,PENDING_DOM_EXTRACTION,,COMPOSED,,,,,,N/A,,ORIGIN-NOUN-COMPOSED-1.0,NOT_REQUIRED,,PENDING_EMPIRICAL_VALIDATION,,,,,,https://trends.google.com/trends/explore?date=2018-01-01%202026-08-09&geo=MY&q=Korean%20cosmetics%20brand&hl=en,한국 화장품 브랜드 · 소비양식 문법 · 말레이시아(en) 조합,,,한국 화장품 브랜드,KCONSUMER_COMPOSED_V1
MY|KBEAUTY|KBEAUTY_G05,MY,KBEAUTY,KBEAUTY_G05,,keyword,Korean makeup tutorial,,en,EXPORT_REFERENCED,RULE_SELECTED,PENDING_EMPIRICAL,UNKNOWN,PENDING,NOT_YET_TESTED,PENDING_DOM_EXTRACTION,,COMPOSED,,,,,,N/A,,ORIGIN-NOUN-COMPOSED-1.0,NOT_REQUIRED,,PENDING_EMPIRICAL_VALIDATION,,,,,,https://trends.google.com/trends/explore?date=2018-01-01%202026-08-09&geo=MY&q=Korean%20makeup%20tutorial&hl=en,한국 메이크업 · 수출 참고 HS 330410·330420 · 말레이시아(en) 조합,,,한국 메이크업,KCONSUMER_COMPOSED_V1
MY|KBEAUTY|KBEAUTY_G06,MY,KBEAUTY,KBEAUTY_G06,,keyword,glass skin,,en,MODE_GRAMMAR,RULE_SELECTED,PENDING_EMPIRICAL,UNKNOWN,PENDING,NOT_YET_TESTED,PENDING_TOPIC_EXTRACTION,,ATOMIC_LEXEME,,,,,,N/A,,ATOMIC-LEXEME-1.0,NOT_REQUIRED,,PENDING_EMPIRICAL_VALIDATION,,,,,,https://trends.google.com/trends/explore?date=2018-01-01%202026-08-09&geo=MY&q=glass%20skin&hl=en,글래스 스킨 · 소비양식 문법 · 말레이시아(en) 외래어,,'glass skin' 은 한국 기원이나 글로벌 뷰티 용어로 확산돼 도메인 귀속이 약하다,글래스 스킨 · TOPIC 후보,KCONSUMER_COMPOSED_V1
MY|KBEAUTY|KBEAUTY_E01,MY,KBEAUTY,KBEAUTY_E01,,keyword,Korean serum,,en,EXPORT_REFERENCED,RULE_SELECTED,PENDING_EMPIRICAL,UNKNOWN,PENDING,NOT_YET_TESTED,PENDING_DOM_EXTRACTION,,COMPOSED,,,,,,N/A,,ORIGIN-NOUN-COMPOSED-1.0,NOT_REQUIRED,,PENDING_EMPIRICAL_VALIDATION,,,,,,https://trends.google.com/trends/explore?date=2018-01-01%202026-08-09&geo=MY&q=Korean%20serum&hl=en,세럼·에센스 · 수출 참고 HS 330499 · 말레이시아(en) 조합,,,세럼·에센스,KCONSUMER_COMPOSED_V1
MY|KBEAUTY|KBEAUTY_E02,MY,KBEAUTY,KBEAUTY_E02,,keyword,Korean sheet mask,,en,EXPORT_REFERENCED,RULE_SELECTED,PENDING_EMPIRICAL,UNKNOWN,PENDING,NOT_YET_TESTED,PENDING_DOM_EXTRACTION,,COMPOSED,,,,,,N/A,,ORIGIN-NOUN-COMPOSED-1.0,NOT_REQUIRED,,PENDING_EMPIRICAL_VALIDATION,,,,,,https://trends.google.com/trends/explore?date=2018-01-01%202026-08-09&geo=MY&q=Korean%20sheet%20mask&hl=en,시트마스크 · 수출 참고 HS 330499 · 말레이시아(en) 조합,,,시트마스크,KCONSUMER_COMPOSED_V1
MY|KBEAUTY|KBEAUTY_E03,MY,KBEAUTY,KBEAUTY_E03,,keyword,Korean sunscreen,,en,EXPORT_REFERENCED,RULE_SELECTED,PENDING_EMPIRICAL,UNKNOWN,PENDING,NOT_YET_TESTED,PENDING_DOM_EXTRACTION,,COMPOSED,,,,,,N/A,,ORIGIN-NOUN-COMPOSED-1.0,NOT_REQUIRED,,PENDING_EMPIRICAL_VALIDATION,,,,,,https://trends.google.com/trends/explore?date=2018-01-01%202026-08-09&geo=MY&q=Korean%20sunscreen&hl=en,선크림 · 수출 참고 HS 330499 · 말레이시아(en) 조합,,,선크림,KCONSUMER_COMPOSED_V1
MY|KBEAUTY|KBEAUTY_E04,MY,KBEAUTY,KBEAUTY_E04,,keyword,Korean cushion foundation,,en,EXPORT_REFERENCED,RULE_SELECTED,PENDING_EMPIRICAL,UNKNOWN,PENDING,NOT_YET_TESTED,PENDING_DOM_EXTRACTION,,COMPOSED,,,,,,N/A,,ORIGIN-NOUN-COMPOSED-1.0,NOT_REQUIRED,,PENDING_EMPIRICAL_VALIDATION,,,,,,https://trends.google.com/trends/explore?date=2018-01-01%202026-08-09&geo=MY&q=Korean%20cushion%20foundation&hl=en,쿠션 파운데이션 · 수출 참고 HS 330491·961620 · 말레이시아(en) 조합,,쿠션은 한국이 만든 제형이라 원산지 수식 없이도 한국 신호일 수 있다 — 수식어를 붙여 과소측정될 위험,쿠션 파운데이션,KCONSUMER_COMPOSED_V1
MY|KBEAUTY|KBEAUTY_E05,MY,KBEAUTY,KBEAUTY_E05,,keyword,Korean lip tint,,en,EXPORT_REFERENCED,RULE_SELECTED,PENDING_EMPIRICAL,UNKNOWN,PENDING,NOT_YET_TESTED,PENDING_DOM_EXTRACTION,,COMPOSED,,,,,,N/A,,ORIGIN-NOUN-COMPOSED-1.0,NOT_REQUIRED,,PENDING_EMPIRICAL_VALIDATION,,,,,,https://trends.google.com/trends/explore?date=2018-01-01%202026-08-09&geo=MY&q=Korean%20lip%20tint&hl=en,립틴트 · 수출 참고 HS 330410 · 말레이시아(en) 조합,,,립틴트,KCONSUMER_COMPOSED_V1
MY|KBEAUTY|KBEAUTY_E06,MY,KBEAUTY,KBEAUTY_E06,,keyword,Korean cleanser,,en,EXPORT_REFERENCED,RULE_SELECTED,PENDING_EMPIRICAL,UNKNOWN,PENDING,NOT_YET_TESTED,PENDING_DOM_EXTRACTION,,COMPOSED,,,,,,N/A,,ORIGIN-NOUN-COMPOSED-1.0,NOT_REQUIRED,,PENDING_EMPIRICAL_VALIDATION,,,,,,https://trends.google.com/trends/explore?date=2018-01-01%202026-08-09&geo=MY&q=Korean%20cleanser&hl=en,클렌징 · 수출 참고 HS 340130 · 말레이시아(en) 조합,,,클렌징,KCONSUMER_COMPOSED_V1
MY|KBEAUTY|KBEAUTY_E07,MY,KBEAUTY,KBEAUTY_E07,,keyword,Korean hair care,,en,EXPORT_REFERENCED,RULE_SELECTED,PENDING_EMPIRICAL,UNKNOWN,PENDING,NOT_YET_TESTED,PENDING_DOM_EXTRACTION,,COMPOSED,,,,,,N/A,,ORIGIN-NOUN-COMPOSED-1.0,NOT_REQUIRED,,PENDING_EMPIRICAL_VALIDATION,,,,,,https://trends.google.com/trends/explore?date=2018-01-01%202026-08-09&geo=MY&q=Korean%20hair%20care&hl=en,헤어케어 · 수출 참고 HS 330590·330510 · 말레이시아(en) 조합,,,헤어케어,KCONSUMER_COMPOSED_V1
MY|KBEAUTY|KBEAUTY_E08,MY,KBEAUTY,KBEAUTY_E08,,keyword,Korean perfume,,en,EXPORT_REFERENCED,RULE_SELECTED,PENDING_EMPIRICAL,UNKNOWN,PENDING,NOT_YET_TESTED,PENDING_DOM_EXTRACTION,,COMPOSED,,,,,,N/A,,ORIGIN-NOUN-COMPOSED-1.0,NOT_REQUIRED,,PENDING_EMPIRICAL_VALIDATION,,,,,,https://trends.google.com/trends/explore?date=2018-01-01%202026-08-09&geo=MY&q=Korean%20perfume&hl=en,향수 · 수출 참고 HS 330300·330790 · 말레이시아(en) 조합,,,향수,KCONSUMER_COMPOSED_V1
MY|KBEAUTY|KBEAUTY_P01,MY,KBEAUTY,KBEAUTY_P01,,keyword,Japanese cosmetics,,en,MODE_GRAMMAR,RULE_SELECTED,PENDING_EMPIRICAL,UNKNOWN,PENDING,NOT_YET_TESTED,PENDING_TOPIC_EXTRACTION,,COMPOSED,,,,,,N/A,,ORIGIN-NOUN-COMPOSED-1.0,NOT_REQUIRED,,PENDING_EMPIRICAL_VALIDATION,,,,,,https://trends.google.com/trends/explore?date=2018-01-01%202026-08-09&geo=MY&q=Japanese%20cosmetics&hl=en,[위약] 일본 화장품 · 소비양식 문법 · 말레이시아(en) 조합,,,[위약] 일본 화장품 · TOPIC 후보,KCONSUMER_COMPOSED_V1
MY|KBEAUTY|KBEAUTY_P02,MY,KBEAUTY,KBEAUTY_P02,,keyword,French cosmetics,,en,MODE_GRAMMAR,RULE_SELECTED,PENDING_EMPIRICAL,UNKNOWN,PENDING,NOT_YET_TESTED,PENDING_TOPIC_EXTRACTION,,COMPOSED,,,,,,N/A,,ORIGIN-NOUN-COMPOSED-1.0,NOT_REQUIRED,,PENDING_EMPIRICAL_VALIDATION,,,,,,https://trends.google.com/trends/explore?date=2018-01-01%202026-08-09&geo=MY&q=French%20cosmetics&hl=en,[위약] 프랑스 화장품 · 소비양식 문법 · 말레이시아(en) 조합,,,[위약] 프랑스 화장품 · TOPIC 후보,KCONSUMER_COMPOSED_V1
MY|KFASHION|KFASHION_G01,MY,KFASHION,KFASHION_G01,,keyword,Korean fashion,,en,MODE_GRAMMAR,RULE_SELECTED,PENDING_EMPIRICAL,UNKNOWN,PENDING,NOT_YET_TESTED,PENDING_TOPIC_EXTRACTION,,COMPOSED,,,,,,N/A,,ORIGIN-NOUN-COMPOSED-1.0,NOT_REQUIRED,,PENDING_EMPIRICAL_VALIDATION,,,,,,https://trends.google.com/trends/explore?date=2018-01-01%202026-08-09&geo=MY&q=Korean%20fashion&hl=en,한국 패션 · 소비양식 문법 · 말레이시아(en) 조합,,,한국 패션 · TOPIC 후보,KCONSUMER_COMPOSED_V1
MY|KFASHION|KFASHION_G02,MY,KFASHION,KFASHION_G02,,keyword,K-fashion,,en,MODE_GRAMMAR,RULE_SELECTED,PENDING_EMPIRICAL,UNKNOWN,PENDING,NOT_YET_TESTED,PENDING_TOPIC_EXTRACTION,,ATOMIC_LEXEME,,,,,,N/A,,ATOMIC-LEXEME-1.0,NOT_REQUIRED,,PENDING_EMPIRICAL_VALIDATION,,,,,,https://trends.google.com/trends/explore?date=2018-01-01%202026-08-09&geo=MY&q=K-fashion&hl=en,K-fashion · 소비양식 문법 · 말레이시아(en) 외래어,,,K-fashion · TOPIC 후보,KCONSUMER_COMPOSED_V1
MY|KFASHION|KFASHION_G03,MY,KFASHION,KFASHION_G03,,keyword,Korean style,,en,MODE_GRAMMAR,RULE_SELECTED,PENDING_EMPIRICAL,UNKNOWN,PENDING,NOT_YET_TESTED,PENDING_DOM_EXTRACTION,,COMPOSED,,,,,,N/A,,ORIGIN-NOUN-COMPOSED-1.0,NOT_REQUIRED,,PENDING_EMPIRICAL_VALIDATION,,,,,,https://trends.google.com/trends/explore?date=2018-01-01%202026-08-09&geo=MY&q=Korean%20style&hl=en,한국 스타일 코디 · 소비양식 문법 · 말레이시아(en) 조합,,,한국 스타일 코디,KCONSUMER_COMPOSED_V1
MY|KFASHION|KFASHION_G04,MY,KFASHION,KFASHION_G04,,keyword,Korean fashion brand,,en,MODE_GRAMMAR,RULE_SELECTED,PENDING_EMPIRICAL,UNKNOWN,PENDING,NOT_YET_TESTED,PENDING_DOM_EXTRACTION,,COMPOSED,,,,,,N/A,,ORIGIN-NOUN-COMPOSED-1.0,NOT_REQUIRED,,PENDING_EMPIRICAL_VALIDATION,,,,,,https://trends.google.com/trends/explore?date=2018-01-01%202026-08-09&geo=MY&q=Korean%20fashion%20brand&hl=en,한국 패션 브랜드 · 소비양식 문법 · 말레이시아(en) 조합,,,한국 패션 브랜드,KCONSUMER_COMPOSED_V1
MY|KFASHION|KFASHION_G05,MY,KFASHION,KFASHION_G05,,keyword,Korean idol fashion,,en,MODE_GRAMMAR,RULE_SELECTED,PENDING_EMPIRICAL,UNKNOWN,PENDING,NOT_YET_TESTED,PENDING_DOM_EXTRACTION,,COMPOSED,,,,,,N/A,,ORIGIN-NOUN-COMPOSED-1.0,NOT_REQUIRED,,PENDING_EMPIRICAL_VALIDATION,,,,,,https://trends.google.com/trends/explore?date=2018-01-01%202026-08-09&geo=MY&q=Korean%20idol%20fashion&hl=en,아이돌 패션 · 소비양식 문법 · 말레이시아(en) 조합,,아이돌 패션은 K-Pop 도메인과 겹친다. KPOP 계열과의 상관을 먼저 확인할 것,아이돌 패션,KCONSUMER_COMPOSED_V1
MY|KFASHION|KFASHION_G06,MY,KFASHION,KFASHION_G06,,keyword,Korean streetwear,,en,MODE_GRAMMAR,RULE_SELECTED,PENDING_EMPIRICAL,UNKNOWN,PENDING,NOT_YET_TESTED,PENDING_DOM_EXTRACTION,,COMPOSED,,,,,,N/A,,ORIGIN-NOUN-COMPOSED-1.0,NOT_REQUIRED,,PENDING_EMPIRICAL_VALIDATION,,,,,,https://trends.google.com/trends/explore?date=2018-01-01%202026-08-09&geo=MY&q=Korean%20streetwear&hl=en,한국 스트릿웨어 · 소비양식 문법 · 말레이시아(en) 조합,,,한국 스트릿웨어,KCONSUMER_COMPOSED_V1
MY|KFASHION|KFASHION_G07,MY,KFASHION,KFASHION_G07,,keyword,Korean clothing online shop,,en,MODE_GRAMMAR,RULE_SELECTED,PENDING_EMPIRICAL,UNKNOWN,PENDING,NOT_YET_TESTED,PENDING_DOM_EXTRACTION,,COMPOSED,,,,,,N/A,,ORIGIN-NOUN-COMPOSED-1.0,NOT_REQUIRED,,PENDING_EMPIRICAL_VALIDATION,,,,,,https://trends.google.com/trends/explore?date=2018-01-01%202026-08-09&geo=MY&q=Korean%20clothing%20online%20shop&hl=en,한국 옷 쇼핑몰 · 소비양식 문법 · 말레이시아(en) 조합,,'한국 옷 쇼핑몰'은 플랫폼 브랜드명(무신사 등)으로 검색이 분산될 수 있음,한국 옷 쇼핑몰,KCONSUMER_COMPOSED_V1
MY|KFASHION|KFASHION_E01,MY,KFASHION,KFASHION_E01,,keyword,Korean bag,,en,EXPORT_REFERENCED,RULE_SELECTED,PENDING_EMPIRICAL,UNKNOWN,PENDING,NOT_YET_TESTED,PENDING_DOM_EXTRACTION,,COMPOSED,,,,,,N/A,,ORIGIN-NOUN-COMPOSED-1.0,NOT_REQUIRED,,PENDING_EMPIRICAL_VALIDATION,,,,,,https://trends.google.com/trends/explore?date=2018-01-01%202026-08-09&geo=MY&q=Korean%20bag&hl=en,가방 · 수출 참고 HS 420222·420221·420292 · 말레이시아(en) 조합,,,가방,KCONSUMER_COMPOSED_V1
MY|KFASHION|KFASHION_E02,MY,KFASHION,KFASHION_E02,,keyword,Korean sunglasses,,en,EXPORT_REFERENCED,RULE_SELECTED,PENDING_EMPIRICAL,UNKNOWN,PENDING,NOT_YET_TESTED,PENDING_DOM_EXTRACTION,,COMPOSED,,,,,,N/A,,ORIGIN-NOUN-COMPOSED-1.0,NOT_REQUIRED,,PENDING_EMPIRICAL_VALIDATION,,,,,,https://trends.google.com/trends/explore?date=2018-01-01%202026-08-09&geo=MY&q=Korean%20sunglasses&hl=en,선글라스 · 수출 참고 HS 900410 · 말레이시아(en) 조합,,,선글라스,KCONSUMER_COMPOSED_V1
MY|KFASHION|KFASHION_E03,MY,KFASHION,KFASHION_E03,,keyword,Korean sneakers,,en,EXPORT_REFERENCED,RULE_SELECTED,PENDING_EMPIRICAL,UNKNOWN,PENDING,NOT_YET_TESTED,PENDING_DOM_EXTRACTION,,COMPOSED,,,,,,N/A,,ORIGIN-NOUN-COMPOSED-1.0,NOT_REQUIRED,,PENDING_EMPIRICAL_VALIDATION,,,,,,https://trends.google.com/trends/explore?date=2018-01-01%202026-08-09&geo=MY&q=Korean%20sneakers&hl=en,스니커즈 · 수출 참고 HS 640411·640419 · 말레이시아(en) 조합,,,스니커즈,KCONSUMER_COMPOSED_V1
MY|KFASHION|KFASHION_E04,MY,KFASHION,KFASHION_E04,,keyword,Korean t-shirt,,en,EXPORT_REFERENCED,RULE_SELECTED,PENDING_EMPIRICAL,UNKNOWN,PENDING,NOT_YET_TESTED,PENDING_DOM_EXTRACTION,,COMPOSED,,,,,,N/A,,ORIGIN-NOUN-COMPOSED-1.0,NOT_REQUIRED,,PENDING_EMPIRICAL_VALIDATION,,,,,,https://trends.google.com/trends/explore?date=2018-01-01%202026-08-09&geo=MY&q=Korean%20t-shirt&hl=en,티셔츠 · 수출 참고 HS 610910·610990 · 말레이시아(en) 조합,,,티셔츠,KCONSUMER_COMPOSED_V1
MY|KFASHION|KFASHION_E05,MY,KFASHION,KFASHION_E05,,keyword,Korean jewelry,,en,EXPORT_REFERENCED,RULE_SELECTED,PENDING_EMPIRICAL,UNKNOWN,PENDING,NOT_YET_TESTED,PENDING_DOM_EXTRACTION,,COMPOSED,,,,,,N/A,,ORIGIN-NOUN-COMPOSED-1.0,NOT_REQUIRED,,PENDING_EMPIRICAL_VALIDATION,,,,,,https://trends.google.com/trends/explore?date=2018-01-01%202026-08-09&geo=MY&q=Korean%20jewelry&hl=en,주얼리 · 수출 참고 HS 711319·711719 · 말레이시아(en) 조합,,주얼리 대역의 L1 대응 품목 711319 는 금 시세에 좌우된다 — L1 과 L3 의 괴리가 클 것으로 예상,주얼리,KCONSUMER_COMPOSED_V1
MY|KFASHION|KFASHION_E06,MY,KFASHION,KFASHION_E06,,keyword,Korean hat,,en,EXPORT_REFERENCED,RULE_SELECTED,PENDING_EMPIRICAL,UNKNOWN,PENDING,NOT_YET_TESTED,PENDING_DOM_EXTRACTION,,COMPOSED,,,,,,N/A,,ORIGIN-NOUN-COMPOSED-1.0,NOT_REQUIRED,,PENDING_EMPIRICAL_VALIDATION,,,,,,https://trends.google.com/trends/explore?date=2018-01-01%202026-08-09&geo=MY&q=Korean%20hat&hl=en,모자 · 수출 참고 HS 650500 · 말레이시아(en) 조합,,,모자,KCONSUMER_COMPOSED_V1
MY|KFASHION|KFASHION_E07,MY,KFASHION,KFASHION_E07,,keyword,Korean coat,,en,EXPORT_REFERENCED,RULE_SELECTED,PENDING_EMPIRICAL,UNKNOWN,PENDING,NOT_YET_TESTED,PENDING_DOM_EXTRACTION,,COMPOSED,,,,,,N/A,,ORIGIN-NOUN-COMPOSED-1.0,NOT_REQUIRED,,PENDING_EMPIRICAL_VALIDATION,,,,,,https://trends.google.com/trends/explore?date=2018-01-01%202026-08-09&geo=MY&q=Korean%20coat&hl=en,아우터 · 수출 참고 HS 620240 · 말레이시아(en) 조합,,,아우터,KCONSUMER_COMPOSED_V1
MY|KFASHION|KFASHION_P01,MY,KFASHION,KFASHION_P01,,keyword,Japanese fashion,,en,MODE_GRAMMAR,RULE_SELECTED,PENDING_EMPIRICAL,UNKNOWN,PENDING,NOT_YET_TESTED,PENDING_TOPIC_EXTRACTION,,COMPOSED,,,,,,N/A,,ORIGIN-NOUN-COMPOSED-1.0,NOT_REQUIRED,,PENDING_EMPIRICAL_VALIDATION,,,,,,https://trends.google.com/trends/explore?date=2018-01-01%202026-08-09&geo=MY&q=Japanese%20fashion&hl=en,[위약] 일본 패션 · 소비양식 문법 · 말레이시아(en) 조합,,,[위약] 일본 패션 · TOPIC 후보,KCONSUMER_COMPOSED_V1
MY|KFASHION|KFASHION_P02,MY,KFASHION,KFASHION_P02,,keyword,Italian fashion,,en,MODE_GRAMMAR,RULE_SELECTED,PENDING_EMPIRICAL,UNKNOWN,PENDING,NOT_YET_TESTED,PENDING_TOPIC_EXTRACTION,,COMPOSED,,,,,,N/A,,ORIGIN-NOUN-COMPOSED-1.0,NOT_REQUIRED,,PENDING_EMPIRICAL_VALIDATION,,,,,,https://trends.google.com/trends/explore?date=2018-01-01%202026-08-09&geo=MY&q=Italian%20fashion&hl=en,[위약] 이탈리아 패션 · 소비양식 문법 · 말레이시아(en) 조합,,,[위약] 이탈리아 패션 · TOPIC 후보,KCONSUMER_COMPOSED_V1
JP|KFOOD|KFOOD_G01,JP,KFOOD,KFOOD_G01,,keyword,韓国料理,,ja,MODE_GRAMMAR,RULE_SELECTED,PENDING_EMPIRICAL,UNKNOWN,PENDING,NOT_YET_TESTED,PENDING_TOPIC_EXTRACTION,,COMPOSED,,,,,,N/A,,ORIGIN-NOUN-COMPOSED-1.0,NOT_REQUIRED,,PENDING_EMPIRICAL_VALIDATION,,,,,,https://trends.google.com/trends/explore?date=2018-01-01%202026-08-09&geo=JP&q=%E9%9F%93%E5%9B%BD%E6%96%99%E7%90%86&hl=en,한국 음식 · 소비양식 문법 · 일본(ja) 조합,,,한국 음식 · TOPIC 후보,KCONSUMER_COMPOSED_V1
JP|KFOOD|KFOOD_G02,JP,KFOOD,KFOOD_G02,,keyword,K-food,,ja,MODE_GRAMMAR,RULE_SELECTED,PENDING_EMPIRICAL,UNKNOWN,PENDING,NOT_YET_TESTED,PENDING_TOPIC_EXTRACTION,,ATOMIC_LEXEME,,,,,,N/A,,ATOMIC-LEXEME-1.0,NOT_REQUIRED,,PENDING_EMPIRICAL_VALIDATION,,,,,,https://trends.google.com/trends/explore?date=2018-01-01%202026-08-09&geo=JP&q=K-food&hl=en,K-food · 소비양식 문법 · 일본(ja) 외래어,,,K-food · TOPIC 후보,KCONSUMER_COMPOSED_V1
JP|KFOOD|KFOOD_G03,JP,KFOOD,KFOOD_G03,,keyword,韓国料理 レシピ,,ja,MODE_GRAMMAR,RULE_SELECTED,PENDING_EMPIRICAL,UNKNOWN,PENDING,NOT_YET_TESTED,PENDING_DOM_EXTRACTION,,COMPOSED,,,,,,N/A,,ORIGIN-NOUN-COMPOSED-1.0,NOT_REQUIRED,,PENDING_EMPIRICAL_VALIDATION,,,,,,https://trends.google.com/trends/explore?date=2018-01-01%202026-08-09&geo=JP&q=%E9%9F%93%E5%9B%BD%E6%96%99%E7%90%86%20%E3%83%AC%E3%82%B7%E3%83%94&hl=en,한국 요리법 · 소비양식 문법 · 일본(ja) 조합,,,한국 요리법,KCONSUMER_COMPOSED_V1
JP|KFOOD|KFOOD_G04,JP,KFOOD,KFOOD_G04,,keyword,韓国料理店,,ja,MODE_GRAMMAR,RULE_SELECTED,PENDING_EMPIRICAL,UNKNOWN,PENDING,NOT_YET_TESTED,PENDING_DOM_EXTRACTION,,COMPOSED,,,,,,N/A,,ORIGIN-NOUN-COMPOSED-1.0,NOT_REQUIRED,,PENDING_EMPIRICAL_VALIDATION,,,,,,https://trends.google.com/trends/explore?date=2018-01-01%202026-08-09&geo=JP&q=%E9%9F%93%E5%9B%BD%E6%96%99%E7%90%86%E5%BA%97&hl=en,한식당 · 소비양식 문법 · 일본(ja) 조합,,,한식당,KCONSUMER_COMPOSED_V1
JP|KFOOD|KFOOD_G05,JP,KFOOD,KFOOD_G05,,keyword,モッパン,,ja,MODE_GRAMMAR,RULE_SELECTED,PENDING_EMPIRICAL,UNKNOWN,PENDING,NOT_YET_TESTED,PENDING_TOPIC_EXTRACTION,,ATOMIC_LEXEME,,,,,,N/A,,ATOMIC-LEXEME-1.0,NOT_REQUIRED,,PENDING_EMPIRICAL_VALIDATION,,,,,,https://trends.google.com/trends/explore?date=2018-01-01%202026-08-09&geo=JP&q=%E3%83%A2%E3%83%83%E3%83%91%E3%83%B3&hl=en,먹방 · 소비양식 문법 · 일본(ja) 외래어,,먹방은 한국 기원어지만 이미 국제 장르명이 되어 비한국 콘텐츠를 포함한다 — 도메인 귀속이 약해지는 방향,먹방 · TOPIC 후보,KCONSUMER_COMPOSED_V1
JP|KFOOD|KFOOD_G06,JP,KFOOD,KFOOD_G06,,keyword,韓国屋台グルメ,,ja,MODE_GRAMMAR,RULE_SELECTED,PENDING_EMPIRICAL,UNKNOWN,PENDING,NOT_YET_TESTED,PENDING_DOM_EXTRACTION,,COMPOSED,,,,,,N/A,,ORIGIN-NOUN-COMPOSED-1.0,NOT_REQUIRED,,PENDING_EMPIRICAL_VALIDATION,,,,,,https://trends.google.com/trends/explore?date=2018-01-01%202026-08-09&geo=JP&q=%E9%9F%93%E5%9B%BD%E5%B1%8B%E5%8F%B0%E3%82%B0%E3%83%AB%E3%83%A1&hl=en,한국 길거리음식 · 소비양식 문법 · 일본(ja) 조합,,,한국 길거리음식,KCONSUMER_COMPOSED_V1
JP|KFOOD|KFOOD_E01,JP,KFOOD,KFOOD_E01,,keyword,韓国キムチ,,ja,EXPORT_REFERENCED,RULE_SELECTED,PENDING_EMPIRICAL,UNKNOWN,PENDING,NOT_YET_TESTED,PENDING_TOPIC_EXTRACTION,,ATOMIC_LEXEME,,,,,,N/A,JP_DOMESTIC_COUNTERPART,ATOMIC-LEXEME-1.0,NOT_REQUIRED,,PENDING_EMPIRICAL_VALIDATION,,,,,,https://trends.google.com/trends/explore?date=2018-01-01%202026-08-09&geo=JP&q=%E9%9F%93%E5%9B%BD%E3%82%AD%E3%83%A0%E3%83%81&hl=en,김치 · 수출 참고 HS 200599 · 일본(ja) 외래어,,일본은 자국산 김치를 대량 생산해 JP 신호에 국산 수요가 섞인다,김치 · TOPIC 후보,KCONSUMER_COMPOSED_V1
JP|KFOOD|KFOOD_E02,JP,KFOOD,KFOOD_E02,,keyword,韓国ラーメン,,ja,EXPORT_REFERENCED,RULE_SELECTED,PENDING_EMPIRICAL,UNKNOWN,PENDING,NOT_YET_TESTED,PENDING_TOPIC_EXTRACTION,,COMPOSED,,,,,,N/A,JP_DOMESTIC_COUNTERPART,ORIGIN-NOUN-COMPOSED-1.0,NOT_REQUIRED,,PENDING_EMPIRICAL_VALIDATION,,,,,,https://trends.google.com/trends/explore?date=2018-01-01%202026-08-09&geo=JP&q=%E9%9F%93%E5%9B%BD%E3%83%A9%E3%83%BC%E3%83%A1%E3%83%B3&hl=en,라면 · 수출 참고 HS 190230 · 일본(ja) 조합,,'ramen' 단독은 일식이다. 전 언어에서 한국 수식어를 붙였으나 그만큼 검색량이 줄어 과소측정 가능,라면 · TOPIC 후보,KCONSUMER_COMPOSED_V1
JP|KFOOD|KFOOD_E03,JP,KFOOD,KFOOD_E03,,keyword,韓国焼酎,,ja,EXPORT_REFERENCED,RULE_SELECTED,PENDING_EMPIRICAL,UNKNOWN,PENDING,NOT_YET_TESTED,PENDING_TOPIC_EXTRACTION,,ATOMIC_LEXEME,,,,,,N/A,JP_DOMESTIC_COUNTERPART,ATOMIC-LEXEME-1.0,NOT_REQUIRED,,PENDING_EMPIRICAL_VALIDATION,,,,,,https://trends.google.com/trends/explore?date=2018-01-01%202026-08-09&geo=JP&q=%E9%9F%93%E5%9B%BD%E7%84%BC%E9%85%8E&hl=en,소주 · 수출 참고 HS 220890·220870 · 일본(ja) 외래어,,일본어 焼酎 는 일본 소주다. 韓国焼酎 로 한정했으나 ソジュ 표기와 분산될 수 있음,소주 · TOPIC 후보,KCONSUMER_COMPOSED_V1
JP|KFOOD|KFOOD_E04,JP,KFOOD,KFOOD_E04,,keyword,トッポギ,,ja,MODE_GRAMMAR,RULE_SELECTED,PENDING_EMPIRICAL,UNKNOWN,PENDING,NOT_YET_TESTED,PENDING_TOPIC_EXTRACTION,,ATOMIC_LEXEME,,,,,,N/A,,ATOMIC-LEXEME-1.0,NOT_REQUIRED,,PENDING_EMPIRICAL_VALIDATION,,,,,,https://trends.google.com/trends/explore?date=2018-01-01%202026-08-09&geo=JP&q=%E3%83%88%E3%83%83%E3%83%9D%E3%82%AE&hl=en,떡볶이 · 소비양식 문법 · 일본(ja) 외래어,,,떡볶이 · TOPIC 후보,KCONSUMER_COMPOSED_V1
JP|KFOOD|KFOOD_E05,JP,KFOOD,KFOOD_E05,,keyword,韓国フライドチキン,,ja,MODE_GRAMMAR,RULE_SELECTED,PENDING_EMPIRICAL,UNKNOWN,PENDING,NOT_YET_TESTED,PENDING_DOM_EXTRACTION,,COMPOSED,,,,,,N/A,,ORIGIN-NOUN-COMPOSED-1.0,NOT_REQUIRED,,PENDING_EMPIRICAL_VALIDATION,,,,,,https://trends.google.com/trends/explore?date=2018-01-01%202026-08-09&geo=JP&q=%E9%9F%93%E5%9B%BD%E3%83%95%E3%83%A9%E3%82%A4%E3%83%89%E3%83%81%E3%82%AD%E3%83%B3&hl=en,한국 치킨 · 소비양식 문법 · 일본(ja) 조합,,,한국 치킨,KCONSUMER_COMPOSED_V1
JP|KFOOD|KFOOD_E06,JP,KFOOD,KFOOD_E06,,keyword,韓国お菓子,,ja,EXPORT_REFERENCED,RULE_SELECTED,PENDING_EMPIRICAL,UNKNOWN,PENDING,NOT_YET_TESTED,PENDING_DOM_EXTRACTION,,COMPOSED,,,,,,N/A,,ORIGIN-NOUN-COMPOSED-1.0,NOT_REQUIRED,,PENDING_EMPIRICAL_VALIDATION,,,,,,https://trends.google.com/trends/explore?date=2018-01-01%202026-08-09&geo=JP&q=%E9%9F%93%E5%9B%BD%E3%81%8A%E8%8F%93%E5%AD%90&hl=en,한국 과자 · 수출 참고 HS 190590·170490 · 일본(ja) 조합,,,한국 과자,KCONSUMER_COMPOSED_V1
JP|KFOOD|KFOOD_E07,JP,KFOOD,KFOOD_E07,,keyword,韓国のり,,ja,EXPORT_REFERENCED,RULE_SELECTED,PENDING_EMPIRICAL,UNKNOWN,PENDING,NOT_YET_TESTED,PENDING_DOM_EXTRACTION,,COMPOSED,,,,,,N/A,JP_DOMESTIC_COUNTERPART,ORIGIN-NOUN-COMPOSED-1.0,NOT_REQUIRED,,PENDING_EMPIRICAL_VALIDATION,,,,,,https://trends.google.com/trends/explore?date=2018-01-01%202026-08-09&geo=JP&q=%E9%9F%93%E5%9B%BD%E3%81%AE%E3%82%8A&hl=en,김 · 수출 참고 HS 121221 · 일본(ja) 조합,,일본어 のり 단독은 일본산 김. 韓国のり 로 한정,김,KCONSUMER_COMPOSED_V1
JP|KFOOD|KFOOD_E08,JP,KFOOD,KFOOD_E08,,keyword,コチュジャン,,ja,EXPORT_REFERENCED,RULE_SELECTED,PENDING_EMPIRICAL,UNKNOWN,PENDING,NOT_YET_TESTED,PENDING_TOPIC_EXTRACTION,,ATOMIC_LEXEME,,,,,,N/A,,ATOMIC-LEXEME-1.0,NOT_REQUIRED,,PENDING_EMPIRICAL_VALIDATION,,,,,,https://trends.google.com/trends/explore?date=2018-01-01%202026-08-09&geo=JP&q=%E3%82%B3%E3%83%81%E3%83%A5%E3%82%B8%E3%83%A3%E3%83%B3&hl=en,고추장 · 수출 참고 HS 210390 · 일본(ja) 외래어,,,고추장 · TOPIC 후보,KCONSUMER_COMPOSED_V1
JP|KFOOD|KFOOD_E09,JP,KFOOD,KFOOD_E09,,keyword,高麗人参,,ja,EXPORT_REFERENCED,RULE_SELECTED,PENDING_EMPIRICAL,UNKNOWN,PENDING,NOT_YET_TESTED,PENDING_TOPIC_EXTRACTION,,ATOMIC_LEXEME,,,,,,N/A,,ATOMIC-LEXEME-1.0,NOT_REQUIRED,,PENDING_EMPIRICAL_VALIDATION,,,,,,https://trends.google.com/trends/explore?date=2018-01-01%202026-08-09&geo=JP&q=%E9%AB%98%E9%BA%97%E4%BA%BA%E5%8F%82&hl=en,인삼 · 수출 참고 HS 121120 · 일본(ja) 외래어,,,인삼 · TOPIC 후보,KCONSUMER_COMPOSED_V1
JP|KFOOD|KFOOD_P02,JP,KFOOD,KFOOD_P02,,keyword,中国料理,,ja,MODE_GRAMMAR,RULE_SELECTED,PENDING_EMPIRICAL,UNKNOWN,PENDING,NOT_YET_TESTED,PENDING_TOPIC_EXTRACTION,,COMPOSED,,,,,,N/A,,ORIGIN-NOUN-COMPOSED-1.0,NOT_REQUIRED,,PENDING_EMPIRICAL_VALIDATION,,,,,,https://trends.google.com/trends/explore?date=2018-01-01%202026-08-09&geo=JP&q=%E4%B8%AD%E5%9B%BD%E6%96%99%E7%90%86&hl=en,[위약] 중식 · 소비양식 문법 · 일본(ja) 조합,,,[위약] 중식 · TOPIC 후보,KCONSUMER_COMPOSED_V1
JP|KFOOD|KFOOD_P03,JP,KFOOD,KFOOD_P03,,keyword,タイ料理,,ja,MODE_GRAMMAR,RULE_SELECTED,PENDING_EMPIRICAL,UNKNOWN,PENDING,NOT_YET_TESTED,PENDING_TOPIC_EXTRACTION,,COMPOSED,,,,,,N/A,,ORIGIN-NOUN-COMPOSED-1.0,NOT_REQUIRED,,PENDING_EMPIRICAL_VALIDATION,,,,,,https://trends.google.com/trends/explore?date=2018-01-01%202026-08-09&geo=JP&q=%E3%82%BF%E3%82%A4%E6%96%99%E7%90%86&hl=en,[위약] 태국음식 · 소비양식 문법 · 일본(ja) 조합,,,[위약] 태국음식 · TOPIC 후보,KCONSUMER_COMPOSED_V1
JP|KBEAUTY|KBEAUTY_G01,JP,KBEAUTY,KBEAUTY_G01,,keyword,韓国コスメ,,ja,MODE_GRAMMAR,RULE_SELECTED,PENDING_EMPIRICAL,UNKNOWN,PENDING,NOT_YET_TESTED,PENDING_TOPIC_EXTRACTION,,COMPOSED,,,,,,N/A,,ORIGIN-NOUN-COMPOSED-1.0,NOT_REQUIRED,,PENDING_EMPIRICAL_VALIDATION,,,,,,https://trends.google.com/trends/explore?date=2018-01-01%202026-08-09&geo=JP&q=%E9%9F%93%E5%9B%BD%E3%82%B3%E3%82%B9%E3%83%A1&hl=en,한국 화장품 · 소비양식 문법 · 일본(ja) 조합,,,한국 화장품 · TOPIC 후보,KCONSUMER_COMPOSED_V1
JP|KBEAUTY|KBEAUTY_G02,JP,KBEAUTY,KBEAUTY_G02,,keyword,K-beauty,,ja,MODE_GRAMMAR,RULE_SELECTED,PENDING_EMPIRICAL,UNKNOWN,PENDING,NOT_YET_TESTED,PENDING_TOPIC_EXTRACTION,,ATOMIC_LEXEME,,,,,,N/A,,ATOMIC-LEXEME-1.0,NOT_REQUIRED,,PENDING_EMPIRICAL_VALIDATION,,,,,,https://trends.google.com/trends/explore?date=2018-01-01%202026-08-09&geo=JP&q=K-beauty&hl=en,K-beauty · 소비양식 문법 · 일본(ja) 외래어,,,K-beauty · TOPIC 후보,KCONSUMER_COMPOSED_V1
JP|KBEAUTY|KBEAUTY_G03,JP,KBEAUTY,KBEAUTY_G03,,keyword,韓国スキンケア,,ja,EXPORT_REFERENCED,RULE_SELECTED,PENDING_EMPIRICAL,UNKNOWN,PENDING,NOT_YET_TESTED,PENDING_DOM_EXTRACTION,,COMPOSED,,,,,,N/A,,ORIGIN-NOUN-COMPOSED-1.0,NOT_REQUIRED,,PENDING_EMPIRICAL_VALIDATION,,,,,,https://trends.google.com/trends/explore?date=2018-01-01%202026-08-09&geo=JP&q=%E9%9F%93%E5%9B%BD%E3%82%B9%E3%82%AD%E3%83%B3%E3%82%B1%E3%82%A2&hl=en,한국 스킨케어 루틴 · 수출 참고 HS 330499 · 일본(ja) 조합,,,한국 스킨케어 루틴,KCONSUMER_COMPOSED_V1
JP|KBEAUTY|KBEAUTY_G04,JP,KBEAUTY,KBEAUTY_G04,,keyword,韓国コスメ ブランド,,ja,MODE_GRAMMAR,RULE_SELECTED,PENDING_EMPIRICAL,UNKNOWN,PENDING,NOT_YET_TESTED,PENDING_DOM_EXTRACTION,,COMPOSED,,,,,,N/A,,ORIGIN-NOUN-COMPOSED-1.0,NOT_REQUIRED,,PENDING_EMPIRICAL_VALIDATION,,,,,,https://trends.google.com/trends/explore?date=2018-01-01%202026-08-09&geo=JP&q=%E9%9F%93%E5%9B%BD%E3%82%B3%E3%82%B9%E3%83%A1%20%E3%83%96%E3%83%A9%E3%83%B3%E3%83%89&hl=en,한국 화장품 브랜드 · 소비양식 문법 · 일본(ja) 조합,,,한국 화장품 브랜드,KCONSUMER_COMPOSED_V1
JP|KBEAUTY|KBEAUTY_G05,JP,KBEAUTY,KBEAUTY_G05,,keyword,韓国メイク やり方,,ja,EXPORT_REFERENCED,RULE_SELECTED,PENDING_EMPIRICAL,UNKNOWN,PENDING,NOT_YET_TESTED,PENDING_DOM_EXTRACTION,,COMPOSED,,,,,,N/A,,ORIGIN-NOUN-COMPOSED-1.0,NOT_REQUIRED,,PENDING_EMPIRICAL_VALIDATION,,,,,,https://trends.google.com/trends/explore?date=2018-01-01%202026-08-09&geo=JP&q=%E9%9F%93%E5%9B%BD%E3%83%A1%E3%82%A4%E3%82%AF%20%E3%82%84%E3%82%8A%E6%96%B9&hl=en,한국 메이크업 · 수출 참고 HS 330410·330420 · 일본(ja) 조합,,,한국 메이크업,KCONSUMER_COMPOSED_V1
JP|KBEAUTY|KBEAUTY_G06,JP,KBEAUTY,KBEAUTY_G06,,keyword,ガラス肌,,ja,MODE_GRAMMAR,RULE_SELECTED,PENDING_EMPIRICAL,UNKNOWN,PENDING,NOT_YET_TESTED,PENDING_TOPIC_EXTRACTION,,ATOMIC_LEXEME,,,,,,N/A,,ATOMIC-LEXEME-1.0,NOT_REQUIRED,,PENDING_EMPIRICAL_VALIDATION,,,,,,https://trends.google.com/trends/explore?date=2018-01-01%202026-08-09&geo=JP&q=%E3%82%AC%E3%83%A9%E3%82%B9%E8%82%8C&hl=en,글래스 스킨 · 소비양식 문법 · 일본(ja) 외래어,,'glass skin' 은 한국 기원이나 글로벌 뷰티 용어로 확산돼 도메인 귀속이 약하다,글래스 스킨 · TOPIC 후보,KCONSUMER_COMPOSED_V1
JP|KBEAUTY|KBEAUTY_E01,JP,KBEAUTY,KBEAUTY_E01,,keyword,韓国美容液,,ja,EXPORT_REFERENCED,RULE_SELECTED,PENDING_EMPIRICAL,UNKNOWN,PENDING,NOT_YET_TESTED,PENDING_DOM_EXTRACTION,,COMPOSED,,,,,,N/A,,ORIGIN-NOUN-COMPOSED-1.0,NOT_REQUIRED,,PENDING_EMPIRICAL_VALIDATION,,,,,,https://trends.google.com/trends/explore?date=2018-01-01%202026-08-09&geo=JP&q=%E9%9F%93%E5%9B%BD%E7%BE%8E%E5%AE%B9%E6%B6%B2&hl=en,세럼·에센스 · 수출 참고 HS 330499 · 일본(ja) 조합,,,세럼·에센스,KCONSUMER_COMPOSED_V1
JP|KBEAUTY|KBEAUTY_E02,JP,KBEAUTY,KBEAUTY_E02,,keyword,韓国シートマスク,,ja,EXPORT_REFERENCED,RULE_SELECTED,PENDING_EMPIRICAL,UNKNOWN,PENDING,NOT_YET_TESTED,PENDING_DOM_EXTRACTION,,COMPOSED,,,,,,N/A,,ORIGIN-NOUN-COMPOSED-1.0,NOT_REQUIRED,,PENDING_EMPIRICAL_VALIDATION,,,,,,https://trends.google.com/trends/explore?date=2018-01-01%202026-08-09&geo=JP&q=%E9%9F%93%E5%9B%BD%E3%82%B7%E3%83%BC%E3%83%88%E3%83%9E%E3%82%B9%E3%82%AF&hl=en,시트마스크 · 수출 참고 HS 330499 · 일본(ja) 조합,,,시트마스크,KCONSUMER_COMPOSED_V1
JP|KBEAUTY|KBEAUTY_E03,JP,KBEAUTY,KBEAUTY_E03,,keyword,韓国日焼け止め,,ja,EXPORT_REFERENCED,RULE_SELECTED,PENDING_EMPIRICAL,UNKNOWN,PENDING,NOT_YET_TESTED,PENDING_DOM_EXTRACTION,,COMPOSED,,,,,,N/A,,ORIGIN-NOUN-COMPOSED-1.0,NOT_REQUIRED,,PENDING_EMPIRICAL_VALIDATION,,,,,,https://trends.google.com/trends/explore?date=2018-01-01%202026-08-09&geo=JP&q=%E9%9F%93%E5%9B%BD%E6%97%A5%E7%84%BC%E3%81%91%E6%AD%A2%E3%82%81&hl=en,선크림 · 수출 참고 HS 330499 · 일본(ja) 조합,,,선크림,KCONSUMER_COMPOSED_V1
JP|KBEAUTY|KBEAUTY_E04,JP,KBEAUTY,KBEAUTY_E04,,keyword,韓国クッションファンデ,,ja,EXPORT_REFERENCED,RULE_SELECTED,PENDING_EMPIRICAL,UNKNOWN,PENDING,NOT_YET_TESTED,PENDING_DOM_EXTRACTION,,COMPOSED,,,,,,N/A,,ORIGIN-NOUN-COMPOSED-1.0,NOT_REQUIRED,,PENDING_EMPIRICAL_VALIDATION,,,,,,https://trends.google.com/trends/explore?date=2018-01-01%202026-08-09&geo=JP&q=%E9%9F%93%E5%9B%BD%E3%82%AF%E3%83%83%E3%82%B7%E3%83%A7%E3%83%B3%E3%83%95%E3%82%A1%E3%83%B3%E3%83%87&hl=en,쿠션 파운데이션 · 수출 참고 HS 330491·961620 · 일본(ja) 조합,,쿠션은 한국이 만든 제형이라 원산지 수식 없이도 한국 신호일 수 있다 — 수식어를 붙여 과소측정될 위험,쿠션 파운데이션,KCONSUMER_COMPOSED_V1
JP|KBEAUTY|KBEAUTY_E05,JP,KBEAUTY,KBEAUTY_E05,,keyword,韓国リップティント,,ja,EXPORT_REFERENCED,RULE_SELECTED,PENDING_EMPIRICAL,UNKNOWN,PENDING,NOT_YET_TESTED,PENDING_DOM_EXTRACTION,,COMPOSED,,,,,,N/A,,ORIGIN-NOUN-COMPOSED-1.0,NOT_REQUIRED,,PENDING_EMPIRICAL_VALIDATION,,,,,,https://trends.google.com/trends/explore?date=2018-01-01%202026-08-09&geo=JP&q=%E9%9F%93%E5%9B%BD%E3%83%AA%E3%83%83%E3%83%97%E3%83%86%E3%82%A3%E3%83%B3%E3%83%88&hl=en,립틴트 · 수출 참고 HS 330410 · 일본(ja) 조합,,,립틴트,KCONSUMER_COMPOSED_V1
JP|KBEAUTY|KBEAUTY_E06,JP,KBEAUTY,KBEAUTY_E06,,keyword,韓国クレンジング,,ja,EXPORT_REFERENCED,RULE_SELECTED,PENDING_EMPIRICAL,UNKNOWN,PENDING,NOT_YET_TESTED,PENDING_DOM_EXTRACTION,,COMPOSED,,,,,,N/A,,ORIGIN-NOUN-COMPOSED-1.0,NOT_REQUIRED,,PENDING_EMPIRICAL_VALIDATION,,,,,,https://trends.google.com/trends/explore?date=2018-01-01%202026-08-09&geo=JP&q=%E9%9F%93%E5%9B%BD%E3%82%AF%E3%83%AC%E3%83%B3%E3%82%B8%E3%83%B3%E3%82%B0&hl=en,클렌징 · 수출 참고 HS 340130 · 일본(ja) 조합,,,클렌징,KCONSUMER_COMPOSED_V1
JP|KBEAUTY|KBEAUTY_E07,JP,KBEAUTY,KBEAUTY_E07,,keyword,韓国ヘアケア,,ja,EXPORT_REFERENCED,RULE_SELECTED,PENDING_EMPIRICAL,UNKNOWN,PENDING,NOT_YET_TESTED,PENDING_DOM_EXTRACTION,,COMPOSED,,,,,,N/A,,ORIGIN-NOUN-COMPOSED-1.0,NOT_REQUIRED,,PENDING_EMPIRICAL_VALIDATION,,,,,,https://trends.google.com/trends/explore?date=2018-01-01%202026-08-09&geo=JP&q=%E9%9F%93%E5%9B%BD%E3%83%98%E3%82%A2%E3%82%B1%E3%82%A2&hl=en,헤어케어 · 수출 참고 HS 330590·330510 · 일본(ja) 조합,,,헤어케어,KCONSUMER_COMPOSED_V1
JP|KBEAUTY|KBEAUTY_E08,JP,KBEAUTY,KBEAUTY_E08,,keyword,韓国香水,,ja,EXPORT_REFERENCED,RULE_SELECTED,PENDING_EMPIRICAL,UNKNOWN,PENDING,NOT_YET_TESTED,PENDING_DOM_EXTRACTION,,COMPOSED,,,,,,N/A,,ORIGIN-NOUN-COMPOSED-1.0,NOT_REQUIRED,,PENDING_EMPIRICAL_VALIDATION,,,,,,https://trends.google.com/trends/explore?date=2018-01-01%202026-08-09&geo=JP&q=%E9%9F%93%E5%9B%BD%E9%A6%99%E6%B0%B4&hl=en,향수 · 수출 참고 HS 330300·330790 · 일본(ja) 조합,,,향수,KCONSUMER_COMPOSED_V1
JP|KBEAUTY|KBEAUTY_P02,JP,KBEAUTY,KBEAUTY_P02,,keyword,フランスコスメ,,ja,MODE_GRAMMAR,RULE_SELECTED,PENDING_EMPIRICAL,UNKNOWN,PENDING,NOT_YET_TESTED,PENDING_TOPIC_EXTRACTION,,COMPOSED,,,,,,N/A,,ORIGIN-NOUN-COMPOSED-1.0,NOT_REQUIRED,,PENDING_EMPIRICAL_VALIDATION,,,,,,https://trends.google.com/trends/explore?date=2018-01-01%202026-08-09&geo=JP&q=%E3%83%95%E3%83%A9%E3%83%B3%E3%82%B9%E3%82%B3%E3%82%B9%E3%83%A1&hl=en,[위약] 프랑스 화장품 · 소비양식 문법 · 일본(ja) 조합,,,[위약] 프랑스 화장품 · TOPIC 후보,KCONSUMER_COMPOSED_V1
JP|KFASHION|KFASHION_G01,JP,KFASHION,KFASHION_G01,,keyword,韓国ファッション,,ja,MODE_GRAMMAR,RULE_SELECTED,PENDING_EMPIRICAL,UNKNOWN,PENDING,NOT_YET_TESTED,PENDING_TOPIC_EXTRACTION,,COMPOSED,,,,,,N/A,,ORIGIN-NOUN-COMPOSED-1.0,NOT_REQUIRED,,PENDING_EMPIRICAL_VALIDATION,,,,,,https://trends.google.com/trends/explore?date=2018-01-01%202026-08-09&geo=JP&q=%E9%9F%93%E5%9B%BD%E3%83%95%E3%82%A1%E3%83%83%E3%82%B7%E3%83%A7%E3%83%B3&hl=en,한국 패션 · 소비양식 문법 · 일본(ja) 조합,,,한국 패션 · TOPIC 후보,KCONSUMER_COMPOSED_V1
JP|KFASHION|KFASHION_G02,JP,KFASHION,KFASHION_G02,,keyword,K-fashion,,ja,MODE_GRAMMAR,RULE_SELECTED,PENDING_EMPIRICAL,UNKNOWN,PENDING,NOT_YET_TESTED,PENDING_TOPIC_EXTRACTION,,ATOMIC_LEXEME,,,,,,N/A,,ATOMIC-LEXEME-1.0,NOT_REQUIRED,,PENDING_EMPIRICAL_VALIDATION,,,,,,https://trends.google.com/trends/explore?date=2018-01-01%202026-08-09&geo=JP&q=K-fashion&hl=en,K-fashion · 소비양식 문법 · 일본(ja) 외래어,,,K-fashion · TOPIC 후보,KCONSUMER_COMPOSED_V1
JP|KFASHION|KFASHION_G03,JP,KFASHION,KFASHION_G03,,keyword,韓国コーデ,,ja,MODE_GRAMMAR,RULE_SELECTED,PENDING_EMPIRICAL,UNKNOWN,PENDING,NOT_YET_TESTED,PENDING_DOM_EXTRACTION,,COMPOSED,,,,,,N/A,,ORIGIN-NOUN-COMPOSED-1.0,NOT_REQUIRED,,PENDING_EMPIRICAL_VALIDATION,,,,,,https://trends.google.com/trends/explore?date=2018-01-01%202026-08-09&geo=JP&q=%E9%9F%93%E5%9B%BD%E3%82%B3%E3%83%BC%E3%83%87&hl=en,한국 스타일 코디 · 소비양식 문법 · 일본(ja) 조합,,,한국 스타일 코디,KCONSUMER_COMPOSED_V1
JP|KFASHION|KFASHION_G04,JP,KFASHION,KFASHION_G04,,keyword,韓国ファッション ブランド,,ja,MODE_GRAMMAR,RULE_SELECTED,PENDING_EMPIRICAL,UNKNOWN,PENDING,NOT_YET_TESTED,PENDING_DOM_EXTRACTION,,COMPOSED,,,,,,N/A,,ORIGIN-NOUN-COMPOSED-1.0,NOT_REQUIRED,,PENDING_EMPIRICAL_VALIDATION,,,,,,https://trends.google.com/trends/explore?date=2018-01-01%202026-08-09&geo=JP&q=%E9%9F%93%E5%9B%BD%E3%83%95%E3%82%A1%E3%83%83%E3%82%B7%E3%83%A7%E3%83%B3%20%E3%83%96%E3%83%A9%E3%83%B3%E3%83%89&hl=en,한국 패션 브랜드 · 소비양식 문법 · 일본(ja) 조합,,,한국 패션 브랜드,KCONSUMER_COMPOSED_V1
JP|KFASHION|KFASHION_G05,JP,KFASHION,KFASHION_G05,,keyword,韓国アイドル ファッション,,ja,MODE_GRAMMAR,RULE_SELECTED,PENDING_EMPIRICAL,UNKNOWN,PENDING,NOT_YET_TESTED,PENDING_DOM_EXTRACTION,,COMPOSED,,,,,,N/A,,ORIGIN-NOUN-COMPOSED-1.0,NOT_REQUIRED,,PENDING_EMPIRICAL_VALIDATION,,,,,,https://trends.google.com/trends/explore?date=2018-01-01%202026-08-09&geo=JP&q=%E9%9F%93%E5%9B%BD%E3%82%A2%E3%82%A4%E3%83%89%E3%83%AB%20%E3%83%95%E3%82%A1%E3%83%83%E3%82%B7%E3%83%A7%E3%83%B3&hl=en,아이돌 패션 · 소비양식 문법 · 일본(ja) 조합,,아이돌 패션은 K-Pop 도메인과 겹친다. KPOP 계열과의 상관을 먼저 확인할 것,아이돌 패션,KCONSUMER_COMPOSED_V1
JP|KFASHION|KFASHION_G06,JP,KFASHION,KFASHION_G06,,keyword,韓国ストリートファッション,,ja,MODE_GRAMMAR,RULE_SELECTED,PENDING_EMPIRICAL,UNKNOWN,PENDING,NOT_YET_TESTED,PENDING_DOM_EXTRACTION,,COMPOSED,,,,,,N/A,,ORIGIN-NOUN-COMPOSED-1.0,NOT_REQUIRED,,PENDING_EMPIRICAL_VALIDATION,,,,,,https://trends.google.com/trends/explore?date=2018-01-01%202026-08-09&geo=JP&q=%E9%9F%93%E5%9B%BD%E3%82%B9%E3%83%88%E3%83%AA%E3%83%BC%E3%83%88%E3%83%95%E3%82%A1%E3%83%83%E3%82%B7%E3%83%A7%E3%83%B3&hl=en,한국 스트릿웨어 · 소비양식 문법 · 일본(ja) 조합,,,한국 스트릿웨어,KCONSUMER_COMPOSED_V1
JP|KFASHION|KFASHION_G07,JP,KFASHION,KFASHION_G07,,keyword,韓国服 通販,,ja,MODE_GRAMMAR,RULE_SELECTED,PENDING_EMPIRICAL,UNKNOWN,PENDING,NOT_YET_TESTED,PENDING_DOM_EXTRACTION,,COMPOSED,,,,,,N/A,,ORIGIN-NOUN-COMPOSED-1.0,NOT_REQUIRED,,PENDING_EMPIRICAL_VALIDATION,,,,,,https://trends.google.com/trends/explore?date=2018-01-01%202026-08-09&geo=JP&q=%E9%9F%93%E5%9B%BD%E6%9C%8D%20%E9%80%9A%E8%B2%A9&hl=en,한국 옷 쇼핑몰 · 소비양식 문법 · 일본(ja) 조합,,'한국 옷 쇼핑몰'은 플랫폼 브랜드명(무신사 등)으로 검색이 분산될 수 있음,한국 옷 쇼핑몰,KCONSUMER_COMPOSED_V1
JP|KFASHION|KFASHION_E01,JP,KFASHION,KFASHION_E01,,keyword,韓国バッグ,,ja,EXPORT_REFERENCED,RULE_SELECTED,PENDING_EMPIRICAL,UNKNOWN,PENDING,NOT_YET_TESTED,PENDING_DOM_EXTRACTION,,COMPOSED,,,,,,N/A,,ORIGIN-NOUN-COMPOSED-1.0,NOT_REQUIRED,,PENDING_EMPIRICAL_VALIDATION,,,,,,https://trends.google.com/trends/explore?date=2018-01-01%202026-08-09&geo=JP&q=%E9%9F%93%E5%9B%BD%E3%83%90%E3%83%83%E3%82%B0&hl=en,가방 · 수출 참고 HS 420222·420221·420292 · 일본(ja) 조합,,,가방,KCONSUMER_COMPOSED_V1
JP|KFASHION|KFASHION_E02,JP,KFASHION,KFASHION_E02,,keyword,韓国サングラス,,ja,EXPORT_REFERENCED,RULE_SELECTED,PENDING_EMPIRICAL,UNKNOWN,PENDING,NOT_YET_TESTED,PENDING_DOM_EXTRACTION,,COMPOSED,,,,,,N/A,,ORIGIN-NOUN-COMPOSED-1.0,NOT_REQUIRED,,PENDING_EMPIRICAL_VALIDATION,,,,,,https://trends.google.com/trends/explore?date=2018-01-01%202026-08-09&geo=JP&q=%E9%9F%93%E5%9B%BD%E3%82%B5%E3%83%B3%E3%82%B0%E3%83%A9%E3%82%B9&hl=en,선글라스 · 수출 참고 HS 900410 · 일본(ja) 조합,,,선글라스,KCONSUMER_COMPOSED_V1
JP|KFASHION|KFASHION_E03,JP,KFASHION,KFASHION_E03,,keyword,韓国スニーカー,,ja,EXPORT_REFERENCED,RULE_SELECTED,PENDING_EMPIRICAL,UNKNOWN,PENDING,NOT_YET_TESTED,PENDING_DOM_EXTRACTION,,COMPOSED,,,,,,N/A,,ORIGIN-NOUN-COMPOSED-1.0,NOT_REQUIRED,,PENDING_EMPIRICAL_VALIDATION,,,,,,https://trends.google.com/trends/explore?date=2018-01-01%202026-08-09&geo=JP&q=%E9%9F%93%E5%9B%BD%E3%82%B9%E3%83%8B%E3%83%BC%E3%82%AB%E3%83%BC&hl=en,스니커즈 · 수출 참고 HS 640411·640419 · 일본(ja) 조합,,,스니커즈,KCONSUMER_COMPOSED_V1
JP|KFASHION|KFASHION_E04,JP,KFASHION,KFASHION_E04,,keyword,韓国Tシャツ,,ja,EXPORT_REFERENCED,RULE_SELECTED,PENDING_EMPIRICAL,UNKNOWN,PENDING,NOT_YET_TESTED,PENDING_DOM_EXTRACTION,,COMPOSED,,,,,,N/A,,ORIGIN-NOUN-COMPOSED-1.0,NOT_REQUIRED,,PENDING_EMPIRICAL_VALIDATION,,,,,,https://trends.google.com/trends/explore?date=2018-01-01%202026-08-09&geo=JP&q=%E9%9F%93%E5%9B%BDT%E3%82%B7%E3%83%A3%E3%83%84&hl=en,티셔츠 · 수출 참고 HS 610910·610990 · 일본(ja) 조합,,,티셔츠,KCONSUMER_COMPOSED_V1
JP|KFASHION|KFASHION_E05,JP,KFASHION,KFASHION_E05,,keyword,韓国アクセサリー,,ja,EXPORT_REFERENCED,RULE_SELECTED,PENDING_EMPIRICAL,UNKNOWN,PENDING,NOT_YET_TESTED,PENDING_DOM_EXTRACTION,,COMPOSED,,,,,,N/A,,ORIGIN-NOUN-COMPOSED-1.0,NOT_REQUIRED,,PENDING_EMPIRICAL_VALIDATION,,,,,,https://trends.google.com/trends/explore?date=2018-01-01%202026-08-09&geo=JP&q=%E9%9F%93%E5%9B%BD%E3%82%A2%E3%82%AF%E3%82%BB%E3%82%B5%E3%83%AA%E3%83%BC&hl=en,주얼리 · 수출 참고 HS 711319·711719 · 일본(ja) 조합,,주얼리 대역의 L1 대응 품목 711319 는 금 시세에 좌우된다 — L1 과 L3 의 괴리가 클 것으로 예상,주얼리,KCONSUMER_COMPOSED_V1
JP|KFASHION|KFASHION_E06,JP,KFASHION,KFASHION_E06,,keyword,韓国帽子,,ja,EXPORT_REFERENCED,RULE_SELECTED,PENDING_EMPIRICAL,UNKNOWN,PENDING,NOT_YET_TESTED,PENDING_DOM_EXTRACTION,,COMPOSED,,,,,,N/A,,ORIGIN-NOUN-COMPOSED-1.0,NOT_REQUIRED,,PENDING_EMPIRICAL_VALIDATION,,,,,,https://trends.google.com/trends/explore?date=2018-01-01%202026-08-09&geo=JP&q=%E9%9F%93%E5%9B%BD%E5%B8%BD%E5%AD%90&hl=en,모자 · 수출 참고 HS 650500 · 일본(ja) 조합,,,모자,KCONSUMER_COMPOSED_V1
JP|KFASHION|KFASHION_E07,JP,KFASHION,KFASHION_E07,,keyword,韓国コート,,ja,EXPORT_REFERENCED,RULE_SELECTED,PENDING_EMPIRICAL,UNKNOWN,PENDING,NOT_YET_TESTED,PENDING_DOM_EXTRACTION,,COMPOSED,,,,,,N/A,,ORIGIN-NOUN-COMPOSED-1.0,NOT_REQUIRED,,PENDING_EMPIRICAL_VALIDATION,,,,,,https://trends.google.com/trends/explore?date=2018-01-01%202026-08-09&geo=JP&q=%E9%9F%93%E5%9B%BD%E3%82%B3%E3%83%BC%E3%83%88&hl=en,아우터 · 수출 참고 HS 620240 · 일본(ja) 조합,,,아우터,KCONSUMER_COMPOSED_V1
JP|KFASHION|KFASHION_P02,JP,KFASHION,KFASHION_P02,,keyword,イタリアファッション,,ja,MODE_GRAMMAR,RULE_SELECTED,PENDING_EMPIRICAL,UNKNOWN,PENDING,NOT_YET_TESTED,PENDING_TOPIC_EXTRACTION,,COMPOSED,,,,,,N/A,,ORIGIN-NOUN-COMPOSED-1.0,NOT_REQUIRED,,PENDING_EMPIRICAL_VALIDATION,,,,,,https://trends.google.com/trends/explore?date=2018-01-01%202026-08-09&geo=JP&q=%E3%82%A4%E3%82%BF%E3%83%AA%E3%82%A2%E3%83%95%E3%82%A1%E3%83%83%E3%82%B7%E3%83%A7%E3%83%B3&hl=en,[위약] 이탈리아 패션 · 소비양식 문법 · 일본(ja) 조합,,,[위약] 이탈리아 패션 · TOPIC 후보,KCONSUMER_COMPOSED_V1
VN|KFOOD|KFOOD_G01,VN,KFOOD,KFOOD_G01,,keyword,món ăn Hàn Quốc,,vi,MODE_GRAMMAR,RULE_SELECTED,PENDING_EMPIRICAL,UNKNOWN,PENDING,NOT_YET_TESTED,PENDING_TOPIC_EXTRACTION,,COMPOSED,,,,,,N/A,,ORIGIN-NOUN-COMPOSED-1.0,NOT_REQUIRED,,PENDING_EMPIRICAL_VALIDATION,,,,,,https://trends.google.com/trends/explore?date=2018-01-01%202026-08-09&geo=VN&q=m%C3%B3n%20%C4%83n%20H%C3%A0n%20Qu%E1%BB%91c&hl=en,한국 음식 · 소비양식 문법 · 베트남(vi) 조합,,,한국 음식 · TOPIC 후보,KCONSUMER_COMPOSED_V1
VN|KFOOD|KFOOD_G02,VN,KFOOD,KFOOD_G02,,keyword,K-food,,vi,MODE_GRAMMAR,RULE_SELECTED,PENDING_EMPIRICAL,UNKNOWN,PENDING,NOT_YET_TESTED,PENDING_TOPIC_EXTRACTION,,ATOMIC_LEXEME,,,,,,N/A,,ATOMIC-LEXEME-1.0,NOT_REQUIRED,,PENDING_EMPIRICAL_VALIDATION,,,,,,https://trends.google.com/trends/explore?date=2018-01-01%202026-08-09&geo=VN&q=K-food&hl=en,K-food · 소비양식 문법 · 베트남(vi) 외래어,,,K-food · TOPIC 후보,KCONSUMER_COMPOSED_V1
VN|KFOOD|KFOOD_G03,VN,KFOOD,KFOOD_G03,,keyword,công thức nấu ăn Hàn Quốc,,vi,MODE_GRAMMAR,RULE_SELECTED,PENDING_EMPIRICAL,UNKNOWN,PENDING,NOT_YET_TESTED,PENDING_DOM_EXTRACTION,,COMPOSED,,,,,,N/A,,ORIGIN-NOUN-COMPOSED-1.0,NOT_REQUIRED,,PENDING_EMPIRICAL_VALIDATION,,,,,,https://trends.google.com/trends/explore?date=2018-01-01%202026-08-09&geo=VN&q=c%C3%B4ng%20th%E1%BB%A9c%20n%E1%BA%A5u%20%C4%83n%20H%C3%A0n%20Qu%E1%BB%91c&hl=en,한국 요리법 · 소비양식 문법 · 베트남(vi) 조합,,,한국 요리법,KCONSUMER_COMPOSED_V1
VN|KFOOD|KFOOD_G04,VN,KFOOD,KFOOD_G04,,keyword,nhà hàng Hàn Quốc,,vi,MODE_GRAMMAR,RULE_SELECTED,PENDING_EMPIRICAL,UNKNOWN,PENDING,NOT_YET_TESTED,PENDING_DOM_EXTRACTION,,COMPOSED,,,,,,N/A,,ORIGIN-NOUN-COMPOSED-1.0,NOT_REQUIRED,,PENDING_EMPIRICAL_VALIDATION,,,,,,https://trends.google.com/trends/explore?date=2018-01-01%202026-08-09&geo=VN&q=nh%C3%A0%20h%C3%A0ng%20H%C3%A0n%20Qu%E1%BB%91c&hl=en,한식당 · 소비양식 문법 · 베트남(vi) 조합,,,한식당,KCONSUMER_COMPOSED_V1
VN|KFOOD|KFOOD_G05,VN,KFOOD,KFOOD_G05,,keyword,mukbang,,vi,MODE_GRAMMAR,RULE_SELECTED,PENDING_EMPIRICAL,UNKNOWN,PENDING,NOT_YET_TESTED,PENDING_TOPIC_EXTRACTION,,ATOMIC_LEXEME,,,,,,N/A,,ATOMIC-LEXEME-1.0,NOT_REQUIRED,,PENDING_EMPIRICAL_VALIDATION,,,,,,https://trends.google.com/trends/explore?date=2018-01-01%202026-08-09&geo=VN&q=mukbang&hl=en,먹방 · 소비양식 문법 · 베트남(vi) 외래어,,먹방은 한국 기원어지만 이미 국제 장르명이 되어 비한국 콘텐츠를 포함한다 — 도메인 귀속이 약해지는 방향,먹방 · TOPIC 후보,KCONSUMER_COMPOSED_V1
VN|KFOOD|KFOOD_G06,VN,KFOOD,KFOOD_G06,,keyword,ẩm thực đường phố Hàn Quốc,,vi,MODE_GRAMMAR,RULE_SELECTED,PENDING_EMPIRICAL,UNKNOWN,PENDING,NOT_YET_TESTED,PENDING_DOM_EXTRACTION,,COMPOSED,,,,,,N/A,,ORIGIN-NOUN-COMPOSED-1.0,NOT_REQUIRED,,PENDING_EMPIRICAL_VALIDATION,,,,,,https://trends.google.com/trends/explore?date=2018-01-01%202026-08-09&geo=VN&q=%E1%BA%A9m%20th%E1%BB%B1c%20%C4%91%C6%B0%E1%BB%9Dng%20ph%E1%BB%91%20H%C3%A0n%20Qu%E1%BB%91c&hl=en,한국 길거리음식 · 소비양식 문법 · 베트남(vi) 조합,,,한국 길거리음식,KCONSUMER_COMPOSED_V1
VN|KFOOD|KFOOD_E01,VN,KFOOD,KFOOD_E01,,keyword,kimchi,,vi,EXPORT_REFERENCED,RULE_SELECTED,PENDING_EMPIRICAL,UNKNOWN,PENDING,NOT_YET_TESTED,PENDING_TOPIC_EXTRACTION,,ATOMIC_LEXEME,,,,,,N/A,,ATOMIC-LEXEME-1.0,NOT_REQUIRED,,PENDING_EMPIRICAL_VALIDATION,,,,,,https://trends.google.com/trends/explore?date=2018-01-01%202026-08-09&geo=VN&q=kimchi&hl=en,김치 · 수출 참고 HS 200599 · 베트남(vi) 외래어,,일본은 자국산 김치를 대량 생산해 JP 신호에 국산 수요가 섞인다,김치 · TOPIC 후보,KCONSUMER_COMPOSED_V1
VN|KFOOD|KFOOD_E02,VN,KFOOD,KFOOD_E02,,keyword,mì Hàn Quốc,,vi,EXPORT_REFERENCED,RULE_SELECTED,PENDING_EMPIRICAL,UNKNOWN,PENDING,NOT_YET_TESTED,PENDING_TOPIC_EXTRACTION,,COMPOSED,,,,,,N/A,,ORIGIN-NOUN-COMPOSED-1.0,NOT_REQUIRED,,PENDING_EMPIRICAL_VALIDATION,,,,,,https://trends.google.com/trends/explore?date=2018-01-01%202026-08-09&geo=VN&q=m%C3%AC%20H%C3%A0n%20Qu%E1%BB%91c&hl=en,라면 · 수출 참고 HS 190230 · 베트남(vi) 조합,,'ramen' 단독은 일식이다. 전 언어에서 한국 수식어를 붙였으나 그만큼 검색량이 줄어 과소측정 가능,라면 · TOPIC 후보,KCONSUMER_COMPOSED_V1
VN|KFOOD|KFOOD_E03,VN,KFOOD,KFOOD_E03,,keyword,soju,,vi,EXPORT_REFERENCED,RULE_SELECTED,PENDING_EMPIRICAL,UNKNOWN,PENDING,NOT_YET_TESTED,PENDING_TOPIC_EXTRACTION,,ATOMIC_LEXEME,,,,,,N/A,,ATOMIC-LEXEME-1.0,NOT_REQUIRED,,PENDING_EMPIRICAL_VALIDATION,,,,,,https://trends.google.com/trends/explore?date=2018-01-01%202026-08-09&geo=VN&q=soju&hl=en,소주 · 수출 참고 HS 220890·220870 · 베트남(vi) 외래어,,일본어 焼酎 는 일본 소주다. 韓国焼酎 로 한정했으나 ソジュ 표기와 분산될 수 있음,소주 · TOPIC 후보,KCONSUMER_COMPOSED_V1
VN|KFOOD|KFOOD_E04,VN,KFOOD,KFOOD_E04,,keyword,tteokbokki,,vi,MODE_GRAMMAR,RULE_SELECTED,PENDING_EMPIRICAL,UNKNOWN,PENDING,NOT_YET_TESTED,PENDING_TOPIC_EXTRACTION,,ATOMIC_LEXEME,,,,,,N/A,,ATOMIC-LEXEME-1.0,NOT_REQUIRED,,PENDING_EMPIRICAL_VALIDATION,,,,,,https://trends.google.com/trends/explore?date=2018-01-01%202026-08-09&geo=VN&q=tteokbokki&hl=en,떡볶이 · 소비양식 문법 · 베트남(vi) 외래어,,,떡볶이 · TOPIC 후보,KCONSUMER_COMPOSED_V1
VN|KFOOD|KFOOD_E05,VN,KFOOD,KFOOD_E05,,keyword,gà rán Hàn Quốc,,vi,MODE_GRAMMAR,RULE_SELECTED,PENDING_EMPIRICAL,UNKNOWN,PENDING,NOT_YET_TESTED,PENDING_DOM_EXTRACTION,,COMPOSED,,,,,,N/A,,ORIGIN-NOUN-COMPOSED-1.0,NOT_REQUIRED,,PENDING_EMPIRICAL_VALIDATION,,,,,,https://trends.google.com/trends/explore?date=2018-01-01%202026-08-09&geo=VN&q=g%C3%A0%20r%C3%A1n%20H%C3%A0n%20Qu%E1%BB%91c&hl=en,한국 치킨 · 소비양식 문법 · 베트남(vi) 조합,,,한국 치킨,KCONSUMER_COMPOSED_V1
VN|KFOOD|KFOOD_E06,VN,KFOOD,KFOOD_E06,,keyword,bánh kẹo Hàn Quốc,,vi,EXPORT_REFERENCED,RULE_SELECTED,PENDING_EMPIRICAL,UNKNOWN,PENDING,NOT_YET_TESTED,PENDING_DOM_EXTRACTION,,COMPOSED,,,,,,N/A,,ORIGIN-NOUN-COMPOSED-1.0,NOT_REQUIRED,,PENDING_EMPIRICAL_VALIDATION,,,,,,https://trends.google.com/trends/explore?date=2018-01-01%202026-08-09&geo=VN&q=b%C3%A1nh%20k%E1%BA%B9o%20H%C3%A0n%20Qu%E1%BB%91c&hl=en,한국 과자 · 수출 참고 HS 190590·170490 · 베트남(vi) 조합,,,한국 과자,KCONSUMER_COMPOSED_V1
VN|KFOOD|KFOOD_E07,VN,KFOOD,KFOOD_E07,,keyword,rong biển Hàn Quốc,,vi,EXPORT_REFERENCED,RULE_SELECTED,PENDING_EMPIRICAL,UNKNOWN,PENDING,NOT_YET_TESTED,PENDING_DOM_EXTRACTION,,COMPOSED,,,,,,N/A,,ORIGIN-NOUN-COMPOSED-1.0,NOT_REQUIRED,,PENDING_EMPIRICAL_VALIDATION,,,,,,https://trends.google.com/trends/explore?date=2018-01-01%202026-08-09&geo=VN&q=rong%20bi%E1%BB%83n%20H%C3%A0n%20Qu%E1%BB%91c&hl=en,김 · 수출 참고 HS 121221 · 베트남(vi) 조합,,일본어 のり 단독은 일본산 김. 韓国のり 로 한정,김,KCONSUMER_COMPOSED_V1
VN|KFOOD|KFOOD_E08,VN,KFOOD,KFOOD_E08,,keyword,gochujang,,vi,EXPORT_REFERENCED,RULE_SELECTED,PENDING_EMPIRICAL,UNKNOWN,PENDING,NOT_YET_TESTED,PENDING_TOPIC_EXTRACTION,,ATOMIC_LEXEME,,,,,,N/A,,ATOMIC-LEXEME-1.0,NOT_REQUIRED,,PENDING_EMPIRICAL_VALIDATION,,,,,,https://trends.google.com/trends/explore?date=2018-01-01%202026-08-09&geo=VN&q=gochujang&hl=en,고추장 · 수출 참고 HS 210390 · 베트남(vi) 외래어,,,고추장 · TOPIC 후보,KCONSUMER_COMPOSED_V1
VN|KFOOD|KFOOD_E09,VN,KFOOD,KFOOD_E09,,keyword,nhân sâm Hàn Quốc,,vi,EXPORT_REFERENCED,RULE_SELECTED,PENDING_EMPIRICAL,UNKNOWN,PENDING,NOT_YET_TESTED,PENDING_TOPIC_EXTRACTION,,ATOMIC_LEXEME,,,,,,N/A,,ATOMIC-LEXEME-1.0,NOT_REQUIRED,,PENDING_EMPIRICAL_VALIDATION,,,,,,https://trends.google.com/trends/explore?date=2018-01-01%202026-08-09&geo=VN&q=nh%C3%A2n%20s%C3%A2m%20H%C3%A0n%20Qu%E1%BB%91c&hl=en,인삼 · 수출 참고 HS 121120 · 베트남(vi) 외래어,,,인삼 · TOPIC 후보,KCONSUMER_COMPOSED_V1
VN|KFOOD|KFOOD_P01,VN,KFOOD,KFOOD_P01,,keyword,món ăn Nhật Bản,,vi,MODE_GRAMMAR,RULE_SELECTED,PENDING_EMPIRICAL,UNKNOWN,PENDING,NOT_YET_TESTED,PENDING_TOPIC_EXTRACTION,,COMPOSED,,,,,,N/A,,ORIGIN-NOUN-COMPOSED-1.0,NOT_REQUIRED,,PENDING_EMPIRICAL_VALIDATION,,,,,,https://trends.google.com/trends/explore?date=2018-01-01%202026-08-09&geo=VN&q=m%C3%B3n%20%C4%83n%20Nh%E1%BA%ADt%20B%E1%BA%A3n&hl=en,[위약] 일식 · 소비양식 문법 · 베트남(vi) 조합,,위약이지만 한식·일식은 대체재이자 보완재라 부호가 양쪽 다 가능 — 계수 부호까지 함께 볼 것,[위약] 일식 · TOPIC 후보,KCONSUMER_COMPOSED_V1
VN|KFOOD|KFOOD_P02,VN,KFOOD,KFOOD_P02,,keyword,món ăn Trung Quốc,,vi,MODE_GRAMMAR,RULE_SELECTED,PENDING_EMPIRICAL,UNKNOWN,PENDING,NOT_YET_TESTED,PENDING_TOPIC_EXTRACTION,,COMPOSED,,,,,,N/A,,ORIGIN-NOUN-COMPOSED-1.0,NOT_REQUIRED,,PENDING_EMPIRICAL_VALIDATION,,,,,,https://trends.google.com/trends/explore?date=2018-01-01%202026-08-09&geo=VN&q=m%C3%B3n%20%C4%83n%20Trung%20Qu%E1%BB%91c&hl=en,[위약] 중식 · 소비양식 문법 · 베트남(vi) 조합,,,[위약] 중식 · TOPIC 후보,KCONSUMER_COMPOSED_V1
VN|KFOOD|KFOOD_P03,VN,KFOOD,KFOOD_P03,,keyword,món ăn Thái Lan,,vi,MODE_GRAMMAR,RULE_SELECTED,PENDING_EMPIRICAL,UNKNOWN,PENDING,NOT_YET_TESTED,PENDING_TOPIC_EXTRACTION,,COMPOSED,,,,,,N/A,,ORIGIN-NOUN-COMPOSED-1.0,NOT_REQUIRED,,PENDING_EMPIRICAL_VALIDATION,,,,,,https://trends.google.com/trends/explore?date=2018-01-01%202026-08-09&geo=VN&q=m%C3%B3n%20%C4%83n%20Th%C3%A1i%20Lan&hl=en,[위약] 태국음식 · 소비양식 문법 · 베트남(vi) 조합,,,[위약] 태국음식 · TOPIC 후보,KCONSUMER_COMPOSED_V1
VN|KBEAUTY|KBEAUTY_G01,VN,KBEAUTY,KBEAUTY_G01,,keyword,mỹ phẩm Hàn Quốc,,vi,MODE_GRAMMAR,RULE_SELECTED,PENDING_EMPIRICAL,UNKNOWN,PENDING,NOT_YET_TESTED,PENDING_TOPIC_EXTRACTION,,COMPOSED,,,,,,N/A,,ORIGIN-NOUN-COMPOSED-1.0,NOT_REQUIRED,,PENDING_EMPIRICAL_VALIDATION,,,,,,https://trends.google.com/trends/explore?date=2018-01-01%202026-08-09&geo=VN&q=m%E1%BB%B9%20ph%E1%BA%A9m%20H%C3%A0n%20Qu%E1%BB%91c&hl=en,한국 화장품 · 소비양식 문법 · 베트남(vi) 조합,,,한국 화장품 · TOPIC 후보,KCONSUMER_COMPOSED_V1
VN|KBEAUTY|KBEAUTY_G02,VN,KBEAUTY,KBEAUTY_G02,,keyword,K-beauty,,vi,MODE_GRAMMAR,RULE_SELECTED,PENDING_EMPIRICAL,UNKNOWN,PENDING,NOT_YET_TESTED,PENDING_TOPIC_EXTRACTION,,ATOMIC_LEXEME,,,,,,N/A,,ATOMIC-LEXEME-1.0,NOT_REQUIRED,,PENDING_EMPIRICAL_VALIDATION,,,,,,https://trends.google.com/trends/explore?date=2018-01-01%202026-08-09&geo=VN&q=K-beauty&hl=en,K-beauty · 소비양식 문법 · 베트남(vi) 외래어,,,K-beauty · TOPIC 후보,KCONSUMER_COMPOSED_V1
VN|KBEAUTY|KBEAUTY_G03,VN,KBEAUTY,KBEAUTY_G03,,keyword,quy trình chăm sóc da Hàn Quốc,,vi,EXPORT_REFERENCED,RULE_SELECTED,PENDING_EMPIRICAL,UNKNOWN,PENDING,NOT_YET_TESTED,PENDING_DOM_EXTRACTION,,COMPOSED,,,,,,N/A,,ORIGIN-NOUN-COMPOSED-1.0,NOT_REQUIRED,,PENDING_EMPIRICAL_VALIDATION,,,,,,https://trends.google.com/trends/explore?date=2018-01-01%202026-08-09&geo=VN&q=quy%20tr%C3%ACnh%20ch%C4%83m%20s%C3%B3c%20da%20H%C3%A0n%20Qu%E1%BB%91c&hl=en,한국 스킨케어 루틴 · 수출 참고 HS 330499 · 베트남(vi) 조합,,,한국 스킨케어 루틴,KCONSUMER_COMPOSED_V1
VN|KBEAUTY|KBEAUTY_G04,VN,KBEAUTY,KBEAUTY_G04,,keyword,thương hiệu mỹ phẩm Hàn Quốc,,vi,MODE_GRAMMAR,RULE_SELECTED,PENDING_EMPIRICAL,UNKNOWN,PENDING,NOT_YET_TESTED,PENDING_DOM_EXTRACTION,,COMPOSED,,,,,,N/A,,ORIGIN-NOUN-COMPOSED-1.0,NOT_REQUIRED,,PENDING_EMPIRICAL_VALIDATION,,,,,,https://trends.google.com/trends/explore?date=2018-01-01%202026-08-09&geo=VN&q=th%C6%B0%C6%A1ng%20hi%E1%BB%87u%20m%E1%BB%B9%20ph%E1%BA%A9m%20H%C3%A0n%20Qu%E1%BB%91c&hl=en,한국 화장품 브랜드 · 소비양식 문법 · 베트남(vi) 조합,,,한국 화장품 브랜드,KCONSUMER_COMPOSED_V1
VN|KBEAUTY|KBEAUTY_G05,VN,KBEAUTY,KBEAUTY_G05,,keyword,hướng dẫn trang điểm Hàn Quốc,,vi,EXPORT_REFERENCED,RULE_SELECTED,PENDING_EMPIRICAL,UNKNOWN,PENDING,NOT_YET_TESTED,PENDING_DOM_EXTRACTION,,COMPOSED,,,,,,N/A,,ORIGIN-NOUN-COMPOSED-1.0,NOT_REQUIRED,,PENDING_EMPIRICAL_VALIDATION,,,,,,https://trends.google.com/trends/explore?date=2018-01-01%202026-08-09&geo=VN&q=h%C6%B0%E1%BB%9Bng%20d%E1%BA%ABn%20trang%20%C4%91i%E1%BB%83m%20H%C3%A0n%20Qu%E1%BB%91c&hl=en,한국 메이크업 · 수출 참고 HS 330410·330420 · 베트남(vi) 조합,,,한국 메이크업,KCONSUMER_COMPOSED_V1
VN|KBEAUTY|KBEAUTY_G06,VN,KBEAUTY,KBEAUTY_G06,,keyword,glass skin,,vi,MODE_GRAMMAR,RULE_SELECTED,PENDING_EMPIRICAL,UNKNOWN,PENDING,NOT_YET_TESTED,PENDING_TOPIC_EXTRACTION,,ATOMIC_LEXEME,,,,,,N/A,,ATOMIC-LEXEME-1.0,NOT_REQUIRED,,PENDING_EMPIRICAL_VALIDATION,,,,,,https://trends.google.com/trends/explore?date=2018-01-01%202026-08-09&geo=VN&q=glass%20skin&hl=en,글래스 스킨 · 소비양식 문법 · 베트남(vi) 외래어,,'glass skin' 은 한국 기원이나 글로벌 뷰티 용어로 확산돼 도메인 귀속이 약하다,글래스 스킨 · TOPIC 후보,KCONSUMER_COMPOSED_V1
VN|KBEAUTY|KBEAUTY_E01,VN,KBEAUTY,KBEAUTY_E01,,keyword,serum Hàn Quốc,,vi,EXPORT_REFERENCED,RULE_SELECTED,PENDING_EMPIRICAL,UNKNOWN,PENDING,NOT_YET_TESTED,PENDING_DOM_EXTRACTION,,COMPOSED,,,,,,N/A,,ORIGIN-NOUN-COMPOSED-1.0,NOT_REQUIRED,,PENDING_EMPIRICAL_VALIDATION,,,,,,https://trends.google.com/trends/explore?date=2018-01-01%202026-08-09&geo=VN&q=serum%20H%C3%A0n%20Qu%E1%BB%91c&hl=en,세럼·에센스 · 수출 참고 HS 330499 · 베트남(vi) 조합,,,세럼·에센스,KCONSUMER_COMPOSED_V1
VN|KBEAUTY|KBEAUTY_E02,VN,KBEAUTY,KBEAUTY_E02,,keyword,mặt nạ giấy Hàn Quốc,,vi,EXPORT_REFERENCED,RULE_SELECTED,PENDING_EMPIRICAL,UNKNOWN,PENDING,NOT_YET_TESTED,PENDING_DOM_EXTRACTION,,COMPOSED,,,,,,N/A,,ORIGIN-NOUN-COMPOSED-1.0,NOT_REQUIRED,,PENDING_EMPIRICAL_VALIDATION,,,,,,https://trends.google.com/trends/explore?date=2018-01-01%202026-08-09&geo=VN&q=m%E1%BA%B7t%20n%E1%BA%A1%20gi%E1%BA%A5y%20H%C3%A0n%20Qu%E1%BB%91c&hl=en,시트마스크 · 수출 참고 HS 330499 · 베트남(vi) 조합,,,시트마스크,KCONSUMER_COMPOSED_V1
VN|KBEAUTY|KBEAUTY_E03,VN,KBEAUTY,KBEAUTY_E03,,keyword,kem chống nắng Hàn Quốc,,vi,EXPORT_REFERENCED,RULE_SELECTED,PENDING_EMPIRICAL,UNKNOWN,PENDING,NOT_YET_TESTED,PENDING_DOM_EXTRACTION,,COMPOSED,,,,,,N/A,,ORIGIN-NOUN-COMPOSED-1.0,NOT_REQUIRED,,PENDING_EMPIRICAL_VALIDATION,,,,,,https://trends.google.com/trends/explore?date=2018-01-01%202026-08-09&geo=VN&q=kem%20ch%E1%BB%91ng%20n%E1%BA%AFng%20H%C3%A0n%20Qu%E1%BB%91c&hl=en,선크림 · 수출 참고 HS 330499 · 베트남(vi) 조합,,,선크림,KCONSUMER_COMPOSED_V1
VN|KBEAUTY|KBEAUTY_E04,VN,KBEAUTY,KBEAUTY_E04,,keyword,phấn nước Hàn Quốc,,vi,EXPORT_REFERENCED,RULE_SELECTED,PENDING_EMPIRICAL,UNKNOWN,PENDING,NOT_YET_TESTED,PENDING_DOM_EXTRACTION,,COMPOSED,,,,,,N/A,,ORIGIN-NOUN-COMPOSED-1.0,NOT_REQUIRED,,PENDING_EMPIRICAL_VALIDATION,,,,,,https://trends.google.com/trends/explore?date=2018-01-01%202026-08-09&geo=VN&q=ph%E1%BA%A5n%20n%C6%B0%E1%BB%9Bc%20H%C3%A0n%20Qu%E1%BB%91c&hl=en,쿠션 파운데이션 · 수출 참고 HS 330491·961620 · 베트남(vi) 조합,,쿠션은 한국이 만든 제형이라 원산지 수식 없이도 한국 신호일 수 있다 — 수식어를 붙여 과소측정될 위험,쿠션 파운데이션,KCONSUMER_COMPOSED_V1
VN|KBEAUTY|KBEAUTY_E05,VN,KBEAUTY,KBEAUTY_E05,,keyword,son tint Hàn Quốc,,vi,EXPORT_REFERENCED,RULE_SELECTED,PENDING_EMPIRICAL,UNKNOWN,PENDING,NOT_YET_TESTED,PENDING_DOM_EXTRACTION,,COMPOSED,,,,,,N/A,,ORIGIN-NOUN-COMPOSED-1.0,NOT_REQUIRED,,PENDING_EMPIRICAL_VALIDATION,,,,,,https://trends.google.com/trends/explore?date=2018-01-01%202026-08-09&geo=VN&q=son%20tint%20H%C3%A0n%20Qu%E1%BB%91c&hl=en,립틴트 · 수출 참고 HS 330410 · 베트남(vi) 조합,,,립틴트,KCONSUMER_COMPOSED_V1
VN|KBEAUTY|KBEAUTY_E06,VN,KBEAUTY,KBEAUTY_E06,,keyword,sữa rửa mặt Hàn Quốc,,vi,EXPORT_REFERENCED,RULE_SELECTED,PENDING_EMPIRICAL,UNKNOWN,PENDING,NOT_YET_TESTED,PENDING_DOM_EXTRACTION,,COMPOSED,,,,,,N/A,,ORIGIN-NOUN-COMPOSED-1.0,NOT_REQUIRED,,PENDING_EMPIRICAL_VALIDATION,,,,,,https://trends.google.com/trends/explore?date=2018-01-01%202026-08-09&geo=VN&q=s%E1%BB%AFa%20r%E1%BB%ADa%20m%E1%BA%B7t%20H%C3%A0n%20Qu%E1%BB%91c&hl=en,클렌징 · 수출 참고 HS 340130 · 베트남(vi) 조합,,,클렌징,KCONSUMER_COMPOSED_V1
VN|KBEAUTY|KBEAUTY_E07,VN,KBEAUTY,KBEAUTY_E07,,keyword,chăm sóc tóc Hàn Quốc,,vi,EXPORT_REFERENCED,RULE_SELECTED,PENDING_EMPIRICAL,UNKNOWN,PENDING,NOT_YET_TESTED,PENDING_DOM_EXTRACTION,,COMPOSED,,,,,,N/A,,ORIGIN-NOUN-COMPOSED-1.0,NOT_REQUIRED,,PENDING_EMPIRICAL_VALIDATION,,,,,,https://trends.google.com/trends/explore?date=2018-01-01%202026-08-09&geo=VN&q=ch%C4%83m%20s%C3%B3c%20t%C3%B3c%20H%C3%A0n%20Qu%E1%BB%91c&hl=en,헤어케어 · 수출 참고 HS 330590·330510 · 베트남(vi) 조합,,,헤어케어,KCONSUMER_COMPOSED_V1
VN|KBEAUTY|KBEAUTY_E08,VN,KBEAUTY,KBEAUTY_E08,,keyword,nước hoa Hàn Quốc,,vi,EXPORT_REFERENCED,RULE_SELECTED,PENDING_EMPIRICAL,UNKNOWN,PENDING,NOT_YET_TESTED,PENDING_DOM_EXTRACTION,,COMPOSED,,,,,,N/A,,ORIGIN-NOUN-COMPOSED-1.0,NOT_REQUIRED,,PENDING_EMPIRICAL_VALIDATION,,,,,,https://trends.google.com/trends/explore?date=2018-01-01%202026-08-09&geo=VN&q=n%C6%B0%E1%BB%9Bc%20hoa%20H%C3%A0n%20Qu%E1%BB%91c&hl=en,향수 · 수출 참고 HS 330300·330790 · 베트남(vi) 조합,,,향수,KCONSUMER_COMPOSED_V1
VN|KBEAUTY|KBEAUTY_P01,VN,KBEAUTY,KBEAUTY_P01,,keyword,mỹ phẩm Nhật Bản,,vi,MODE_GRAMMAR,RULE_SELECTED,PENDING_EMPIRICAL,UNKNOWN,PENDING,NOT_YET_TESTED,PENDING_TOPIC_EXTRACTION,,COMPOSED,,,,,,N/A,,ORIGIN-NOUN-COMPOSED-1.0,NOT_REQUIRED,,PENDING_EMPIRICAL_VALIDATION,,,,,,https://trends.google.com/trends/explore?date=2018-01-01%202026-08-09&geo=VN&q=m%E1%BB%B9%20ph%E1%BA%A9m%20Nh%E1%BA%ADt%20B%E1%BA%A3n&hl=en,[위약] 일본 화장품 · 소비양식 문법 · 베트남(vi) 조합,,,[위약] 일본 화장품 · TOPIC 후보,KCONSUMER_COMPOSED_V1
VN|KBEAUTY|KBEAUTY_P02,VN,KBEAUTY,KBEAUTY_P02,,keyword,mỹ phẩm Pháp,,vi,MODE_GRAMMAR,RULE_SELECTED,PENDING_EMPIRICAL,UNKNOWN,PENDING,NOT_YET_TESTED,PENDING_TOPIC_EXTRACTION,,COMPOSED,,,,,,N/A,,ORIGIN-NOUN-COMPOSED-1.0,NOT_REQUIRED,,PENDING_EMPIRICAL_VALIDATION,,,,,,https://trends.google.com/trends/explore?date=2018-01-01%202026-08-09&geo=VN&q=m%E1%BB%B9%20ph%E1%BA%A9m%20Ph%C3%A1p&hl=en,[위약] 프랑스 화장품 · 소비양식 문법 · 베트남(vi) 조합,,,[위약] 프랑스 화장품 · TOPIC 후보,KCONSUMER_COMPOSED_V1
VN|KFASHION|KFASHION_G01,VN,KFASHION,KFASHION_G01,,keyword,thời trang Hàn Quốc,,vi,MODE_GRAMMAR,RULE_SELECTED,PENDING_EMPIRICAL,UNKNOWN,PENDING,NOT_YET_TESTED,PENDING_TOPIC_EXTRACTION,,COMPOSED,,,,,,N/A,,ORIGIN-NOUN-COMPOSED-1.0,NOT_REQUIRED,,PENDING_EMPIRICAL_VALIDATION,,,,,,https://trends.google.com/trends/explore?date=2018-01-01%202026-08-09&geo=VN&q=th%E1%BB%9Di%20trang%20H%C3%A0n%20Qu%E1%BB%91c&hl=en,한국 패션 · 소비양식 문법 · 베트남(vi) 조합,,,한국 패션 · TOPIC 후보,KCONSUMER_COMPOSED_V1
VN|KFASHION|KFASHION_G02,VN,KFASHION,KFASHION_G02,,keyword,K-fashion,,vi,MODE_GRAMMAR,RULE_SELECTED,PENDING_EMPIRICAL,UNKNOWN,PENDING,NOT_YET_TESTED,PENDING_TOPIC_EXTRACTION,,ATOMIC_LEXEME,,,,,,N/A,,ATOMIC-LEXEME-1.0,NOT_REQUIRED,,PENDING_EMPIRICAL_VALIDATION,,,,,,https://trends.google.com/trends/explore?date=2018-01-01%202026-08-09&geo=VN&q=K-fashion&hl=en,K-fashion · 소비양식 문법 · 베트남(vi) 외래어,,,K-fashion · TOPIC 후보,KCONSUMER_COMPOSED_V1
VN|KFASHION|KFASHION_G03,VN,KFASHION,KFASHION_G03,,keyword,phong cách Hàn Quốc,,vi,MODE_GRAMMAR,RULE_SELECTED,PENDING_EMPIRICAL,UNKNOWN,PENDING,NOT_YET_TESTED,PENDING_DOM_EXTRACTION,,COMPOSED,,,,,,N/A,,ORIGIN-NOUN-COMPOSED-1.0,NOT_REQUIRED,,PENDING_EMPIRICAL_VALIDATION,,,,,,https://trends.google.com/trends/explore?date=2018-01-01%202026-08-09&geo=VN&q=phong%20c%C3%A1ch%20H%C3%A0n%20Qu%E1%BB%91c&hl=en,한국 스타일 코디 · 소비양식 문법 · 베트남(vi) 조합,,,한국 스타일 코디,KCONSUMER_COMPOSED_V1
VN|KFASHION|KFASHION_G04,VN,KFASHION,KFASHION_G04,,keyword,thương hiệu thời trang Hàn Quốc,,vi,MODE_GRAMMAR,RULE_SELECTED,PENDING_EMPIRICAL,UNKNOWN,PENDING,NOT_YET_TESTED,PENDING_DOM_EXTRACTION,,COMPOSED,,,,,,N/A,,ORIGIN-NOUN-COMPOSED-1.0,NOT_REQUIRED,,PENDING_EMPIRICAL_VALIDATION,,,,,,https://trends.google.com/trends/explore?date=2018-01-01%202026-08-09&geo=VN&q=th%C6%B0%C6%A1ng%20hi%E1%BB%87u%20th%E1%BB%9Di%20trang%20H%C3%A0n%20Qu%E1%BB%91c&hl=en,한국 패션 브랜드 · 소비양식 문법 · 베트남(vi) 조합,,,한국 패션 브랜드,KCONSUMER_COMPOSED_V1
VN|KFASHION|KFASHION_G05,VN,KFASHION,KFASHION_G05,,keyword,thời trang idol Hàn Quốc,,vi,MODE_GRAMMAR,RULE_SELECTED,PENDING_EMPIRICAL,UNKNOWN,PENDING,NOT_YET_TESTED,PENDING_DOM_EXTRACTION,,COMPOSED,,,,,,N/A,,ORIGIN-NOUN-COMPOSED-1.0,NOT_REQUIRED,,PENDING_EMPIRICAL_VALIDATION,,,,,,https://trends.google.com/trends/explore?date=2018-01-01%202026-08-09&geo=VN&q=th%E1%BB%9Di%20trang%20idol%20H%C3%A0n%20Qu%E1%BB%91c&hl=en,아이돌 패션 · 소비양식 문법 · 베트남(vi) 조합,,아이돌 패션은 K-Pop 도메인과 겹친다. KPOP 계열과의 상관을 먼저 확인할 것,아이돌 패션,KCONSUMER_COMPOSED_V1
VN|KFASHION|KFASHION_G06,VN,KFASHION,KFASHION_G06,,keyword,streetwear Hàn Quốc,,vi,MODE_GRAMMAR,RULE_SELECTED,PENDING_EMPIRICAL,UNKNOWN,PENDING,NOT_YET_TESTED,PENDING_DOM_EXTRACTION,,COMPOSED,,,,,,N/A,,ORIGIN-NOUN-COMPOSED-1.0,NOT_REQUIRED,,PENDING_EMPIRICAL_VALIDATION,,,,,,https://trends.google.com/trends/explore?date=2018-01-01%202026-08-09&geo=VN&q=streetwear%20H%C3%A0n%20Qu%E1%BB%91c&hl=en,한국 스트릿웨어 · 소비양식 문법 · 베트남(vi) 조합,,,한국 스트릿웨어,KCONSUMER_COMPOSED_V1
VN|KFASHION|KFASHION_G07,VN,KFASHION,KFASHION_G07,,keyword,shop quần áo online Hàn Quốc,,vi,MODE_GRAMMAR,RULE_SELECTED,PENDING_EMPIRICAL,UNKNOWN,PENDING,NOT_YET_TESTED,PENDING_DOM_EXTRACTION,,COMPOSED,,,,,,N/A,,ORIGIN-NOUN-COMPOSED-1.0,NOT_REQUIRED,,PENDING_EMPIRICAL_VALIDATION,,,,,,https://trends.google.com/trends/explore?date=2018-01-01%202026-08-09&geo=VN&q=shop%20qu%E1%BA%A7n%20%C3%A1o%20online%20H%C3%A0n%20Qu%E1%BB%91c&hl=en,한국 옷 쇼핑몰 · 소비양식 문법 · 베트남(vi) 조합,,'한국 옷 쇼핑몰'은 플랫폼 브랜드명(무신사 등)으로 검색이 분산될 수 있음,한국 옷 쇼핑몰,KCONSUMER_COMPOSED_V1
VN|KFASHION|KFASHION_E01,VN,KFASHION,KFASHION_E01,,keyword,túi xách Hàn Quốc,,vi,EXPORT_REFERENCED,RULE_SELECTED,PENDING_EMPIRICAL,UNKNOWN,PENDING,NOT_YET_TESTED,PENDING_DOM_EXTRACTION,,COMPOSED,,,,,,N/A,,ORIGIN-NOUN-COMPOSED-1.0,NOT_REQUIRED,,PENDING_EMPIRICAL_VALIDATION,,,,,,https://trends.google.com/trends/explore?date=2018-01-01%202026-08-09&geo=VN&q=t%C3%BAi%20x%C3%A1ch%20H%C3%A0n%20Qu%E1%BB%91c&hl=en,가방 · 수출 참고 HS 420222·420221·420292 · 베트남(vi) 조합,,,가방,KCONSUMER_COMPOSED_V1
VN|KFASHION|KFASHION_E02,VN,KFASHION,KFASHION_E02,,keyword,kính râm Hàn Quốc,,vi,EXPORT_REFERENCED,RULE_SELECTED,PENDING_EMPIRICAL,UNKNOWN,PENDING,NOT_YET_TESTED,PENDING_DOM_EXTRACTION,,COMPOSED,,,,,,N/A,,ORIGIN-NOUN-COMPOSED-1.0,NOT_REQUIRED,,PENDING_EMPIRICAL_VALIDATION,,,,,,https://trends.google.com/trends/explore?date=2018-01-01%202026-08-09&geo=VN&q=k%C3%ADnh%20r%C3%A2m%20H%C3%A0n%20Qu%E1%BB%91c&hl=en,선글라스 · 수출 참고 HS 900410 · 베트남(vi) 조합,,,선글라스,KCONSUMER_COMPOSED_V1
VN|KFASHION|KFASHION_E03,VN,KFASHION,KFASHION_E03,,keyword,giày sneaker Hàn Quốc,,vi,EXPORT_REFERENCED,RULE_SELECTED,PENDING_EMPIRICAL,UNKNOWN,PENDING,NOT_YET_TESTED,PENDING_DOM_EXTRACTION,,COMPOSED,,,,,,N/A,,ORIGIN-NOUN-COMPOSED-1.0,NOT_REQUIRED,,PENDING_EMPIRICAL_VALIDATION,,,,,,https://trends.google.com/trends/explore?date=2018-01-01%202026-08-09&geo=VN&q=gi%C3%A0y%20sneaker%20H%C3%A0n%20Qu%E1%BB%91c&hl=en,스니커즈 · 수출 참고 HS 640411·640419 · 베트남(vi) 조합,,,스니커즈,KCONSUMER_COMPOSED_V1
VN|KFASHION|KFASHION_E04,VN,KFASHION,KFASHION_E04,,keyword,áo thun Hàn Quốc,,vi,EXPORT_REFERENCED,RULE_SELECTED,PENDING_EMPIRICAL,UNKNOWN,PENDING,NOT_YET_TESTED,PENDING_DOM_EXTRACTION,,COMPOSED,,,,,,N/A,,ORIGIN-NOUN-COMPOSED-1.0,NOT_REQUIRED,,PENDING_EMPIRICAL_VALIDATION,,,,,,https://trends.google.com/trends/explore?date=2018-01-01%202026-08-09&geo=VN&q=%C3%A1o%20thun%20H%C3%A0n%20Qu%E1%BB%91c&hl=en,티셔츠 · 수출 참고 HS 610910·610990 · 베트남(vi) 조합,,,티셔츠,KCONSUMER_COMPOSED_V1
VN|KFASHION|KFASHION_E05,VN,KFASHION,KFASHION_E05,,keyword,trang sức Hàn Quốc,,vi,EXPORT_REFERENCED,RULE_SELECTED,PENDING_EMPIRICAL,UNKNOWN,PENDING,NOT_YET_TESTED,PENDING_DOM_EXTRACTION,,COMPOSED,,,,,,N/A,,ORIGIN-NOUN-COMPOSED-1.0,NOT_REQUIRED,,PENDING_EMPIRICAL_VALIDATION,,,,,,https://trends.google.com/trends/explore?date=2018-01-01%202026-08-09&geo=VN&q=trang%20s%E1%BB%A9c%20H%C3%A0n%20Qu%E1%BB%91c&hl=en,주얼리 · 수출 참고 HS 711319·711719 · 베트남(vi) 조합,,주얼리 대역의 L1 대응 품목 711319 는 금 시세에 좌우된다 — L1 과 L3 의 괴리가 클 것으로 예상,주얼리,KCONSUMER_COMPOSED_V1
VN|KFASHION|KFASHION_E06,VN,KFASHION,KFASHION_E06,,keyword,mũ Hàn Quốc,,vi,EXPORT_REFERENCED,RULE_SELECTED,PENDING_EMPIRICAL,UNKNOWN,PENDING,NOT_YET_TESTED,PENDING_DOM_EXTRACTION,,COMPOSED,,,,,,N/A,,ORIGIN-NOUN-COMPOSED-1.0,NOT_REQUIRED,,PENDING_EMPIRICAL_VALIDATION,,,,,,https://trends.google.com/trends/explore?date=2018-01-01%202026-08-09&geo=VN&q=m%C5%A9%20H%C3%A0n%20Qu%E1%BB%91c&hl=en,모자 · 수출 참고 HS 650500 · 베트남(vi) 조합,,,모자,KCONSUMER_COMPOSED_V1
VN|KFASHION|KFASHION_E07,VN,KFASHION,KFASHION_E07,,keyword,áo khoác Hàn Quốc,,vi,EXPORT_REFERENCED,RULE_SELECTED,PENDING_EMPIRICAL,UNKNOWN,PENDING,NOT_YET_TESTED,PENDING_DOM_EXTRACTION,,COMPOSED,,,,,,N/A,,ORIGIN-NOUN-COMPOSED-1.0,NOT_REQUIRED,,PENDING_EMPIRICAL_VALIDATION,,,,,,https://trends.google.com/trends/explore?date=2018-01-01%202026-08-09&geo=VN&q=%C3%A1o%20kho%C3%A1c%20H%C3%A0n%20Qu%E1%BB%91c&hl=en,아우터 · 수출 참고 HS 620240 · 베트남(vi) 조합,,,아우터,KCONSUMER_COMPOSED_V1
VN|KFASHION|KFASHION_P01,VN,KFASHION,KFASHION_P01,,keyword,thời trang Nhật Bản,,vi,MODE_GRAMMAR,RULE_SELECTED,PENDING_EMPIRICAL,UNKNOWN,PENDING,NOT_YET_TESTED,PENDING_TOPIC_EXTRACTION,,COMPOSED,,,,,,N/A,,ORIGIN-NOUN-COMPOSED-1.0,NOT_REQUIRED,,PENDING_EMPIRICAL_VALIDATION,,,,,,https://trends.google.com/trends/explore?date=2018-01-01%202026-08-09&geo=VN&q=th%E1%BB%9Di%20trang%20Nh%E1%BA%ADt%20B%E1%BA%A3n&hl=en,[위약] 일본 패션 · 소비양식 문법 · 베트남(vi) 조합,,,[위약] 일본 패션 · TOPIC 후보,KCONSUMER_COMPOSED_V1
VN|KFASHION|KFASHION_P02,VN,KFASHION,KFASHION_P02,,keyword,thời trang Ý,,vi,MODE_GRAMMAR,RULE_SELECTED,PENDING_EMPIRICAL,UNKNOWN,PENDING,NOT_YET_TESTED,PENDING_TOPIC_EXTRACTION,,COMPOSED,,,,,,N/A,,ORIGIN-NOUN-COMPOSED-1.0,NOT_REQUIRED,,PENDING_EMPIRICAL_VALIDATION,,,,,,https://trends.google.com/trends/explore?date=2018-01-01%202026-08-09&geo=VN&q=th%E1%BB%9Di%20trang%20%C3%9D&hl=en,[위약] 이탈리아 패션 · 소비양식 문법 · 베트남(vi) 조합,,,[위약] 이탈리아 패션 · TOPIC 후보,KCONSUMER_COMPOSED_V1
TH|KFOOD|KFOOD_G01,TH,KFOOD,KFOOD_G01,,keyword,อาหารเกาหลี,,th,MODE_GRAMMAR,RULE_SELECTED,PENDING_EMPIRICAL,UNKNOWN,PENDING,NOT_YET_TESTED,PENDING_TOPIC_EXTRACTION,,COMPOSED,,,,,,N/A,,ORIGIN-NOUN-COMPOSED-1.0,NOT_REQUIRED,,PENDING_EMPIRICAL_VALIDATION,,,,,,https://trends.google.com/trends/explore?date=2018-01-01%202026-08-09&geo=TH&q=%E0%B8%AD%E0%B8%B2%E0%B8%AB%E0%B8%B2%E0%B8%A3%E0%B9%80%E0%B8%81%E0%B8%B2%E0%B8%AB%E0%B8%A5%E0%B8%B5&hl=en,한국 음식 · 소비양식 문법 · 태국(th) 조합,,,한국 음식 · TOPIC 후보,KCONSUMER_COMPOSED_V1
TH|KFOOD|KFOOD_G02,TH,KFOOD,KFOOD_G02,,keyword,K-food,,th,MODE_GRAMMAR,RULE_SELECTED,PENDING_EMPIRICAL,UNKNOWN,PENDING,NOT_YET_TESTED,PENDING_TOPIC_EXTRACTION,,ATOMIC_LEXEME,,,,,,N/A,,ATOMIC-LEXEME-1.0,NOT_REQUIRED,,PENDING_EMPIRICAL_VALIDATION,,,,,,https://trends.google.com/trends/explore?date=2018-01-01%202026-08-09&geo=TH&q=K-food&hl=en,K-food · 소비양식 문법 · 태국(th) 외래어,,,K-food · TOPIC 후보,KCONSUMER_COMPOSED_V1
TH|KFOOD|KFOOD_G03,TH,KFOOD,KFOOD_G03,,keyword,สูตรอาหารเกาหลี,,th,MODE_GRAMMAR,RULE_SELECTED,PENDING_EMPIRICAL,UNKNOWN,PENDING,NOT_YET_TESTED,PENDING_DOM_EXTRACTION,,COMPOSED,,,,,,N/A,,ORIGIN-NOUN-COMPOSED-1.0,NOT_REQUIRED,,PENDING_EMPIRICAL_VALIDATION,,,,,,https://trends.google.com/trends/explore?date=2018-01-01%202026-08-09&geo=TH&q=%E0%B8%AA%E0%B8%B9%E0%B8%95%E0%B8%A3%E0%B8%AD%E0%B8%B2%E0%B8%AB%E0%B8%B2%E0%B8%A3%E0%B9%80%E0%B8%81%E0%B8%B2%E0%B8%AB%E0%B8%A5%E0%B8%B5&hl=en,한국 요리법 · 소비양식 문법 · 태국(th) 조합,,,한국 요리법,KCONSUMER_COMPOSED_V1
TH|KFOOD|KFOOD_G04,TH,KFOOD,KFOOD_G04,,keyword,ร้านอาหารเกาหลี,,th,MODE_GRAMMAR,RULE_SELECTED,PENDING_EMPIRICAL,UNKNOWN,PENDING,NOT_YET_TESTED,PENDING_DOM_EXTRACTION,,COMPOSED,,,,,,N/A,,ORIGIN-NOUN-COMPOSED-1.0,NOT_REQUIRED,,PENDING_EMPIRICAL_VALIDATION,,,,,,https://trends.google.com/trends/explore?date=2018-01-01%202026-08-09&geo=TH&q=%E0%B8%A3%E0%B9%89%E0%B8%B2%E0%B8%99%E0%B8%AD%E0%B8%B2%E0%B8%AB%E0%B8%B2%E0%B8%A3%E0%B9%80%E0%B8%81%E0%B8%B2%E0%B8%AB%E0%B8%A5%E0%B8%B5&hl=en,한식당 · 소비양식 문법 · 태국(th) 조합,,,한식당,KCONSUMER_COMPOSED_V1
TH|KFOOD|KFOOD_G05,TH,KFOOD,KFOOD_G05,,keyword,มุกบัง,,th,MODE_GRAMMAR,RULE_SELECTED,PENDING_EMPIRICAL,UNKNOWN,PENDING,NOT_YET_TESTED,PENDING_TOPIC_EXTRACTION,,ATOMIC_LEXEME,,,,,,N/A,,ATOMIC-LEXEME-1.0,NOT_REQUIRED,,PENDING_EMPIRICAL_VALIDATION,,,,,,https://trends.google.com/trends/explore?date=2018-01-01%202026-08-09&geo=TH&q=%E0%B8%A1%E0%B8%B8%E0%B8%81%E0%B8%9A%E0%B8%B1%E0%B8%87&hl=en,먹방 · 소비양식 문법 · 태국(th) 외래어,,먹방은 한국 기원어지만 이미 국제 장르명이 되어 비한국 콘텐츠를 포함한다 — 도메인 귀속이 약해지는 방향,먹방 · TOPIC 후보,KCONSUMER_COMPOSED_V1
TH|KFOOD|KFOOD_G06,TH,KFOOD,KFOOD_G06,,keyword,สตรีทฟู้ดเกาหลี,,th,MODE_GRAMMAR,RULE_SELECTED,PENDING_EMPIRICAL,UNKNOWN,PENDING,NOT_YET_TESTED,PENDING_DOM_EXTRACTION,,COMPOSED,,,,,,N/A,,ORIGIN-NOUN-COMPOSED-1.0,NOT_REQUIRED,,PENDING_EMPIRICAL_VALIDATION,,,,,,https://trends.google.com/trends/explore?date=2018-01-01%202026-08-09&geo=TH&q=%E0%B8%AA%E0%B8%95%E0%B8%A3%E0%B8%B5%E0%B8%97%E0%B8%9F%E0%B8%B9%E0%B9%89%E0%B8%94%E0%B9%80%E0%B8%81%E0%B8%B2%E0%B8%AB%E0%B8%A5%E0%B8%B5&hl=en,한국 길거리음식 · 소비양식 문법 · 태국(th) 조합,,,한국 길거리음식,KCONSUMER_COMPOSED_V1
TH|KFOOD|KFOOD_E01,TH,KFOOD,KFOOD_E01,,keyword,กิมจิ,,th,EXPORT_REFERENCED,RULE_SELECTED,PENDING_EMPIRICAL,UNKNOWN,PENDING,NOT_YET_TESTED,PENDING_TOPIC_EXTRACTION,,ATOMIC_LEXEME,,,,,,N/A,,ATOMIC-LEXEME-1.0,NOT_REQUIRED,,PENDING_EMPIRICAL_VALIDATION,,,,,,https://trends.google.com/trends/explore?date=2018-01-01%202026-08-09&geo=TH&q=%E0%B8%81%E0%B8%B4%E0%B8%A1%E0%B8%88%E0%B8%B4&hl=en,김치 · 수출 참고 HS 200599 · 태국(th) 외래어,,일본은 자국산 김치를 대량 생산해 JP 신호에 국산 수요가 섞인다,김치 · TOPIC 후보,KCONSUMER_COMPOSED_V1
TH|KFOOD|KFOOD_E02,TH,KFOOD,KFOOD_E02,,keyword,รามยอนเกาหลี,,th,EXPORT_REFERENCED,RULE_SELECTED,PENDING_EMPIRICAL,UNKNOWN,PENDING,NOT_YET_TESTED,PENDING_TOPIC_EXTRACTION,,COMPOSED,,,,,,N/A,,ORIGIN-NOUN-COMPOSED-1.0,NOT_REQUIRED,,PENDING_EMPIRICAL_VALIDATION,,,,,,https://trends.google.com/trends/explore?date=2018-01-01%202026-08-09&geo=TH&q=%E0%B8%A3%E0%B8%B2%E0%B8%A1%E0%B8%A2%E0%B8%AD%E0%B8%99%E0%B9%80%E0%B8%81%E0%B8%B2%E0%B8%AB%E0%B8%A5%E0%B8%B5&hl=en,라면 · 수출 참고 HS 190230 · 태국(th) 조합,,'ramen' 단독은 일식이다. 전 언어에서 한국 수식어를 붙였으나 그만큼 검색량이 줄어 과소측정 가능,라면 · TOPIC 후보,KCONSUMER_COMPOSED_V1
TH|KFOOD|KFOOD_E03,TH,KFOOD,KFOOD_E03,,keyword,โซจู,,th,EXPORT_REFERENCED,RULE_SELECTED,PENDING_EMPIRICAL,UNKNOWN,PENDING,NOT_YET_TESTED,PENDING_TOPIC_EXTRACTION,,ATOMIC_LEXEME,,,,,,N/A,,ATOMIC-LEXEME-1.0,NOT_REQUIRED,,PENDING_EMPIRICAL_VALIDATION,,,,,,https://trends.google.com/trends/explore?date=2018-01-01%202026-08-09&geo=TH&q=%E0%B9%82%E0%B8%8B%E0%B8%88%E0%B8%B9&hl=en,소주 · 수출 참고 HS 220890·220870 · 태국(th) 외래어,,일본어 焼酎 는 일본 소주다. 韓国焼酎 로 한정했으나 ソジュ 표기와 분산될 수 있음,소주 · TOPIC 후보,KCONSUMER_COMPOSED_V1
TH|KFOOD|KFOOD_E04,TH,KFOOD,KFOOD_E04,,keyword,ต๊อกบกกี,,th,MODE_GRAMMAR,RULE_SELECTED,PENDING_EMPIRICAL,UNKNOWN,PENDING,NOT_YET_TESTED,PENDING_TOPIC_EXTRACTION,,ATOMIC_LEXEME,,,,,,N/A,,ATOMIC-LEXEME-1.0,NOT_REQUIRED,,PENDING_EMPIRICAL_VALIDATION,,,,,,https://trends.google.com/trends/explore?date=2018-01-01%202026-08-09&geo=TH&q=%E0%B8%95%E0%B9%8A%E0%B8%AD%E0%B8%81%E0%B8%9A%E0%B8%81%E0%B8%81%E0%B8%B5&hl=en,떡볶이 · 소비양식 문법 · 태국(th) 외래어,,,떡볶이 · TOPIC 후보,KCONSUMER_COMPOSED_V1
TH|KFOOD|KFOOD_E05,TH,KFOOD,KFOOD_E05,,keyword,ไก่ทอดเกาหลี,,th,MODE_GRAMMAR,RULE_SELECTED,PENDING_EMPIRICAL,UNKNOWN,PENDING,NOT_YET_TESTED,PENDING_DOM_EXTRACTION,,COMPOSED,,,,,,N/A,,ORIGIN-NOUN-COMPOSED-1.0,NOT_REQUIRED,,PENDING_EMPIRICAL_VALIDATION,,,,,,https://trends.google.com/trends/explore?date=2018-01-01%202026-08-09&geo=TH&q=%E0%B9%84%E0%B8%81%E0%B9%88%E0%B8%97%E0%B8%AD%E0%B8%94%E0%B9%80%E0%B8%81%E0%B8%B2%E0%B8%AB%E0%B8%A5%E0%B8%B5&hl=en,한국 치킨 · 소비양식 문법 · 태국(th) 조합,,,한국 치킨,KCONSUMER_COMPOSED_V1
TH|KFOOD|KFOOD_E06,TH,KFOOD,KFOOD_E06,,keyword,ขนมเกาหลี,,th,EXPORT_REFERENCED,RULE_SELECTED,PENDING_EMPIRICAL,UNKNOWN,PENDING,NOT_YET_TESTED,PENDING_DOM_EXTRACTION,,COMPOSED,,,,,,N/A,,ORIGIN-NOUN-COMPOSED-1.0,NOT_REQUIRED,,PENDING_EMPIRICAL_VALIDATION,,,,,,https://trends.google.com/trends/explore?date=2018-01-01%202026-08-09&geo=TH&q=%E0%B8%82%E0%B8%99%E0%B8%A1%E0%B9%80%E0%B8%81%E0%B8%B2%E0%B8%AB%E0%B8%A5%E0%B8%B5&hl=en,한국 과자 · 수출 참고 HS 190590·170490 · 태국(th) 조합,,,한국 과자,KCONSUMER_COMPOSED_V1
TH|KFOOD|KFOOD_E07,TH,KFOOD,KFOOD_E07,,keyword,สาหร่ายเกาหลี,,th,EXPORT_REFERENCED,RULE_SELECTED,PENDING_EMPIRICAL,UNKNOWN,PENDING,NOT_YET_TESTED,PENDING_DOM_EXTRACTION,,COMPOSED,,,,,,N/A,,ORIGIN-NOUN-COMPOSED-1.0,NOT_REQUIRED,,PENDING_EMPIRICAL_VALIDATION,,,,,,https://trends.google.com/trends/explore?date=2018-01-01%202026-08-09&geo=TH&q=%E0%B8%AA%E0%B8%B2%E0%B8%AB%E0%B8%A3%E0%B9%88%E0%B8%B2%E0%B8%A2%E0%B9%80%E0%B8%81%E0%B8%B2%E0%B8%AB%E0%B8%A5%E0%B8%B5&hl=en,김 · 수출 참고 HS 121221 · 태국(th) 조합,,일본어 のり 단독은 일본산 김. 韓国のり 로 한정,김,KCONSUMER_COMPOSED_V1
TH|KFOOD|KFOOD_E08,TH,KFOOD,KFOOD_E08,,keyword,โกชูจัง,,th,EXPORT_REFERENCED,RULE_SELECTED,PENDING_EMPIRICAL,UNKNOWN,PENDING,NOT_YET_TESTED,PENDING_TOPIC_EXTRACTION,,ATOMIC_LEXEME,,,,,,N/A,,ATOMIC-LEXEME-1.0,NOT_REQUIRED,,PENDING_EMPIRICAL_VALIDATION,,,,,,https://trends.google.com/trends/explore?date=2018-01-01%202026-08-09&geo=TH&q=%E0%B9%82%E0%B8%81%E0%B8%8A%E0%B8%B9%E0%B8%88%E0%B8%B1%E0%B8%87&hl=en,고추장 · 수출 참고 HS 210390 · 태국(th) 외래어,,,고추장 · TOPIC 후보,KCONSUMER_COMPOSED_V1
TH|KFOOD|KFOOD_E09,TH,KFOOD,KFOOD_E09,,keyword,โสมเกาหลี,,th,EXPORT_REFERENCED,RULE_SELECTED,PENDING_EMPIRICAL,UNKNOWN,PENDING,NOT_YET_TESTED,PENDING_TOPIC_EXTRACTION,,ATOMIC_LEXEME,,,,,,N/A,,ATOMIC-LEXEME-1.0,NOT_REQUIRED,,PENDING_EMPIRICAL_VALIDATION,,,,,,https://trends.google.com/trends/explore?date=2018-01-01%202026-08-09&geo=TH&q=%E0%B9%82%E0%B8%AA%E0%B8%A1%E0%B9%80%E0%B8%81%E0%B8%B2%E0%B8%AB%E0%B8%A5%E0%B8%B5&hl=en,인삼 · 수출 참고 HS 121120 · 태국(th) 외래어,,,인삼 · TOPIC 후보,KCONSUMER_COMPOSED_V1
TH|KFOOD|KFOOD_P01,TH,KFOOD,KFOOD_P01,,keyword,อาหารญี่ปุ่น,,th,MODE_GRAMMAR,RULE_SELECTED,PENDING_EMPIRICAL,UNKNOWN,PENDING,NOT_YET_TESTED,PENDING_TOPIC_EXTRACTION,,COMPOSED,,,,,,N/A,,ORIGIN-NOUN-COMPOSED-1.0,NOT_REQUIRED,,PENDING_EMPIRICAL_VALIDATION,,,,,,https://trends.google.com/trends/explore?date=2018-01-01%202026-08-09&geo=TH&q=%E0%B8%AD%E0%B8%B2%E0%B8%AB%E0%B8%B2%E0%B8%A3%E0%B8%8D%E0%B8%B5%E0%B9%88%E0%B8%9B%E0%B8%B8%E0%B9%88%E0%B8%99&hl=en,[위약] 일식 · 소비양식 문법 · 태국(th) 조합,,위약이지만 한식·일식은 대체재이자 보완재라 부호가 양쪽 다 가능 — 계수 부호까지 함께 볼 것,[위약] 일식 · TOPIC 후보,KCONSUMER_COMPOSED_V1
TH|KFOOD|KFOOD_P02,TH,KFOOD,KFOOD_P02,,keyword,อาหารจีน,,th,MODE_GRAMMAR,RULE_SELECTED,PENDING_EMPIRICAL,UNKNOWN,PENDING,NOT_YET_TESTED,PENDING_TOPIC_EXTRACTION,,COMPOSED,,,,,,N/A,,ORIGIN-NOUN-COMPOSED-1.0,NOT_REQUIRED,,PENDING_EMPIRICAL_VALIDATION,,,,,,https://trends.google.com/trends/explore?date=2018-01-01%202026-08-09&geo=TH&q=%E0%B8%AD%E0%B8%B2%E0%B8%AB%E0%B8%B2%E0%B8%A3%E0%B8%88%E0%B8%B5%E0%B8%99&hl=en,[위약] 중식 · 소비양식 문법 · 태국(th) 조합,,,[위약] 중식 · TOPIC 후보,KCONSUMER_COMPOSED_V1
TH|KBEAUTY|KBEAUTY_G01,TH,KBEAUTY,KBEAUTY_G01,,keyword,เครื่องสำอางเกาหลี,,th,MODE_GRAMMAR,RULE_SELECTED,PENDING_EMPIRICAL,UNKNOWN,PENDING,NOT_YET_TESTED,PENDING_TOPIC_EXTRACTION,,COMPOSED,,,,,,N/A,,ORIGIN-NOUN-COMPOSED-1.0,NOT_REQUIRED,,PENDING_EMPIRICAL_VALIDATION,,,,,,https://trends.google.com/trends/explore?date=2018-01-01%202026-08-09&geo=TH&q=%E0%B9%80%E0%B8%84%E0%B8%A3%E0%B8%B7%E0%B9%88%E0%B8%AD%E0%B8%87%E0%B8%AA%E0%B8%B3%E0%B8%AD%E0%B8%B2%E0%B8%87%E0%B9%80%E0%B8%81%E0%B8%B2%E0%B8%AB%E0%B8%A5%E0%B8%B5&hl=en,한국 화장품 · 소비양식 문법 · 태국(th) 조합,,,한국 화장품 · TOPIC 후보,KCONSUMER_COMPOSED_V1
TH|KBEAUTY|KBEAUTY_G02,TH,KBEAUTY,KBEAUTY_G02,,keyword,K-beauty,,th,MODE_GRAMMAR,RULE_SELECTED,PENDING_EMPIRICAL,UNKNOWN,PENDING,NOT_YET_TESTED,PENDING_TOPIC_EXTRACTION,,ATOMIC_LEXEME,,,,,,N/A,,ATOMIC-LEXEME-1.0,NOT_REQUIRED,,PENDING_EMPIRICAL_VALIDATION,,,,,,https://trends.google.com/trends/explore?date=2018-01-01%202026-08-09&geo=TH&q=K-beauty&hl=en,K-beauty · 소비양식 문법 · 태국(th) 외래어,,,K-beauty · TOPIC 후보,KCONSUMER_COMPOSED_V1
TH|KBEAUTY|KBEAUTY_G03,TH,KBEAUTY,KBEAUTY_G03,,keyword,รูทีนสกินแคร์เกาหลี,,th,EXPORT_REFERENCED,RULE_SELECTED,PENDING_EMPIRICAL,UNKNOWN,PENDING,NOT_YET_TESTED,PENDING_DOM_EXTRACTION,,COMPOSED,,,,,,N/A,,ORIGIN-NOUN-COMPOSED-1.0,NOT_REQUIRED,,PENDING_EMPIRICAL_VALIDATION,,,,,,https://trends.google.com/trends/explore?date=2018-01-01%202026-08-09&geo=TH&q=%E0%B8%A3%E0%B8%B9%E0%B8%97%E0%B8%B5%E0%B8%99%E0%B8%AA%E0%B8%81%E0%B8%B4%E0%B8%99%E0%B9%81%E0%B8%84%E0%B8%A3%E0%B9%8C%E0%B9%80%E0%B8%81%E0%B8%B2%E0%B8%AB%E0%B8%A5%E0%B8%B5&hl=en,한국 스킨케어 루틴 · 수출 참고 HS 330499 · 태국(th) 조합,,,한국 스킨케어 루틴,KCONSUMER_COMPOSED_V1
TH|KBEAUTY|KBEAUTY_G04,TH,KBEAUTY,KBEAUTY_G04,,keyword,แบรนด์เครื่องสำอางเกาหลี,,th,MODE_GRAMMAR,RULE_SELECTED,PENDING_EMPIRICAL,UNKNOWN,PENDING,NOT_YET_TESTED,PENDING_DOM_EXTRACTION,,COMPOSED,,,,,,N/A,,ORIGIN-NOUN-COMPOSED-1.0,NOT_REQUIRED,,PENDING_EMPIRICAL_VALIDATION,,,,,,https://trends.google.com/trends/explore?date=2018-01-01%202026-08-09&geo=TH&q=%E0%B9%81%E0%B8%9A%E0%B8%A3%E0%B8%99%E0%B8%94%E0%B9%8C%E0%B9%80%E0%B8%84%E0%B8%A3%E0%B8%B7%E0%B9%88%E0%B8%AD%E0%B8%87%E0%B8%AA%E0%B8%B3%E0%B8%AD%E0%B8%B2%E0%B8%87%E0%B9%80%E0%B8%81%E0%B8%B2%E0%B8%AB%E0%B8%A5%E0%B8%B5&hl=en,한국 화장품 브랜드 · 소비양식 문법 · 태국(th) 조합,,,한국 화장품 브랜드,KCONSUMER_COMPOSED_V1
TH|KBEAUTY|KBEAUTY_G05,TH,KBEAUTY,KBEAUTY_G05,,keyword,สอนแต่งหน้าเกาหลี,,th,EXPORT_REFERENCED,RULE_SELECTED,PENDING_EMPIRICAL,UNKNOWN,PENDING,NOT_YET_TESTED,PENDING_DOM_EXTRACTION,,COMPOSED,,,,,,N/A,,ORIGIN-NOUN-COMPOSED-1.0,NOT_REQUIRED,,PENDING_EMPIRICAL_VALIDATION,,,,,,https://trends.google.com/trends/explore?date=2018-01-01%202026-08-09&geo=TH&q=%E0%B8%AA%E0%B8%AD%E0%B8%99%E0%B9%81%E0%B8%95%E0%B9%88%E0%B8%87%E0%B8%AB%E0%B8%99%E0%B9%89%E0%B8%B2%E0%B9%80%E0%B8%81%E0%B8%B2%E0%B8%AB%E0%B8%A5%E0%B8%B5&hl=en,한국 메이크업 · 수출 참고 HS 330410·330420 · 태국(th) 조합,,,한국 메이크업,KCONSUMER_COMPOSED_V1
TH|KBEAUTY|KBEAUTY_G06,TH,KBEAUTY,KBEAUTY_G06,,keyword,ผิวกระจก,,th,MODE_GRAMMAR,RULE_SELECTED,PENDING_EMPIRICAL,UNKNOWN,PENDING,NOT_YET_TESTED,PENDING_TOPIC_EXTRACTION,,ATOMIC_LEXEME,,,,,,N/A,,ATOMIC-LEXEME-1.0,NOT_REQUIRED,,PENDING_EMPIRICAL_VALIDATION,,,,,,https://trends.google.com/trends/explore?date=2018-01-01%202026-08-09&geo=TH&q=%E0%B8%9C%E0%B8%B4%E0%B8%A7%E0%B8%81%E0%B8%A3%E0%B8%B0%E0%B8%88%E0%B8%81&hl=en,글래스 스킨 · 소비양식 문법 · 태국(th) 외래어,,'glass skin' 은 한국 기원이나 글로벌 뷰티 용어로 확산돼 도메인 귀속이 약하다,글래스 스킨 · TOPIC 후보,KCONSUMER_COMPOSED_V1
TH|KBEAUTY|KBEAUTY_E01,TH,KBEAUTY,KBEAUTY_E01,,keyword,เซรั่มเกาหลี,,th,EXPORT_REFERENCED,RULE_SELECTED,PENDING_EMPIRICAL,UNKNOWN,PENDING,NOT_YET_TESTED,PENDING_DOM_EXTRACTION,,COMPOSED,,,,,,N/A,,ORIGIN-NOUN-COMPOSED-1.0,NOT_REQUIRED,,PENDING_EMPIRICAL_VALIDATION,,,,,,https://trends.google.com/trends/explore?date=2018-01-01%202026-08-09&geo=TH&q=%E0%B9%80%E0%B8%8B%E0%B8%A3%E0%B8%B1%E0%B9%88%E0%B8%A1%E0%B9%80%E0%B8%81%E0%B8%B2%E0%B8%AB%E0%B8%A5%E0%B8%B5&hl=en,세럼·에센스 · 수출 참고 HS 330499 · 태국(th) 조합,,,세럼·에센스,KCONSUMER_COMPOSED_V1
TH|KBEAUTY|KBEAUTY_E02,TH,KBEAUTY,KBEAUTY_E02,,keyword,แผ่นมาส์กเกาหลี,,th,EXPORT_REFERENCED,RULE_SELECTED,PENDING_EMPIRICAL,UNKNOWN,PENDING,NOT_YET_TESTED,PENDING_DOM_EXTRACTION,,COMPOSED,,,,,,N/A,,ORIGIN-NOUN-COMPOSED-1.0,NOT_REQUIRED,,PENDING_EMPIRICAL_VALIDATION,,,,,,https://trends.google.com/trends/explore?date=2018-01-01%202026-08-09&geo=TH&q=%E0%B9%81%E0%B8%9C%E0%B9%88%E0%B8%99%E0%B8%A1%E0%B8%B2%E0%B8%AA%E0%B9%8C%E0%B8%81%E0%B9%80%E0%B8%81%E0%B8%B2%E0%B8%AB%E0%B8%A5%E0%B8%B5&hl=en,시트마스크 · 수출 참고 HS 330499 · 태국(th) 조합,,,시트마스크,KCONSUMER_COMPOSED_V1
TH|KBEAUTY|KBEAUTY_E03,TH,KBEAUTY,KBEAUTY_E03,,keyword,ครีมกันแดดเกาหลี,,th,EXPORT_REFERENCED,RULE_SELECTED,PENDING_EMPIRICAL,UNKNOWN,PENDING,NOT_YET_TESTED,PENDING_DOM_EXTRACTION,,COMPOSED,,,,,,N/A,,ORIGIN-NOUN-COMPOSED-1.0,NOT_REQUIRED,,PENDING_EMPIRICAL_VALIDATION,,,,,,https://trends.google.com/trends/explore?date=2018-01-01%202026-08-09&geo=TH&q=%E0%B8%84%E0%B8%A3%E0%B8%B5%E0%B8%A1%E0%B8%81%E0%B8%B1%E0%B8%99%E0%B9%81%E0%B8%94%E0%B8%94%E0%B9%80%E0%B8%81%E0%B8%B2%E0%B8%AB%E0%B8%A5%E0%B8%B5&hl=en,선크림 · 수출 참고 HS 330499 · 태국(th) 조합,,,선크림,KCONSUMER_COMPOSED_V1
TH|KBEAUTY|KBEAUTY_E04,TH,KBEAUTY,KBEAUTY_E04,,keyword,คุชชั่นเกาหลี,,th,EXPORT_REFERENCED,RULE_SELECTED,PENDING_EMPIRICAL,UNKNOWN,PENDING,NOT_YET_TESTED,PENDING_DOM_EXTRACTION,,COMPOSED,,,,,,N/A,,ORIGIN-NOUN-COMPOSED-1.0,NOT_REQUIRED,,PENDING_EMPIRICAL_VALIDATION,,,,,,https://trends.google.com/trends/explore?date=2018-01-01%202026-08-09&geo=TH&q=%E0%B8%84%E0%B8%B8%E0%B8%8A%E0%B8%8A%E0%B8%B1%E0%B9%88%E0%B8%99%E0%B9%80%E0%B8%81%E0%B8%B2%E0%B8%AB%E0%B8%A5%E0%B8%B5&hl=en,쿠션 파운데이션 · 수출 참고 HS 330491·961620 · 태국(th) 조합,,쿠션은 한국이 만든 제형이라 원산지 수식 없이도 한국 신호일 수 있다 — 수식어를 붙여 과소측정될 위험,쿠션 파운데이션,KCONSUMER_COMPOSED_V1
TH|KBEAUTY|KBEAUTY_E05,TH,KBEAUTY,KBEAUTY_E05,,keyword,ลิปทินท์เกาหลี,,th,EXPORT_REFERENCED,RULE_SELECTED,PENDING_EMPIRICAL,UNKNOWN,PENDING,NOT_YET_TESTED,PENDING_DOM_EXTRACTION,,COMPOSED,,,,,,N/A,,ORIGIN-NOUN-COMPOSED-1.0,NOT_REQUIRED,,PENDING_EMPIRICAL_VALIDATION,,,,,,https://trends.google.com/trends/explore?date=2018-01-01%202026-08-09&geo=TH&q=%E0%B8%A5%E0%B8%B4%E0%B8%9B%E0%B8%97%E0%B8%B4%E0%B8%99%E0%B8%97%E0%B9%8C%E0%B9%80%E0%B8%81%E0%B8%B2%E0%B8%AB%E0%B8%A5%E0%B8%B5&hl=en,립틴트 · 수출 참고 HS 330410 · 태국(th) 조합,,,립틴트,KCONSUMER_COMPOSED_V1
TH|KBEAUTY|KBEAUTY_E06,TH,KBEAUTY,KBEAUTY_E06,,keyword,โฟมล้างหน้าเกาหลี,,th,EXPORT_REFERENCED,RULE_SELECTED,PENDING_EMPIRICAL,UNKNOWN,PENDING,NOT_YET_TESTED,PENDING_DOM_EXTRACTION,,COMPOSED,,,,,,N/A,,ORIGIN-NOUN-COMPOSED-1.0,NOT_REQUIRED,,PENDING_EMPIRICAL_VALIDATION,,,,,,https://trends.google.com/trends/explore?date=2018-01-01%202026-08-09&geo=TH&q=%E0%B9%82%E0%B8%9F%E0%B8%A1%E0%B8%A5%E0%B9%89%E0%B8%B2%E0%B8%87%E0%B8%AB%E0%B8%99%E0%B9%89%E0%B8%B2%E0%B9%80%E0%B8%81%E0%B8%B2%E0%B8%AB%E0%B8%A5%E0%B8%B5&hl=en,클렌징 · 수출 참고 HS 340130 · 태국(th) 조합,,,클렌징,KCONSUMER_COMPOSED_V1
TH|KBEAUTY|KBEAUTY_E07,TH,KBEAUTY,KBEAUTY_E07,,keyword,ผลิตภัณฑ์ดูแลผมเกาหลี,,th,EXPORT_REFERENCED,RULE_SELECTED,PENDING_EMPIRICAL,UNKNOWN,PENDING,NOT_YET_TESTED,PENDING_DOM_EXTRACTION,,COMPOSED,,,,,,N/A,,ORIGIN-NOUN-COMPOSED-1.0,NOT_REQUIRED,,PENDING_EMPIRICAL_VALIDATION,,,,,,https://trends.google.com/trends/explore?date=2018-01-01%202026-08-09&geo=TH&q=%E0%B8%9C%E0%B8%A5%E0%B8%B4%E0%B8%95%E0%B8%A0%E0%B8%B1%E0%B8%93%E0%B8%91%E0%B9%8C%E0%B8%94%E0%B8%B9%E0%B9%81%E0%B8%A5%E0%B8%9C%E0%B8%A1%E0%B9%80%E0%B8%81%E0%B8%B2%E0%B8%AB%E0%B8%A5%E0%B8%B5&hl=en,헤어케어 · 수출 참고 HS 330590·330510 · 태국(th) 조합,,,헤어케어,KCONSUMER_COMPOSED_V1
TH|KBEAUTY|KBEAUTY_E08,TH,KBEAUTY,KBEAUTY_E08,,keyword,น้ำหอมเกาหลี,,th,EXPORT_REFERENCED,RULE_SELECTED,PENDING_EMPIRICAL,UNKNOWN,PENDING,NOT_YET_TESTED,PENDING_DOM_EXTRACTION,,COMPOSED,,,,,,N/A,,ORIGIN-NOUN-COMPOSED-1.0,NOT_REQUIRED,,PENDING_EMPIRICAL_VALIDATION,,,,,,https://trends.google.com/trends/explore?date=2018-01-01%202026-08-09&geo=TH&q=%E0%B8%99%E0%B9%89%E0%B8%B3%E0%B8%AB%E0%B8%AD%E0%B8%A1%E0%B9%80%E0%B8%81%E0%B8%B2%E0%B8%AB%E0%B8%A5%E0%B8%B5&hl=en,향수 · 수출 참고 HS 330300·330790 · 태국(th) 조합,,,향수,KCONSUMER_COMPOSED_V1
TH|KBEAUTY|KBEAUTY_P01,TH,KBEAUTY,KBEAUTY_P01,,keyword,เครื่องสำอางญี่ปุ่น,,th,MODE_GRAMMAR,RULE_SELECTED,PENDING_EMPIRICAL,UNKNOWN,PENDING,NOT_YET_TESTED,PENDING_TOPIC_EXTRACTION,,COMPOSED,,,,,,N/A,,ORIGIN-NOUN-COMPOSED-1.0,NOT_REQUIRED,,PENDING_EMPIRICAL_VALIDATION,,,,,,https://trends.google.com/trends/explore?date=2018-01-01%202026-08-09&geo=TH&q=%E0%B9%80%E0%B8%84%E0%B8%A3%E0%B8%B7%E0%B9%88%E0%B8%AD%E0%B8%87%E0%B8%AA%E0%B8%B3%E0%B8%AD%E0%B8%B2%E0%B8%87%E0%B8%8D%E0%B8%B5%E0%B9%88%E0%B8%9B%E0%B8%B8%E0%B9%88%E0%B8%99&hl=en,[위약] 일본 화장품 · 소비양식 문법 · 태국(th) 조합,,,[위약] 일본 화장품 · TOPIC 후보,KCONSUMER_COMPOSED_V1
TH|KBEAUTY|KBEAUTY_P02,TH,KBEAUTY,KBEAUTY_P02,,keyword,เครื่องสำอางฝรั่งเศส,,th,MODE_GRAMMAR,RULE_SELECTED,PENDING_EMPIRICAL,UNKNOWN,PENDING,NOT_YET_TESTED,PENDING_TOPIC_EXTRACTION,,COMPOSED,,,,,,N/A,,ORIGIN-NOUN-COMPOSED-1.0,NOT_REQUIRED,,PENDING_EMPIRICAL_VALIDATION,,,,,,https://trends.google.com/trends/explore?date=2018-01-01%202026-08-09&geo=TH&q=%E0%B9%80%E0%B8%84%E0%B8%A3%E0%B8%B7%E0%B9%88%E0%B8%AD%E0%B8%87%E0%B8%AA%E0%B8%B3%E0%B8%AD%E0%B8%B2%E0%B8%87%E0%B8%9D%E0%B8%A3%E0%B8%B1%E0%B9%88%E0%B8%87%E0%B9%80%E0%B8%A8%E0%B8%AA&hl=en,[위약] 프랑스 화장품 · 소비양식 문법 · 태국(th) 조합,,,[위약] 프랑스 화장품 · TOPIC 후보,KCONSUMER_COMPOSED_V1
TH|KFASHION|KFASHION_G01,TH,KFASHION,KFASHION_G01,,keyword,แฟชั่นเกาหลี,,th,MODE_GRAMMAR,RULE_SELECTED,PENDING_EMPIRICAL,UNKNOWN,PENDING,NOT_YET_TESTED,PENDING_TOPIC_EXTRACTION,,COMPOSED,,,,,,N/A,,ORIGIN-NOUN-COMPOSED-1.0,NOT_REQUIRED,,PENDING_EMPIRICAL_VALIDATION,,,,,,https://trends.google.com/trends/explore?date=2018-01-01%202026-08-09&geo=TH&q=%E0%B9%81%E0%B8%9F%E0%B8%8A%E0%B8%B1%E0%B9%88%E0%B8%99%E0%B9%80%E0%B8%81%E0%B8%B2%E0%B8%AB%E0%B8%A5%E0%B8%B5&hl=en,한국 패션 · 소비양식 문법 · 태국(th) 조합,,,한국 패션 · TOPIC 후보,KCONSUMER_COMPOSED_V1
TH|KFASHION|KFASHION_G02,TH,KFASHION,KFASHION_G02,,keyword,K-fashion,,th,MODE_GRAMMAR,RULE_SELECTED,PENDING_EMPIRICAL,UNKNOWN,PENDING,NOT_YET_TESTED,PENDING_TOPIC_EXTRACTION,,ATOMIC_LEXEME,,,,,,N/A,,ATOMIC-LEXEME-1.0,NOT_REQUIRED,,PENDING_EMPIRICAL_VALIDATION,,,,,,https://trends.google.com/trends/explore?date=2018-01-01%202026-08-09&geo=TH&q=K-fashion&hl=en,K-fashion · 소비양식 문법 · 태국(th) 외래어,,,K-fashion · TOPIC 후보,KCONSUMER_COMPOSED_V1
TH|KFASHION|KFASHION_G03,TH,KFASHION,KFASHION_G03,,keyword,สไตล์เกาหลี,,th,MODE_GRAMMAR,RULE_SELECTED,PENDING_EMPIRICAL,UNKNOWN,PENDING,NOT_YET_TESTED,PENDING_DOM_EXTRACTION,,COMPOSED,,,,,,N/A,,ORIGIN-NOUN-COMPOSED-1.0,NOT_REQUIRED,,PENDING_EMPIRICAL_VALIDATION,,,,,,https://trends.google.com/trends/explore?date=2018-01-01%202026-08-09&geo=TH&q=%E0%B8%AA%E0%B9%84%E0%B8%95%E0%B8%A5%E0%B9%8C%E0%B9%80%E0%B8%81%E0%B8%B2%E0%B8%AB%E0%B8%A5%E0%B8%B5&hl=en,한국 스타일 코디 · 소비양식 문법 · 태국(th) 조합,,,한국 스타일 코디,KCONSUMER_COMPOSED_V1
TH|KFASHION|KFASHION_G04,TH,KFASHION,KFASHION_G04,,keyword,แบรนด์แฟชั่นเกาหลี,,th,MODE_GRAMMAR,RULE_SELECTED,PENDING_EMPIRICAL,UNKNOWN,PENDING,NOT_YET_TESTED,PENDING_DOM_EXTRACTION,,COMPOSED,,,,,,N/A,,ORIGIN-NOUN-COMPOSED-1.0,NOT_REQUIRED,,PENDING_EMPIRICAL_VALIDATION,,,,,,https://trends.google.com/trends/explore?date=2018-01-01%202026-08-09&geo=TH&q=%E0%B9%81%E0%B8%9A%E0%B8%A3%E0%B8%99%E0%B8%94%E0%B9%8C%E0%B9%81%E0%B8%9F%E0%B8%8A%E0%B8%B1%E0%B9%88%E0%B8%99%E0%B9%80%E0%B8%81%E0%B8%B2%E0%B8%AB%E0%B8%A5%E0%B8%B5&hl=en,한국 패션 브랜드 · 소비양식 문법 · 태국(th) 조합,,,한국 패션 브랜드,KCONSUMER_COMPOSED_V1
TH|KFASHION|KFASHION_G05,TH,KFASHION,KFASHION_G05,,keyword,แฟชั่นไอดอลเกาหลี,,th,MODE_GRAMMAR,RULE_SELECTED,PENDING_EMPIRICAL,UNKNOWN,PENDING,NOT_YET_TESTED,PENDING_DOM_EXTRACTION,,COMPOSED,,,,,,N/A,,ORIGIN-NOUN-COMPOSED-1.0,NOT_REQUIRED,,PENDING_EMPIRICAL_VALIDATION,,,,,,https://trends.google.com/trends/explore?date=2018-01-01%202026-08-09&geo=TH&q=%E0%B9%81%E0%B8%9F%E0%B8%8A%E0%B8%B1%E0%B9%88%E0%B8%99%E0%B9%84%E0%B8%AD%E0%B8%94%E0%B8%AD%E0%B8%A5%E0%B9%80%E0%B8%81%E0%B8%B2%E0%B8%AB%E0%B8%A5%E0%B8%B5&hl=en,아이돌 패션 · 소비양식 문법 · 태국(th) 조합,,아이돌 패션은 K-Pop 도메인과 겹친다. KPOP 계열과의 상관을 먼저 확인할 것,아이돌 패션,KCONSUMER_COMPOSED_V1
TH|KFASHION|KFASHION_G06,TH,KFASHION,KFASHION_G06,,keyword,สตรีทแวร์เกาหลี,,th,MODE_GRAMMAR,RULE_SELECTED,PENDING_EMPIRICAL,UNKNOWN,PENDING,NOT_YET_TESTED,PENDING_DOM_EXTRACTION,,COMPOSED,,,,,,N/A,,ORIGIN-NOUN-COMPOSED-1.0,NOT_REQUIRED,,PENDING_EMPIRICAL_VALIDATION,,,,,,https://trends.google.com/trends/explore?date=2018-01-01%202026-08-09&geo=TH&q=%E0%B8%AA%E0%B8%95%E0%B8%A3%E0%B8%B5%E0%B8%97%E0%B9%81%E0%B8%A7%E0%B8%A3%E0%B9%8C%E0%B9%80%E0%B8%81%E0%B8%B2%E0%B8%AB%E0%B8%A5%E0%B8%B5&hl=en,한국 스트릿웨어 · 소비양식 문법 · 태국(th) 조합,,,한국 스트릿웨어,KCONSUMER_COMPOSED_V1
TH|KFASHION|KFASHION_G07,TH,KFASHION,KFASHION_G07,,keyword,ร้านเสื้อผ้าออนไลน์เกาหลี,,th,MODE_GRAMMAR,RULE_SELECTED,PENDING_EMPIRICAL,UNKNOWN,PENDING,NOT_YET_TESTED,PENDING_DOM_EXTRACTION,,COMPOSED,,,,,,N/A,,ORIGIN-NOUN-COMPOSED-1.0,NOT_REQUIRED,,PENDING_EMPIRICAL_VALIDATION,,,,,,https://trends.google.com/trends/explore?date=2018-01-01%202026-08-09&geo=TH&q=%E0%B8%A3%E0%B9%89%E0%B8%B2%E0%B8%99%E0%B9%80%E0%B8%AA%E0%B8%B7%E0%B9%89%E0%B8%AD%E0%B8%9C%E0%B9%89%E0%B8%B2%E0%B8%AD%E0%B8%AD%E0%B8%99%E0%B9%84%E0%B8%A5%E0%B8%99%E0%B9%8C%E0%B9%80%E0%B8%81%E0%B8%B2%E0%B8%AB%E0%B8%A5%E0%B8%B5&hl=en,한국 옷 쇼핑몰 · 소비양식 문법 · 태국(th) 조합,,'한국 옷 쇼핑몰'은 플랫폼 브랜드명(무신사 등)으로 검색이 분산될 수 있음,한국 옷 쇼핑몰,KCONSUMER_COMPOSED_V1
TH|KFASHION|KFASHION_E01,TH,KFASHION,KFASHION_E01,,keyword,กระเป๋าเกาหลี,,th,EXPORT_REFERENCED,RULE_SELECTED,PENDING_EMPIRICAL,UNKNOWN,PENDING,NOT_YET_TESTED,PENDING_DOM_EXTRACTION,,COMPOSED,,,,,,N/A,,ORIGIN-NOUN-COMPOSED-1.0,NOT_REQUIRED,,PENDING_EMPIRICAL_VALIDATION,,,,,,https://trends.google.com/trends/explore?date=2018-01-01%202026-08-09&geo=TH&q=%E0%B8%81%E0%B8%A3%E0%B8%B0%E0%B9%80%E0%B8%9B%E0%B9%8B%E0%B8%B2%E0%B9%80%E0%B8%81%E0%B8%B2%E0%B8%AB%E0%B8%A5%E0%B8%B5&hl=en,가방 · 수출 참고 HS 420222·420221·420292 · 태국(th) 조합,,,가방,KCONSUMER_COMPOSED_V1
TH|KFASHION|KFASHION_E02,TH,KFASHION,KFASHION_E02,,keyword,แว่นกันแดดเกาหลี,,th,EXPORT_REFERENCED,RULE_SELECTED,PENDING_EMPIRICAL,UNKNOWN,PENDING,NOT_YET_TESTED,PENDING_DOM_EXTRACTION,,COMPOSED,,,,,,N/A,,ORIGIN-NOUN-COMPOSED-1.0,NOT_REQUIRED,,PENDING_EMPIRICAL_VALIDATION,,,,,,https://trends.google.com/trends/explore?date=2018-01-01%202026-08-09&geo=TH&q=%E0%B9%81%E0%B8%A7%E0%B9%88%E0%B8%99%E0%B8%81%E0%B8%B1%E0%B8%99%E0%B9%81%E0%B8%94%E0%B8%94%E0%B9%80%E0%B8%81%E0%B8%B2%E0%B8%AB%E0%B8%A5%E0%B8%B5&hl=en,선글라스 · 수출 참고 HS 900410 · 태국(th) 조합,,,선글라스,KCONSUMER_COMPOSED_V1
TH|KFASHION|KFASHION_E03,TH,KFASHION,KFASHION_E03,,keyword,รองเท้าผ้าใบเกาหลี,,th,EXPORT_REFERENCED,RULE_SELECTED,PENDING_EMPIRICAL,UNKNOWN,PENDING,NOT_YET_TESTED,PENDING_DOM_EXTRACTION,,COMPOSED,,,,,,N/A,,ORIGIN-NOUN-COMPOSED-1.0,NOT_REQUIRED,,PENDING_EMPIRICAL_VALIDATION,,,,,,https://trends.google.com/trends/explore?date=2018-01-01%202026-08-09&geo=TH&q=%E0%B8%A3%E0%B8%AD%E0%B8%87%E0%B9%80%E0%B8%97%E0%B9%89%E0%B8%B2%E0%B8%9C%E0%B9%89%E0%B8%B2%E0%B9%83%E0%B8%9A%E0%B9%80%E0%B8%81%E0%B8%B2%E0%B8%AB%E0%B8%A5%E0%B8%B5&hl=en,스니커즈 · 수출 참고 HS 640411·640419 · 태국(th) 조합,,,스니커즈,KCONSUMER_COMPOSED_V1
TH|KFASHION|KFASHION_E04,TH,KFASHION,KFASHION_E04,,keyword,เสื้อยืดเกาหลี,,th,EXPORT_REFERENCED,RULE_SELECTED,PENDING_EMPIRICAL,UNKNOWN,PENDING,NOT_YET_TESTED,PENDING_DOM_EXTRACTION,,COMPOSED,,,,,,N/A,,ORIGIN-NOUN-COMPOSED-1.0,NOT_REQUIRED,,PENDING_EMPIRICAL_VALIDATION,,,,,,https://trends.google.com/trends/explore?date=2018-01-01%202026-08-09&geo=TH&q=%E0%B9%80%E0%B8%AA%E0%B8%B7%E0%B9%89%E0%B8%AD%E0%B8%A2%E0%B8%B7%E0%B8%94%E0%B9%80%E0%B8%81%E0%B8%B2%E0%B8%AB%E0%B8%A5%E0%B8%B5&hl=en,티셔츠 · 수출 참고 HS 610910·610990 · 태국(th) 조합,,,티셔츠,KCONSUMER_COMPOSED_V1
TH|KFASHION|KFASHION_E05,TH,KFASHION,KFASHION_E05,,keyword,เครื่องประดับเกาหลี,,th,EXPORT_REFERENCED,RULE_SELECTED,PENDING_EMPIRICAL,UNKNOWN,PENDING,NOT_YET_TESTED,PENDING_DOM_EXTRACTION,,COMPOSED,,,,,,N/A,,ORIGIN-NOUN-COMPOSED-1.0,NOT_REQUIRED,,PENDING_EMPIRICAL_VALIDATION,,,,,,https://trends.google.com/trends/explore?date=2018-01-01%202026-08-09&geo=TH&q=%E0%B9%80%E0%B8%84%E0%B8%A3%E0%B8%B7%E0%B9%88%E0%B8%AD%E0%B8%87%E0%B8%9B%E0%B8%A3%E0%B8%B0%E0%B8%94%E0%B8%B1%E0%B8%9A%E0%B9%80%E0%B8%81%E0%B8%B2%E0%B8%AB%E0%B8%A5%E0%B8%B5&hl=en,주얼리 · 수출 참고 HS 711319·711719 · 태국(th) 조합,,주얼리 대역의 L1 대응 품목 711319 는 금 시세에 좌우된다 — L1 과 L3 의 괴리가 클 것으로 예상,주얼리,KCONSUMER_COMPOSED_V1
TH|KFASHION|KFASHION_E06,TH,KFASHION,KFASHION_E06,,keyword,หมวกเกาหลี,,th,EXPORT_REFERENCED,RULE_SELECTED,PENDING_EMPIRICAL,UNKNOWN,PENDING,NOT_YET_TESTED,PENDING_DOM_EXTRACTION,,COMPOSED,,,,,,N/A,,ORIGIN-NOUN-COMPOSED-1.0,NOT_REQUIRED,,PENDING_EMPIRICAL_VALIDATION,,,,,,https://trends.google.com/trends/explore?date=2018-01-01%202026-08-09&geo=TH&q=%E0%B8%AB%E0%B8%A1%E0%B8%A7%E0%B8%81%E0%B9%80%E0%B8%81%E0%B8%B2%E0%B8%AB%E0%B8%A5%E0%B8%B5&hl=en,모자 · 수출 참고 HS 650500 · 태국(th) 조합,,,모자,KCONSUMER_COMPOSED_V1
TH|KFASHION|KFASHION_E07,TH,KFASHION,KFASHION_E07,,keyword,เสื้อโค้ทเกาหลี,,th,EXPORT_REFERENCED,RULE_SELECTED,PENDING_EMPIRICAL,UNKNOWN,PENDING,NOT_YET_TESTED,PENDING_DOM_EXTRACTION,,COMPOSED,,,,,,N/A,,ORIGIN-NOUN-COMPOSED-1.0,NOT_REQUIRED,,PENDING_EMPIRICAL_VALIDATION,,,,,,https://trends.google.com/trends/explore?date=2018-01-01%202026-08-09&geo=TH&q=%E0%B9%80%E0%B8%AA%E0%B8%B7%E0%B9%89%E0%B8%AD%E0%B9%82%E0%B8%84%E0%B9%89%E0%B8%97%E0%B9%80%E0%B8%81%E0%B8%B2%E0%B8%AB%E0%B8%A5%E0%B8%B5&hl=en,아우터 · 수출 참고 HS 620240 · 태국(th) 조합,,,아우터,KCONSUMER_COMPOSED_V1
TH|KFASHION|KFASHION_P01,TH,KFASHION,KFASHION_P01,,keyword,แฟชั่นญี่ปุ่น,,th,MODE_GRAMMAR,RULE_SELECTED,PENDING_EMPIRICAL,UNKNOWN,PENDING,NOT_YET_TESTED,PENDING_TOPIC_EXTRACTION,,COMPOSED,,,,,,N/A,,ORIGIN-NOUN-COMPOSED-1.0,NOT_REQUIRED,,PENDING_EMPIRICAL_VALIDATION,,,,,,https://trends.google.com/trends/explore?date=2018-01-01%202026-08-09&geo=TH&q=%E0%B9%81%E0%B8%9F%E0%B8%8A%E0%B8%B1%E0%B9%88%E0%B8%99%E0%B8%8D%E0%B8%B5%E0%B9%88%E0%B8%9B%E0%B8%B8%E0%B9%88%E0%B8%99&hl=en,[위약] 일본 패션 · 소비양식 문법 · 태국(th) 조합,,,[위약] 일본 패션 · TOPIC 후보,KCONSUMER_COMPOSED_V1
TH|KFASHION|KFASHION_P02,TH,KFASHION,KFASHION_P02,,keyword,แฟชั่นอิตาลี,,th,MODE_GRAMMAR,RULE_SELECTED,PENDING_EMPIRICAL,UNKNOWN,PENDING,NOT_YET_TESTED,PENDING_TOPIC_EXTRACTION,,COMPOSED,,,,,,N/A,,ORIGIN-NOUN-COMPOSED-1.0,NOT_REQUIRED,,PENDING_EMPIRICAL_VALIDATION,,,,,,https://trends.google.com/trends/explore?date=2018-01-01%202026-08-09&geo=TH&q=%E0%B9%81%E0%B8%9F%E0%B8%8A%E0%B8%B1%E0%B9%88%E0%B8%99%E0%B8%AD%E0%B8%B4%E0%B8%95%E0%B8%B2%E0%B8%A5%E0%B8%B5&hl=en,[위약] 이탈리아 패션 · 소비양식 문법 · 태국(th) 조합,,,[위약] 이탈리아 패션 · TOPIC 후보,KCONSUMER_COMPOSED_V1
ID|KFOOD|KFOOD_G01,ID,KFOOD,KFOOD_G01,,keyword,makanan Korea,,id,MODE_GRAMMAR,RULE_SELECTED,PENDING_EMPIRICAL,UNKNOWN,PENDING,NOT_YET_TESTED,PENDING_TOPIC_EXTRACTION,,COMPOSED,,,,,,N/A,,ORIGIN-NOUN-COMPOSED-1.0,NOT_REQUIRED,,PENDING_EMPIRICAL_VALIDATION,,,,,,https://trends.google.com/trends/explore?date=2018-01-01%202026-08-09&geo=ID&q=makanan%20Korea&hl=en,한국 음식 · 소비양식 문법 · 인도네시아(id) 조합,,,한국 음식 · TOPIC 후보,KCONSUMER_COMPOSED_V1
ID|KFOOD|KFOOD_G02,ID,KFOOD,KFOOD_G02,,keyword,K-food,,id,MODE_GRAMMAR,RULE_SELECTED,PENDING_EMPIRICAL,UNKNOWN,PENDING,NOT_YET_TESTED,PENDING_TOPIC_EXTRACTION,,ATOMIC_LEXEME,,,,,,N/A,,ATOMIC-LEXEME-1.0,NOT_REQUIRED,,PENDING_EMPIRICAL_VALIDATION,,,,,,https://trends.google.com/trends/explore?date=2018-01-01%202026-08-09&geo=ID&q=K-food&hl=en,K-food · 소비양식 문법 · 인도네시아(id) 외래어,,,K-food · TOPIC 후보,KCONSUMER_COMPOSED_V1
ID|KFOOD|KFOOD_G03,ID,KFOOD,KFOOD_G03,,keyword,resep masakan Korea,,id,MODE_GRAMMAR,RULE_SELECTED,PENDING_EMPIRICAL,UNKNOWN,PENDING,NOT_YET_TESTED,PENDING_DOM_EXTRACTION,,COMPOSED,,,,,,N/A,,ORIGIN-NOUN-COMPOSED-1.0,NOT_REQUIRED,,PENDING_EMPIRICAL_VALIDATION,,,,,,https://trends.google.com/trends/explore?date=2018-01-01%202026-08-09&geo=ID&q=resep%20masakan%20Korea&hl=en,한국 요리법 · 소비양식 문법 · 인도네시아(id) 조합,,,한국 요리법,KCONSUMER_COMPOSED_V1
ID|KFOOD|KFOOD_G04,ID,KFOOD,KFOOD_G04,,keyword,restoran Korea,,id,MODE_GRAMMAR,RULE_SELECTED,PENDING_EMPIRICAL,UNKNOWN,PENDING,NOT_YET_TESTED,PENDING_DOM_EXTRACTION,,COMPOSED,,,,,,N/A,,ORIGIN-NOUN-COMPOSED-1.0,NOT_REQUIRED,,PENDING_EMPIRICAL_VALIDATION,,,,,,https://trends.google.com/trends/explore?date=2018-01-01%202026-08-09&geo=ID&q=restoran%20Korea&hl=en,한식당 · 소비양식 문법 · 인도네시아(id) 조합,,,한식당,KCONSUMER_COMPOSED_V1
ID|KFOOD|KFOOD_G05,ID,KFOOD,KFOOD_G05,,keyword,mukbang,,id,MODE_GRAMMAR,RULE_SELECTED,PENDING_EMPIRICAL,UNKNOWN,PENDING,NOT_YET_TESTED,PENDING_TOPIC_EXTRACTION,,ATOMIC_LEXEME,,,,,,N/A,,ATOMIC-LEXEME-1.0,NOT_REQUIRED,,PENDING_EMPIRICAL_VALIDATION,,,,,,https://trends.google.com/trends/explore?date=2018-01-01%202026-08-09&geo=ID&q=mukbang&hl=en,먹방 · 소비양식 문법 · 인도네시아(id) 외래어,,먹방은 한국 기원어지만 이미 국제 장르명이 되어 비한국 콘텐츠를 포함한다 — 도메인 귀속이 약해지는 방향,먹방 · TOPIC 후보,KCONSUMER_COMPOSED_V1
ID|KFOOD|KFOOD_G06,ID,KFOOD,KFOOD_G06,,keyword,jajanan kaki lima Korea,,id,MODE_GRAMMAR,RULE_SELECTED,PENDING_EMPIRICAL,UNKNOWN,PENDING,NOT_YET_TESTED,PENDING_DOM_EXTRACTION,,COMPOSED,,,,,,N/A,,ORIGIN-NOUN-COMPOSED-1.0,NOT_REQUIRED,,PENDING_EMPIRICAL_VALIDATION,,,,,,https://trends.google.com/trends/explore?date=2018-01-01%202026-08-09&geo=ID&q=jajanan%20kaki%20lima%20Korea&hl=en,한국 길거리음식 · 소비양식 문법 · 인도네시아(id) 조합,,,한국 길거리음식,KCONSUMER_COMPOSED_V1
ID|KFOOD|KFOOD_E01,ID,KFOOD,KFOOD_E01,,keyword,kimchi,,id,EXPORT_REFERENCED,RULE_SELECTED,PENDING_EMPIRICAL,UNKNOWN,PENDING,NOT_YET_TESTED,PENDING_TOPIC_EXTRACTION,,ATOMIC_LEXEME,,,,,,N/A,,ATOMIC-LEXEME-1.0,NOT_REQUIRED,,PENDING_EMPIRICAL_VALIDATION,,,,,,https://trends.google.com/trends/explore?date=2018-01-01%202026-08-09&geo=ID&q=kimchi&hl=en,김치 · 수출 참고 HS 200599 · 인도네시아(id) 외래어,,일본은 자국산 김치를 대량 생산해 JP 신호에 국산 수요가 섞인다,김치 · TOPIC 후보,KCONSUMER_COMPOSED_V1
ID|KFOOD|KFOOD_E02,ID,KFOOD,KFOOD_E02,,keyword,ramyeon Korea,,id,EXPORT_REFERENCED,RULE_SELECTED,PENDING_EMPIRICAL,UNKNOWN,PENDING,NOT_YET_TESTED,PENDING_TOPIC_EXTRACTION,,COMPOSED,,,,,,N/A,,ORIGIN-NOUN-COMPOSED-1.0,NOT_REQUIRED,,PENDING_EMPIRICAL_VALIDATION,,,,,,https://trends.google.com/trends/explore?date=2018-01-01%202026-08-09&geo=ID&q=ramyeon%20Korea&hl=en,라면 · 수출 참고 HS 190230 · 인도네시아(id) 조합,,'ramen' 단독은 일식이다. 전 언어에서 한국 수식어를 붙였으나 그만큼 검색량이 줄어 과소측정 가능,라면 · TOPIC 후보,KCONSUMER_COMPOSED_V1
ID|KFOOD|KFOOD_E03,ID,KFOOD,KFOOD_E03,,keyword,soju,,id,EXPORT_REFERENCED,RULE_SELECTED,PENDING_EMPIRICAL,UNKNOWN,PENDING,NOT_YET_TESTED,PENDING_TOPIC_EXTRACTION,,ATOMIC_LEXEME,,,,,,N/A,,ATOMIC-LEXEME-1.0,NOT_REQUIRED,,PENDING_EMPIRICAL_VALIDATION,,,,,,https://trends.google.com/trends/explore?date=2018-01-01%202026-08-09&geo=ID&q=soju&hl=en,소주 · 수출 참고 HS 220890·220870 · 인도네시아(id) 외래어,,일본어 焼酎 는 일본 소주다. 韓国焼酎 로 한정했으나 ソジュ 표기와 분산될 수 있음,소주 · TOPIC 후보,KCONSUMER_COMPOSED_V1
ID|KFOOD|KFOOD_E04,ID,KFOOD,KFOOD_E04,,keyword,tteokbokki,,id,MODE_GRAMMAR,RULE_SELECTED,PENDING_EMPIRICAL,UNKNOWN,PENDING,NOT_YET_TESTED,PENDING_TOPIC_EXTRACTION,,ATOMIC_LEXEME,,,,,,N/A,,ATOMIC-LEXEME-1.0,NOT_REQUIRED,,PENDING_EMPIRICAL_VALIDATION,,,,,,https://trends.google.com/trends/explore?date=2018-01-01%202026-08-09&geo=ID&q=tteokbokki&hl=en,떡볶이 · 소비양식 문법 · 인도네시아(id) 외래어,,,떡볶이 · TOPIC 후보,KCONSUMER_COMPOSED_V1
ID|KFOOD|KFOOD_E05,ID,KFOOD,KFOOD_E05,,keyword,ayam goreng Korea,,id,MODE_GRAMMAR,RULE_SELECTED,PENDING_EMPIRICAL,UNKNOWN,PENDING,NOT_YET_TESTED,PENDING_DOM_EXTRACTION,,COMPOSED,,,,,,N/A,,ORIGIN-NOUN-COMPOSED-1.0,NOT_REQUIRED,,PENDING_EMPIRICAL_VALIDATION,,,,,,https://trends.google.com/trends/explore?date=2018-01-01%202026-08-09&geo=ID&q=ayam%20goreng%20Korea&hl=en,한국 치킨 · 소비양식 문법 · 인도네시아(id) 조합,,,한국 치킨,KCONSUMER_COMPOSED_V1
ID|KFOOD|KFOOD_E06,ID,KFOOD,KFOOD_E06,,keyword,snack Korea,,id,EXPORT_REFERENCED,RULE_SELECTED,PENDING_EMPIRICAL,UNKNOWN,PENDING,NOT_YET_TESTED,PENDING_DOM_EXTRACTION,,COMPOSED,,,,,,N/A,,ORIGIN-NOUN-COMPOSED-1.0,NOT_REQUIRED,,PENDING_EMPIRICAL_VALIDATION,,,,,,https://trends.google.com/trends/explore?date=2018-01-01%202026-08-09&geo=ID&q=snack%20Korea&hl=en,한국 과자 · 수출 참고 HS 190590·170490 · 인도네시아(id) 조합,,,한국 과자,KCONSUMER_COMPOSED_V1
ID|KFOOD|KFOOD_E07,ID,KFOOD,KFOOD_E07,,keyword,rumput laut Korea,,id,EXPORT_REFERENCED,RULE_SELECTED,PENDING_EMPIRICAL,UNKNOWN,PENDING,NOT_YET_TESTED,PENDING_DOM_EXTRACTION,,COMPOSED,,,,,,N/A,,ORIGIN-NOUN-COMPOSED-1.0,NOT_REQUIRED,,PENDING_EMPIRICAL_VALIDATION,,,,,,https://trends.google.com/trends/explore?date=2018-01-01%202026-08-09&geo=ID&q=rumput%20laut%20Korea&hl=en,김 · 수출 참고 HS 121221 · 인도네시아(id) 조합,,일본어 のり 단독은 일본산 김. 韓国のり 로 한정,김,KCONSUMER_COMPOSED_V1
ID|KFOOD|KFOOD_E08,ID,KFOOD,KFOOD_E08,,keyword,gochujang,,id,EXPORT_REFERENCED,RULE_SELECTED,PENDING_EMPIRICAL,UNKNOWN,PENDING,NOT_YET_TESTED,PENDING_TOPIC_EXTRACTION,,ATOMIC_LEXEME,,,,,,N/A,,ATOMIC-LEXEME-1.0,NOT_REQUIRED,,PENDING_EMPIRICAL_VALIDATION,,,,,,https://trends.google.com/trends/explore?date=2018-01-01%202026-08-09&geo=ID&q=gochujang&hl=en,고추장 · 수출 참고 HS 210390 · 인도네시아(id) 외래어,,,고추장 · TOPIC 후보,KCONSUMER_COMPOSED_V1
ID|KFOOD|KFOOD_E09,ID,KFOOD,KFOOD_E09,,keyword,ginseng Korea,,id,EXPORT_REFERENCED,RULE_SELECTED,PENDING_EMPIRICAL,UNKNOWN,PENDING,NOT_YET_TESTED,PENDING_TOPIC_EXTRACTION,,ATOMIC_LEXEME,,,,,,N/A,,ATOMIC-LEXEME-1.0,NOT_REQUIRED,,PENDING_EMPIRICAL_VALIDATION,,,,,,https://trends.google.com/trends/explore?date=2018-01-01%202026-08-09&geo=ID&q=ginseng%20Korea&hl=en,인삼 · 수출 참고 HS 121120 · 인도네시아(id) 외래어,,,인삼 · TOPIC 후보,KCONSUMER_COMPOSED_V1
ID|KFOOD|KFOOD_P01,ID,KFOOD,KFOOD_P01,,keyword,makanan Jepang,,id,MODE_GRAMMAR,RULE_SELECTED,PENDING_EMPIRICAL,UNKNOWN,PENDING,NOT_YET_TESTED,PENDING_TOPIC_EXTRACTION,,COMPOSED,,,,,,N/A,,ORIGIN-NOUN-COMPOSED-1.0,NOT_REQUIRED,,PENDING_EMPIRICAL_VALIDATION,,,,,,https://trends.google.com/trends/explore?date=2018-01-01%202026-08-09&geo=ID&q=makanan%20Jepang&hl=en,[위약] 일식 · 소비양식 문법 · 인도네시아(id) 조합,,위약이지만 한식·일식은 대체재이자 보완재라 부호가 양쪽 다 가능 — 계수 부호까지 함께 볼 것,[위약] 일식 · TOPIC 후보,KCONSUMER_COMPOSED_V1
ID|KFOOD|KFOOD_P02,ID,KFOOD,KFOOD_P02,,keyword,makanan Cina,,id,MODE_GRAMMAR,RULE_SELECTED,PENDING_EMPIRICAL,UNKNOWN,PENDING,NOT_YET_TESTED,PENDING_TOPIC_EXTRACTION,,COMPOSED,,,,,,N/A,,ORIGIN-NOUN-COMPOSED-1.0,NOT_REQUIRED,,PENDING_EMPIRICAL_VALIDATION,,,,,,https://trends.google.com/trends/explore?date=2018-01-01%202026-08-09&geo=ID&q=makanan%20Cina&hl=en,[위약] 중식 · 소비양식 문법 · 인도네시아(id) 조합,,,[위약] 중식 · TOPIC 후보,KCONSUMER_COMPOSED_V1
ID|KFOOD|KFOOD_P03,ID,KFOOD,KFOOD_P03,,keyword,makanan Thailand,,id,MODE_GRAMMAR,RULE_SELECTED,PENDING_EMPIRICAL,UNKNOWN,PENDING,NOT_YET_TESTED,PENDING_TOPIC_EXTRACTION,,COMPOSED,,,,,,N/A,,ORIGIN-NOUN-COMPOSED-1.0,NOT_REQUIRED,,PENDING_EMPIRICAL_VALIDATION,,,,,,https://trends.google.com/trends/explore?date=2018-01-01%202026-08-09&geo=ID&q=makanan%20Thailand&hl=en,[위약] 태국음식 · 소비양식 문법 · 인도네시아(id) 조합,,,[위약] 태국음식 · TOPIC 후보,KCONSUMER_COMPOSED_V1
ID|KBEAUTY|KBEAUTY_G01,ID,KBEAUTY,KBEAUTY_G01,,keyword,kosmetik Korea,,id,MODE_GRAMMAR,RULE_SELECTED,PENDING_EMPIRICAL,UNKNOWN,PENDING,NOT_YET_TESTED,PENDING_TOPIC_EXTRACTION,,COMPOSED,,,,,,N/A,,ORIGIN-NOUN-COMPOSED-1.0,NOT_REQUIRED,,PENDING_EMPIRICAL_VALIDATION,,,,,,https://trends.google.com/trends/explore?date=2018-01-01%202026-08-09&geo=ID&q=kosmetik%20Korea&hl=en,한국 화장품 · 소비양식 문법 · 인도네시아(id) 조합,,,한국 화장품 · TOPIC 후보,KCONSUMER_COMPOSED_V1
ID|KBEAUTY|KBEAUTY_G02,ID,KBEAUTY,KBEAUTY_G02,,keyword,K-beauty,,id,MODE_GRAMMAR,RULE_SELECTED,PENDING_EMPIRICAL,UNKNOWN,PENDING,NOT_YET_TESTED,PENDING_TOPIC_EXTRACTION,,ATOMIC_LEXEME,,,,,,N/A,,ATOMIC-LEXEME-1.0,NOT_REQUIRED,,PENDING_EMPIRICAL_VALIDATION,,,,,,https://trends.google.com/trends/explore?date=2018-01-01%202026-08-09&geo=ID&q=K-beauty&hl=en,K-beauty · 소비양식 문법 · 인도네시아(id) 외래어,,,K-beauty · TOPIC 후보,KCONSUMER_COMPOSED_V1
ID|KBEAUTY|KBEAUTY_G03,ID,KBEAUTY,KBEAUTY_G03,,keyword,skincare routine Korea,,id,EXPORT_REFERENCED,RULE_SELECTED,PENDING_EMPIRICAL,UNKNOWN,PENDING,NOT_YET_TESTED,PENDING_DOM_EXTRACTION,,COMPOSED,,,,,,N/A,,ORIGIN-NOUN-COMPOSED-1.0,NOT_REQUIRED,,PENDING_EMPIRICAL_VALIDATION,,,,,,https://trends.google.com/trends/explore?date=2018-01-01%202026-08-09&geo=ID&q=skincare%20routine%20Korea&hl=en,한국 스킨케어 루틴 · 수출 참고 HS 330499 · 인도네시아(id) 조합,,,한국 스킨케어 루틴,KCONSUMER_COMPOSED_V1
ID|KBEAUTY|KBEAUTY_G04,ID,KBEAUTY,KBEAUTY_G04,,keyword,merek kosmetik Korea,,id,MODE_GRAMMAR,RULE_SELECTED,PENDING_EMPIRICAL,UNKNOWN,PENDING,NOT_YET_TESTED,PENDING_DOM_EXTRACTION,,COMPOSED,,,,,,N/A,,ORIGIN-NOUN-COMPOSED-1.0,NOT_REQUIRED,,PENDING_EMPIRICAL_VALIDATION,,,,,,https://trends.google.com/trends/explore?date=2018-01-01%202026-08-09&geo=ID&q=merek%20kosmetik%20Korea&hl=en,한국 화장품 브랜드 · 소비양식 문법 · 인도네시아(id) 조합,,,한국 화장품 브랜드,KCONSUMER_COMPOSED_V1
ID|KBEAUTY|KBEAUTY_G05,ID,KBEAUTY,KBEAUTY_G05,,keyword,tutorial makeup Korea,,id,EXPORT_REFERENCED,RULE_SELECTED,PENDING_EMPIRICAL,UNKNOWN,PENDING,NOT_YET_TESTED,PENDING_DOM_EXTRACTION,,COMPOSED,,,,,,N/A,,ORIGIN-NOUN-COMPOSED-1.0,NOT_REQUIRED,,PENDING_EMPIRICAL_VALIDATION,,,,,,https://trends.google.com/trends/explore?date=2018-01-01%202026-08-09&geo=ID&q=tutorial%20makeup%20Korea&hl=en,한국 메이크업 · 수출 참고 HS 330410·330420 · 인도네시아(id) 조합,,,한국 메이크업,KCONSUMER_COMPOSED_V1
ID|KBEAUTY|KBEAUTY_G06,ID,KBEAUTY,KBEAUTY_G06,,keyword,glass skin,,id,MODE_GRAMMAR,RULE_SELECTED,PENDING_EMPIRICAL,UNKNOWN,PENDING,NOT_YET_TESTED,PENDING_TOPIC_EXTRACTION,,ATOMIC_LEXEME,,,,,,N/A,,ATOMIC-LEXEME-1.0,NOT_REQUIRED,,PENDING_EMPIRICAL_VALIDATION,,,,,,https://trends.google.com/trends/explore?date=2018-01-01%202026-08-09&geo=ID&q=glass%20skin&hl=en,글래스 스킨 · 소비양식 문법 · 인도네시아(id) 외래어,,'glass skin' 은 한국 기원이나 글로벌 뷰티 용어로 확산돼 도메인 귀속이 약하다,글래스 스킨 · TOPIC 후보,KCONSUMER_COMPOSED_V1
ID|KBEAUTY|KBEAUTY_E01,ID,KBEAUTY,KBEAUTY_E01,,keyword,serum Korea,,id,EXPORT_REFERENCED,RULE_SELECTED,PENDING_EMPIRICAL,UNKNOWN,PENDING,NOT_YET_TESTED,PENDING_DOM_EXTRACTION,,COMPOSED,,,,,,N/A,,ORIGIN-NOUN-COMPOSED-1.0,NOT_REQUIRED,,PENDING_EMPIRICAL_VALIDATION,,,,,,https://trends.google.com/trends/explore?date=2018-01-01%202026-08-09&geo=ID&q=serum%20Korea&hl=en,세럼·에센스 · 수출 참고 HS 330499 · 인도네시아(id) 조합,,,세럼·에센스,KCONSUMER_COMPOSED_V1
ID|KBEAUTY|KBEAUTY_E02,ID,KBEAUTY,KBEAUTY_E02,,keyword,sheet mask Korea,,id,EXPORT_REFERENCED,RULE_SELECTED,PENDING_EMPIRICAL,UNKNOWN,PENDING,NOT_YET_TESTED,PENDING_DOM_EXTRACTION,,COMPOSED,,,,,,N/A,,ORIGIN-NOUN-COMPOSED-1.0,NOT_REQUIRED,,PENDING_EMPIRICAL_VALIDATION,,,,,,https://trends.google.com/trends/explore?date=2018-01-01%202026-08-09&geo=ID&q=sheet%20mask%20Korea&hl=en,시트마스크 · 수출 참고 HS 330499 · 인도네시아(id) 조합,,,시트마스크,KCONSUMER_COMPOSED_V1
ID|KBEAUTY|KBEAUTY_E03,ID,KBEAUTY,KBEAUTY_E03,,keyword,sunscreen Korea,,id,EXPORT_REFERENCED,RULE_SELECTED,PENDING_EMPIRICAL,UNKNOWN,PENDING,NOT_YET_TESTED,PENDING_DOM_EXTRACTION,,COMPOSED,,,,,,N/A,,ORIGIN-NOUN-COMPOSED-1.0,NOT_REQUIRED,,PENDING_EMPIRICAL_VALIDATION,,,,,,https://trends.google.com/trends/explore?date=2018-01-01%202026-08-09&geo=ID&q=sunscreen%20Korea&hl=en,선크림 · 수출 참고 HS 330499 · 인도네시아(id) 조합,,,선크림,KCONSUMER_COMPOSED_V1
ID|KBEAUTY|KBEAUTY_E04,ID,KBEAUTY,KBEAUTY_E04,,keyword,cushion Korea,,id,EXPORT_REFERENCED,RULE_SELECTED,PENDING_EMPIRICAL,UNKNOWN,PENDING,NOT_YET_TESTED,PENDING_DOM_EXTRACTION,,COMPOSED,,,,,,N/A,,ORIGIN-NOUN-COMPOSED-1.0,NOT_REQUIRED,,PENDING_EMPIRICAL_VALIDATION,,,,,,https://trends.google.com/trends/explore?date=2018-01-01%202026-08-09&geo=ID&q=cushion%20Korea&hl=en,쿠션 파운데이션 · 수출 참고 HS 330491·961620 · 인도네시아(id) 조합,,쿠션은 한국이 만든 제형이라 원산지 수식 없이도 한국 신호일 수 있다 — 수식어를 붙여 과소측정될 위험,쿠션 파운데이션,KCONSUMER_COMPOSED_V1
ID|KBEAUTY|KBEAUTY_E05,ID,KBEAUTY,KBEAUTY_E05,,keyword,lip tint Korea,,id,EXPORT_REFERENCED,RULE_SELECTED,PENDING_EMPIRICAL,UNKNOWN,PENDING,NOT_YET_TESTED,PENDING_DOM_EXTRACTION,,COMPOSED,,,,,,N/A,,ORIGIN-NOUN-COMPOSED-1.0,NOT_REQUIRED,,PENDING_EMPIRICAL_VALIDATION,,,,,,https://trends.google.com/trends/explore?date=2018-01-01%202026-08-09&geo=ID&q=lip%20tint%20Korea&hl=en,립틴트 · 수출 참고 HS 330410 · 인도네시아(id) 조합,,,립틴트,KCONSUMER_COMPOSED_V1
ID|KBEAUTY|KBEAUTY_E06,ID,KBEAUTY,KBEAUTY_E06,,keyword,pembersih wajah Korea,,id,EXPORT_REFERENCED,RULE_SELECTED,PENDING_EMPIRICAL,UNKNOWN,PENDING,NOT_YET_TESTED,PENDING_DOM_EXTRACTION,,COMPOSED,,,,,,N/A,,ORIGIN-NOUN-COMPOSED-1.0,NOT_REQUIRED,,PENDING_EMPIRICAL_VALIDATION,,,,,,https://trends.google.com/trends/explore?date=2018-01-01%202026-08-09&geo=ID&q=pembersih%20wajah%20Korea&hl=en,클렌징 · 수출 참고 HS 340130 · 인도네시아(id) 조합,,,클렌징,KCONSUMER_COMPOSED_V1
ID|KBEAUTY|KBEAUTY_E07,ID,KBEAUTY,KBEAUTY_E07,,keyword,perawatan rambut Korea,,id,EXPORT_REFERENCED,RULE_SELECTED,PENDING_EMPIRICAL,UNKNOWN,PENDING,NOT_YET_TESTED,PENDING_DOM_EXTRACTION,,COMPOSED,,,,,,N/A,,ORIGIN-NOUN-COMPOSED-1.0,NOT_REQUIRED,,PENDING_EMPIRICAL_VALIDATION,,,,,,https://trends.google.com/trends/explore?date=2018-01-01%202026-08-09&geo=ID&q=perawatan%20rambut%20Korea&hl=en,헤어케어 · 수출 참고 HS 330590·330510 · 인도네시아(id) 조합,,,헤어케어,KCONSUMER_COMPOSED_V1
ID|KBEAUTY|KBEAUTY_E08,ID,KBEAUTY,KBEAUTY_E08,,keyword,parfum Korea,,id,EXPORT_REFERENCED,RULE_SELECTED,PENDING_EMPIRICAL,UNKNOWN,PENDING,NOT_YET_TESTED,PENDING_DOM_EXTRACTION,,COMPOSED,,,,,,N/A,,ORIGIN-NOUN-COMPOSED-1.0,NOT_REQUIRED,,PENDING_EMPIRICAL_VALIDATION,,,,,,https://trends.google.com/trends/explore?date=2018-01-01%202026-08-09&geo=ID&q=parfum%20Korea&hl=en,향수 · 수출 참고 HS 330300·330790 · 인도네시아(id) 조합,,,향수,KCONSUMER_COMPOSED_V1
ID|KBEAUTY|KBEAUTY_P01,ID,KBEAUTY,KBEAUTY_P01,,keyword,kosmetik Jepang,,id,MODE_GRAMMAR,RULE_SELECTED,PENDING_EMPIRICAL,UNKNOWN,PENDING,NOT_YET_TESTED,PENDING_TOPIC_EXTRACTION,,COMPOSED,,,,,,N/A,,ORIGIN-NOUN-COMPOSED-1.0,NOT_REQUIRED,,PENDING_EMPIRICAL_VALIDATION,,,,,,https://trends.google.com/trends/explore?date=2018-01-01%202026-08-09&geo=ID&q=kosmetik%20Jepang&hl=en,[위약] 일본 화장품 · 소비양식 문법 · 인도네시아(id) 조합,,,[위약] 일본 화장품 · TOPIC 후보,KCONSUMER_COMPOSED_V1
ID|KBEAUTY|KBEAUTY_P02,ID,KBEAUTY,KBEAUTY_P02,,keyword,kosmetik Prancis,,id,MODE_GRAMMAR,RULE_SELECTED,PENDING_EMPIRICAL,UNKNOWN,PENDING,NOT_YET_TESTED,PENDING_TOPIC_EXTRACTION,,COMPOSED,,,,,,N/A,,ORIGIN-NOUN-COMPOSED-1.0,NOT_REQUIRED,,PENDING_EMPIRICAL_VALIDATION,,,,,,https://trends.google.com/trends/explore?date=2018-01-01%202026-08-09&geo=ID&q=kosmetik%20Prancis&hl=en,[위약] 프랑스 화장품 · 소비양식 문법 · 인도네시아(id) 조합,,,[위약] 프랑스 화장품 · TOPIC 후보,KCONSUMER_COMPOSED_V1
ID|KFASHION|KFASHION_G01,ID,KFASHION,KFASHION_G01,,keyword,fashion Korea,,id,MODE_GRAMMAR,RULE_SELECTED,PENDING_EMPIRICAL,UNKNOWN,PENDING,NOT_YET_TESTED,PENDING_TOPIC_EXTRACTION,,COMPOSED,,,,,,N/A,,ORIGIN-NOUN-COMPOSED-1.0,NOT_REQUIRED,,PENDING_EMPIRICAL_VALIDATION,,,,,,https://trends.google.com/trends/explore?date=2018-01-01%202026-08-09&geo=ID&q=fashion%20Korea&hl=en,한국 패션 · 소비양식 문법 · 인도네시아(id) 조합,,,한국 패션 · TOPIC 후보,KCONSUMER_COMPOSED_V1
ID|KFASHION|KFASHION_G02,ID,KFASHION,KFASHION_G02,,keyword,K-fashion,,id,MODE_GRAMMAR,RULE_SELECTED,PENDING_EMPIRICAL,UNKNOWN,PENDING,NOT_YET_TESTED,PENDING_TOPIC_EXTRACTION,,ATOMIC_LEXEME,,,,,,N/A,,ATOMIC-LEXEME-1.0,NOT_REQUIRED,,PENDING_EMPIRICAL_VALIDATION,,,,,,https://trends.google.com/trends/explore?date=2018-01-01%202026-08-09&geo=ID&q=K-fashion&hl=en,K-fashion · 소비양식 문법 · 인도네시아(id) 외래어,,,K-fashion · TOPIC 후보,KCONSUMER_COMPOSED_V1
ID|KFASHION|KFASHION_G03,ID,KFASHION,KFASHION_G03,,keyword,gaya Korea,,id,MODE_GRAMMAR,RULE_SELECTED,PENDING_EMPIRICAL,UNKNOWN,PENDING,NOT_YET_TESTED,PENDING_DOM_EXTRACTION,,COMPOSED,,,,,,N/A,,ORIGIN-NOUN-COMPOSED-1.0,NOT_REQUIRED,,PENDING_EMPIRICAL_VALIDATION,,,,,,https://trends.google.com/trends/explore?date=2018-01-01%202026-08-09&geo=ID&q=gaya%20Korea&hl=en,한국 스타일 코디 · 소비양식 문법 · 인도네시아(id) 조합,,,한국 스타일 코디,KCONSUMER_COMPOSED_V1
ID|KFASHION|KFASHION_G04,ID,KFASHION,KFASHION_G04,,keyword,merek fashion Korea,,id,MODE_GRAMMAR,RULE_SELECTED,PENDING_EMPIRICAL,UNKNOWN,PENDING,NOT_YET_TESTED,PENDING_DOM_EXTRACTION,,COMPOSED,,,,,,N/A,,ORIGIN-NOUN-COMPOSED-1.0,NOT_REQUIRED,,PENDING_EMPIRICAL_VALIDATION,,,,,,https://trends.google.com/trends/explore?date=2018-01-01%202026-08-09&geo=ID&q=merek%20fashion%20Korea&hl=en,한국 패션 브랜드 · 소비양식 문법 · 인도네시아(id) 조합,,,한국 패션 브랜드,KCONSUMER_COMPOSED_V1
ID|KFASHION|KFASHION_G05,ID,KFASHION,KFASHION_G05,,keyword,fashion idol Korea,,id,MODE_GRAMMAR,RULE_SELECTED,PENDING_EMPIRICAL,UNKNOWN,PENDING,NOT_YET_TESTED,PENDING_DOM_EXTRACTION,,COMPOSED,,,,,,N/A,,ORIGIN-NOUN-COMPOSED-1.0,NOT_REQUIRED,,PENDING_EMPIRICAL_VALIDATION,,,,,,https://trends.google.com/trends/explore?date=2018-01-01%202026-08-09&geo=ID&q=fashion%20idol%20Korea&hl=en,아이돌 패션 · 소비양식 문법 · 인도네시아(id) 조합,,아이돌 패션은 K-Pop 도메인과 겹친다. KPOP 계열과의 상관을 먼저 확인할 것,아이돌 패션,KCONSUMER_COMPOSED_V1
ID|KFASHION|KFASHION_G06,ID,KFASHION,KFASHION_G06,,keyword,streetwear Korea,,id,MODE_GRAMMAR,RULE_SELECTED,PENDING_EMPIRICAL,UNKNOWN,PENDING,NOT_YET_TESTED,PENDING_DOM_EXTRACTION,,COMPOSED,,,,,,N/A,,ORIGIN-NOUN-COMPOSED-1.0,NOT_REQUIRED,,PENDING_EMPIRICAL_VALIDATION,,,,,,https://trends.google.com/trends/explore?date=2018-01-01%202026-08-09&geo=ID&q=streetwear%20Korea&hl=en,한국 스트릿웨어 · 소비양식 문법 · 인도네시아(id) 조합,,,한국 스트릿웨어,KCONSUMER_COMPOSED_V1
ID|KFASHION|KFASHION_G07,ID,KFASHION,KFASHION_G07,,keyword,toko baju online Korea,,id,MODE_GRAMMAR,RULE_SELECTED,PENDING_EMPIRICAL,UNKNOWN,PENDING,NOT_YET_TESTED,PENDING_DOM_EXTRACTION,,COMPOSED,,,,,,N/A,,ORIGIN-NOUN-COMPOSED-1.0,NOT_REQUIRED,,PENDING_EMPIRICAL_VALIDATION,,,,,,https://trends.google.com/trends/explore?date=2018-01-01%202026-08-09&geo=ID&q=toko%20baju%20online%20Korea&hl=en,한국 옷 쇼핑몰 · 소비양식 문법 · 인도네시아(id) 조합,,'한국 옷 쇼핑몰'은 플랫폼 브랜드명(무신사 등)으로 검색이 분산될 수 있음,한국 옷 쇼핑몰,KCONSUMER_COMPOSED_V1
ID|KFASHION|KFASHION_E01,ID,KFASHION,KFASHION_E01,,keyword,tas Korea,,id,EXPORT_REFERENCED,RULE_SELECTED,PENDING_EMPIRICAL,UNKNOWN,PENDING,NOT_YET_TESTED,PENDING_DOM_EXTRACTION,,COMPOSED,,,,,,N/A,,ORIGIN-NOUN-COMPOSED-1.0,NOT_REQUIRED,,PENDING_EMPIRICAL_VALIDATION,,,,,,https://trends.google.com/trends/explore?date=2018-01-01%202026-08-09&geo=ID&q=tas%20Korea&hl=en,가방 · 수출 참고 HS 420222·420221·420292 · 인도네시아(id) 조합,,,가방,KCONSUMER_COMPOSED_V1
ID|KFASHION|KFASHION_E02,ID,KFASHION,KFASHION_E02,,keyword,kacamata hitam Korea,,id,EXPORT_REFERENCED,RULE_SELECTED,PENDING_EMPIRICAL,UNKNOWN,PENDING,NOT_YET_TESTED,PENDING_DOM_EXTRACTION,,COMPOSED,,,,,,N/A,,ORIGIN-NOUN-COMPOSED-1.0,NOT_REQUIRED,,PENDING_EMPIRICAL_VALIDATION,,,,,,https://trends.google.com/trends/explore?date=2018-01-01%202026-08-09&geo=ID&q=kacamata%20hitam%20Korea&hl=en,선글라스 · 수출 참고 HS 900410 · 인도네시아(id) 조합,,,선글라스,KCONSUMER_COMPOSED_V1
ID|KFASHION|KFASHION_E03,ID,KFASHION,KFASHION_E03,,keyword,sepatu sneakers Korea,,id,EXPORT_REFERENCED,RULE_SELECTED,PENDING_EMPIRICAL,UNKNOWN,PENDING,NOT_YET_TESTED,PENDING_DOM_EXTRACTION,,COMPOSED,,,,,,N/A,,ORIGIN-NOUN-COMPOSED-1.0,NOT_REQUIRED,,PENDING_EMPIRICAL_VALIDATION,,,,,,https://trends.google.com/trends/explore?date=2018-01-01%202026-08-09&geo=ID&q=sepatu%20sneakers%20Korea&hl=en,스니커즈 · 수출 참고 HS 640411·640419 · 인도네시아(id) 조합,,,스니커즈,KCONSUMER_COMPOSED_V1
ID|KFASHION|KFASHION_E04,ID,KFASHION,KFASHION_E04,,keyword,kaos Korea,,id,EXPORT_REFERENCED,RULE_SELECTED,PENDING_EMPIRICAL,UNKNOWN,PENDING,NOT_YET_TESTED,PENDING_DOM_EXTRACTION,,COMPOSED,,,,,,N/A,,ORIGIN-NOUN-COMPOSED-1.0,NOT_REQUIRED,,PENDING_EMPIRICAL_VALIDATION,,,,,,https://trends.google.com/trends/explore?date=2018-01-01%202026-08-09&geo=ID&q=kaos%20Korea&hl=en,티셔츠 · 수출 참고 HS 610910·610990 · 인도네시아(id) 조합,,,티셔츠,KCONSUMER_COMPOSED_V1
ID|KFASHION|KFASHION_E05,ID,KFASHION,KFASHION_E05,,keyword,perhiasan Korea,,id,EXPORT_REFERENCED,RULE_SELECTED,PENDING_EMPIRICAL,UNKNOWN,PENDING,NOT_YET_TESTED,PENDING_DOM_EXTRACTION,,COMPOSED,,,,,,N/A,,ORIGIN-NOUN-COMPOSED-1.0,NOT_REQUIRED,,PENDING_EMPIRICAL_VALIDATION,,,,,,https://trends.google.com/trends/explore?date=2018-01-01%202026-08-09&geo=ID&q=perhiasan%20Korea&hl=en,주얼리 · 수출 참고 HS 711319·711719 · 인도네시아(id) 조합,,주얼리 대역의 L1 대응 품목 711319 는 금 시세에 좌우된다 — L1 과 L3 의 괴리가 클 것으로 예상,주얼리,KCONSUMER_COMPOSED_V1
ID|KFASHION|KFASHION_E06,ID,KFASHION,KFASHION_E06,,keyword,topi Korea,,id,EXPORT_REFERENCED,RULE_SELECTED,PENDING_EMPIRICAL,UNKNOWN,PENDING,NOT_YET_TESTED,PENDING_DOM_EXTRACTION,,COMPOSED,,,,,,N/A,,ORIGIN-NOUN-COMPOSED-1.0,NOT_REQUIRED,,PENDING_EMPIRICAL_VALIDATION,,,,,,https://trends.google.com/trends/explore?date=2018-01-01%202026-08-09&geo=ID&q=topi%20Korea&hl=en,모자 · 수출 참고 HS 650500 · 인도네시아(id) 조합,,,모자,KCONSUMER_COMPOSED_V1
ID|KFASHION|KFASHION_E07,ID,KFASHION,KFASHION_E07,,keyword,mantel Korea,,id,EXPORT_REFERENCED,RULE_SELECTED,PENDING_EMPIRICAL,UNKNOWN,PENDING,NOT_YET_TESTED,PENDING_DOM_EXTRACTION,,COMPOSED,,,,,,N/A,,ORIGIN-NOUN-COMPOSED-1.0,NOT_REQUIRED,,PENDING_EMPIRICAL_VALIDATION,,,,,,https://trends.google.com/trends/explore?date=2018-01-01%202026-08-09&geo=ID&q=mantel%20Korea&hl=en,아우터 · 수출 참고 HS 620240 · 인도네시아(id) 조합,,,아우터,KCONSUMER_COMPOSED_V1
ID|KFASHION|KFASHION_P01,ID,KFASHION,KFASHION_P01,,keyword,fashion Jepang,,id,MODE_GRAMMAR,RULE_SELECTED,PENDING_EMPIRICAL,UNKNOWN,PENDING,NOT_YET_TESTED,PENDING_TOPIC_EXTRACTION,,COMPOSED,,,,,,N/A,,ORIGIN-NOUN-COMPOSED-1.0,NOT_REQUIRED,,PENDING_EMPIRICAL_VALIDATION,,,,,,https://trends.google.com/trends/explore?date=2018-01-01%202026-08-09&geo=ID&q=fashion%20Jepang&hl=en,[위약] 일본 패션 · 소비양식 문법 · 인도네시아(id) 조합,,,[위약] 일본 패션 · TOPIC 후보,KCONSUMER_COMPOSED_V1
ID|KFASHION|KFASHION_P02,ID,KFASHION,KFASHION_P02,,keyword,fashion Italia,,id,MODE_GRAMMAR,RULE_SELECTED,PENDING_EMPIRICAL,UNKNOWN,PENDING,NOT_YET_TESTED,PENDING_TOPIC_EXTRACTION,,COMPOSED,,,,,,N/A,,ORIGIN-NOUN-COMPOSED-1.0,NOT_REQUIRED,,PENDING_EMPIRICAL_VALIDATION,,,,,,https://trends.google.com/trends/explore?date=2018-01-01%202026-08-09&geo=ID&q=fashion%20Italia&hl=en,[위약] 이탈리아 패션 · 소비양식 문법 · 인도네시아(id) 조합,,,[위약] 이탈리아 패션 · TOPIC 후보,KCONSUMER_COMPOSED_V1
FR|KFOOD|KFOOD_G01,FR,KFOOD,KFOOD_G01,,keyword,cuisine coréenne,,fr,MODE_GRAMMAR,RULE_SELECTED,PENDING_EMPIRICAL,UNKNOWN,PENDING,NOT_YET_TESTED,PENDING_TOPIC_EXTRACTION,,COMPOSED,,,,,,N/A,,ORIGIN-NOUN-COMPOSED-1.0,NOT_REQUIRED,,PENDING_EMPIRICAL_VALIDATION,,,,,,https://trends.google.com/trends/explore?date=2018-01-01%202026-08-09&geo=FR&q=cuisine%20cor%C3%A9enne&hl=en,한국 음식 · 소비양식 문법 · 프랑스(fr) 조합,,,한국 음식 · TOPIC 후보,KCONSUMER_COMPOSED_V1
FR|KFOOD|KFOOD_G02,FR,KFOOD,KFOOD_G02,,keyword,K-food,,fr,MODE_GRAMMAR,RULE_SELECTED,PENDING_EMPIRICAL,UNKNOWN,PENDING,NOT_YET_TESTED,PENDING_TOPIC_EXTRACTION,,ATOMIC_LEXEME,,,,,,N/A,,ATOMIC-LEXEME-1.0,NOT_REQUIRED,,PENDING_EMPIRICAL_VALIDATION,,,,,,https://trends.google.com/trends/explore?date=2018-01-01%202026-08-09&geo=FR&q=K-food&hl=en,K-food · 소비양식 문법 · 프랑스(fr) 외래어,,,K-food · TOPIC 후보,KCONSUMER_COMPOSED_V1
FR|KFOOD|KFOOD_G03,FR,KFOOD,KFOOD_G03,,keyword,recette coréenne,,fr,MODE_GRAMMAR,RULE_SELECTED,PENDING_EMPIRICAL,UNKNOWN,PENDING,NOT_YET_TESTED,PENDING_DOM_EXTRACTION,,COMPOSED,,,,,,N/A,,ORIGIN-NOUN-COMPOSED-1.0,NOT_REQUIRED,,PENDING_EMPIRICAL_VALIDATION,,,,,,https://trends.google.com/trends/explore?date=2018-01-01%202026-08-09&geo=FR&q=recette%20cor%C3%A9enne&hl=en,한국 요리법 · 소비양식 문법 · 프랑스(fr) 조합,,,한국 요리법,KCONSUMER_COMPOSED_V1
FR|KFOOD|KFOOD_G04,FR,KFOOD,KFOOD_G04,,keyword,restaurant coréen,,fr,MODE_GRAMMAR,RULE_SELECTED,PENDING_EMPIRICAL,UNKNOWN,PENDING,NOT_YET_TESTED,PENDING_DOM_EXTRACTION,,COMPOSED,,,,,,N/A,,ORIGIN-NOUN-COMPOSED-1.0,NOT_REQUIRED,,PENDING_EMPIRICAL_VALIDATION,,,,,,https://trends.google.com/trends/explore?date=2018-01-01%202026-08-09&geo=FR&q=restaurant%20cor%C3%A9en&hl=en,한식당 · 소비양식 문법 · 프랑스(fr) 조합,,,한식당,KCONSUMER_COMPOSED_V1
FR|KFOOD|KFOOD_G05,FR,KFOOD,KFOOD_G05,,keyword,mukbang,,fr,MODE_GRAMMAR,RULE_SELECTED,PENDING_EMPIRICAL,UNKNOWN,PENDING,NOT_YET_TESTED,PENDING_TOPIC_EXTRACTION,,ATOMIC_LEXEME,,,,,,N/A,,ATOMIC-LEXEME-1.0,NOT_REQUIRED,,PENDING_EMPIRICAL_VALIDATION,,,,,,https://trends.google.com/trends/explore?date=2018-01-01%202026-08-09&geo=FR&q=mukbang&hl=en,먹방 · 소비양식 문법 · 프랑스(fr) 외래어,,먹방은 한국 기원어지만 이미 국제 장르명이 되어 비한국 콘텐츠를 포함한다 — 도메인 귀속이 약해지는 방향,먹방 · TOPIC 후보,KCONSUMER_COMPOSED_V1
FR|KFOOD|KFOOD_G06,FR,KFOOD,KFOOD_G06,,keyword,street food coréenne,,fr,MODE_GRAMMAR,RULE_SELECTED,PENDING_EMPIRICAL,UNKNOWN,PENDING,NOT_YET_TESTED,PENDING_DOM_EXTRACTION,,COMPOSED,,,,,,N/A,,ORIGIN-NOUN-COMPOSED-1.0,NOT_REQUIRED,,PENDING_EMPIRICAL_VALIDATION,,,,,,https://trends.google.com/trends/explore?date=2018-01-01%202026-08-09&geo=FR&q=street%20food%20cor%C3%A9enne&hl=en,한국 길거리음식 · 소비양식 문법 · 프랑스(fr) 조합,,,한국 길거리음식,KCONSUMER_COMPOSED_V1
FR|KFOOD|KFOOD_E01,FR,KFOOD,KFOOD_E01,,keyword,kimchi,,fr,EXPORT_REFERENCED,RULE_SELECTED,PENDING_EMPIRICAL,UNKNOWN,PENDING,NOT_YET_TESTED,PENDING_TOPIC_EXTRACTION,,ATOMIC_LEXEME,,,,,,N/A,,ATOMIC-LEXEME-1.0,NOT_REQUIRED,,PENDING_EMPIRICAL_VALIDATION,,,,,,https://trends.google.com/trends/explore?date=2018-01-01%202026-08-09&geo=FR&q=kimchi&hl=en,김치 · 수출 참고 HS 200599 · 프랑스(fr) 외래어,,일본은 자국산 김치를 대량 생산해 JP 신호에 국산 수요가 섞인다,김치 · TOPIC 후보,KCONSUMER_COMPOSED_V1
FR|KFOOD|KFOOD_E02,FR,KFOOD,KFOOD_E02,,keyword,ramen coréen,,fr,EXPORT_REFERENCED,RULE_SELECTED,PENDING_EMPIRICAL,UNKNOWN,PENDING,NOT_YET_TESTED,PENDING_TOPIC_EXTRACTION,,COMPOSED,,,,,,N/A,,ORIGIN-NOUN-COMPOSED-1.0,NOT_REQUIRED,,PENDING_EMPIRICAL_VALIDATION,,,,,,https://trends.google.com/trends/explore?date=2018-01-01%202026-08-09&geo=FR&q=ramen%20cor%C3%A9en&hl=en,라면 · 수출 참고 HS 190230 · 프랑스(fr) 조합,,'ramen' 단독은 일식이다. 전 언어에서 한국 수식어를 붙였으나 그만큼 검색량이 줄어 과소측정 가능,라면 · TOPIC 후보,KCONSUMER_COMPOSED_V1
FR|KFOOD|KFOOD_E03,FR,KFOOD,KFOOD_E03,,keyword,soju,,fr,EXPORT_REFERENCED,RULE_SELECTED,PENDING_EMPIRICAL,UNKNOWN,PENDING,NOT_YET_TESTED,PENDING_TOPIC_EXTRACTION,,ATOMIC_LEXEME,,,,,,N/A,,ATOMIC-LEXEME-1.0,NOT_REQUIRED,,PENDING_EMPIRICAL_VALIDATION,,,,,,https://trends.google.com/trends/explore?date=2018-01-01%202026-08-09&geo=FR&q=soju&hl=en,소주 · 수출 참고 HS 220890·220870 · 프랑스(fr) 외래어,,일본어 焼酎 는 일본 소주다. 韓国焼酎 로 한정했으나 ソジュ 표기와 분산될 수 있음,소주 · TOPIC 후보,KCONSUMER_COMPOSED_V1
FR|KFOOD|KFOOD_E04,FR,KFOOD,KFOOD_E04,,keyword,tteokbokki,,fr,MODE_GRAMMAR,RULE_SELECTED,PENDING_EMPIRICAL,UNKNOWN,PENDING,NOT_YET_TESTED,PENDING_TOPIC_EXTRACTION,,ATOMIC_LEXEME,,,,,,N/A,,ATOMIC-LEXEME-1.0,NOT_REQUIRED,,PENDING_EMPIRICAL_VALIDATION,,,,,,https://trends.google.com/trends/explore?date=2018-01-01%202026-08-09&geo=FR&q=tteokbokki&hl=en,떡볶이 · 소비양식 문법 · 프랑스(fr) 외래어,,,떡볶이 · TOPIC 후보,KCONSUMER_COMPOSED_V1
FR|KFOOD|KFOOD_E05,FR,KFOOD,KFOOD_E05,,keyword,poulet frit coréen,,fr,MODE_GRAMMAR,RULE_SELECTED,PENDING_EMPIRICAL,UNKNOWN,PENDING,NOT_YET_TESTED,PENDING_DOM_EXTRACTION,,COMPOSED,,,,,,N/A,,ORIGIN-NOUN-COMPOSED-1.0,NOT_REQUIRED,,PENDING_EMPIRICAL_VALIDATION,,,,,,https://trends.google.com/trends/explore?date=2018-01-01%202026-08-09&geo=FR&q=poulet%20frit%20cor%C3%A9en&hl=en,한국 치킨 · 소비양식 문법 · 프랑스(fr) 조합,,,한국 치킨,KCONSUMER_COMPOSED_V1
FR|KFOOD|KFOOD_E06,FR,KFOOD,KFOOD_E06,,keyword,snacks coréens,,fr,EXPORT_REFERENCED,RULE_SELECTED,PENDING_EMPIRICAL,UNKNOWN,PENDING,NOT_YET_TESTED,PENDING_DOM_EXTRACTION,,COMPOSED,,,,,,N/A,,ORIGIN-NOUN-COMPOSED-1.0,NOT_REQUIRED,,PENDING_EMPIRICAL_VALIDATION,,,,,,https://trends.google.com/trends/explore?date=2018-01-01%202026-08-09&geo=FR&q=snacks%20cor%C3%A9ens&hl=en,한국 과자 · 수출 참고 HS 190590·170490 · 프랑스(fr) 조합,,,한국 과자,KCONSUMER_COMPOSED_V1
FR|KFOOD|KFOOD_E07,FR,KFOOD,KFOOD_E07,,keyword,algues coréennes,,fr,EXPORT_REFERENCED,RULE_SELECTED,PENDING_EMPIRICAL,UNKNOWN,PENDING,NOT_YET_TESTED,PENDING_DOM_EXTRACTION,,COMPOSED,,,,,,N/A,,ORIGIN-NOUN-COMPOSED-1.0,NOT_REQUIRED,,PENDING_EMPIRICAL_VALIDATION,,,,,,https://trends.google.com/trends/explore?date=2018-01-01%202026-08-09&geo=FR&q=algues%20cor%C3%A9ennes&hl=en,김 · 수출 참고 HS 121221 · 프랑스(fr) 조합,,일본어 のり 단독은 일본산 김. 韓国のり 로 한정,김,KCONSUMER_COMPOSED_V1
FR|KFOOD|KFOOD_E08,FR,KFOOD,KFOOD_E08,,keyword,gochujang,,fr,EXPORT_REFERENCED,RULE_SELECTED,PENDING_EMPIRICAL,UNKNOWN,PENDING,NOT_YET_TESTED,PENDING_TOPIC_EXTRACTION,,ATOMIC_LEXEME,,,,,,N/A,,ATOMIC-LEXEME-1.0,NOT_REQUIRED,,PENDING_EMPIRICAL_VALIDATION,,,,,,https://trends.google.com/trends/explore?date=2018-01-01%202026-08-09&geo=FR&q=gochujang&hl=en,고추장 · 수출 참고 HS 210390 · 프랑스(fr) 외래어,,,고추장 · TOPIC 후보,KCONSUMER_COMPOSED_V1
FR|KFOOD|KFOOD_E09,FR,KFOOD,KFOOD_E09,,keyword,ginseng coréen,,fr,EXPORT_REFERENCED,RULE_SELECTED,PENDING_EMPIRICAL,UNKNOWN,PENDING,NOT_YET_TESTED,PENDING_TOPIC_EXTRACTION,,ATOMIC_LEXEME,,,,,,N/A,,ATOMIC-LEXEME-1.0,NOT_REQUIRED,,PENDING_EMPIRICAL_VALIDATION,,,,,,https://trends.google.com/trends/explore?date=2018-01-01%202026-08-09&geo=FR&q=ginseng%20cor%C3%A9en&hl=en,인삼 · 수출 참고 HS 121120 · 프랑스(fr) 외래어,,,인삼 · TOPIC 후보,KCONSUMER_COMPOSED_V1
FR|KFOOD|KFOOD_P01,FR,KFOOD,KFOOD_P01,,keyword,cuisine japonaise,,fr,MODE_GRAMMAR,RULE_SELECTED,PENDING_EMPIRICAL,UNKNOWN,PENDING,NOT_YET_TESTED,PENDING_TOPIC_EXTRACTION,,COMPOSED,,,,,,N/A,,ORIGIN-NOUN-COMPOSED-1.0,NOT_REQUIRED,,PENDING_EMPIRICAL_VALIDATION,,,,,,https://trends.google.com/trends/explore?date=2018-01-01%202026-08-09&geo=FR&q=cuisine%20japonaise&hl=en,[위약] 일식 · 소비양식 문법 · 프랑스(fr) 조합,,위약이지만 한식·일식은 대체재이자 보완재라 부호가 양쪽 다 가능 — 계수 부호까지 함께 볼 것,[위약] 일식 · TOPIC 후보,KCONSUMER_COMPOSED_V1
FR|KFOOD|KFOOD_P02,FR,KFOOD,KFOOD_P02,,keyword,cuisine chinoise,,fr,MODE_GRAMMAR,RULE_SELECTED,PENDING_EMPIRICAL,UNKNOWN,PENDING,NOT_YET_TESTED,PENDING_TOPIC_EXTRACTION,,COMPOSED,,,,,,N/A,,ORIGIN-NOUN-COMPOSED-1.0,NOT_REQUIRED,,PENDING_EMPIRICAL_VALIDATION,,,,,,https://trends.google.com/trends/explore?date=2018-01-01%202026-08-09&geo=FR&q=cuisine%20chinoise&hl=en,[위약] 중식 · 소비양식 문법 · 프랑스(fr) 조합,,,[위약] 중식 · TOPIC 후보,KCONSUMER_COMPOSED_V1
FR|KFOOD|KFOOD_P03,FR,KFOOD,KFOOD_P03,,keyword,cuisine thaïlandaise,,fr,MODE_GRAMMAR,RULE_SELECTED,PENDING_EMPIRICAL,UNKNOWN,PENDING,NOT_YET_TESTED,PENDING_TOPIC_EXTRACTION,,COMPOSED,,,,,,N/A,,ORIGIN-NOUN-COMPOSED-1.0,NOT_REQUIRED,,PENDING_EMPIRICAL_VALIDATION,,,,,,https://trends.google.com/trends/explore?date=2018-01-01%202026-08-09&geo=FR&q=cuisine%20tha%C3%AFlandaise&hl=en,[위약] 태국음식 · 소비양식 문법 · 프랑스(fr) 조합,,,[위약] 태국음식 · TOPIC 후보,KCONSUMER_COMPOSED_V1
FR|KBEAUTY|KBEAUTY_G01,FR,KBEAUTY,KBEAUTY_G01,,keyword,cosmétiques coréens,,fr,MODE_GRAMMAR,RULE_SELECTED,PENDING_EMPIRICAL,UNKNOWN,PENDING,NOT_YET_TESTED,PENDING_TOPIC_EXTRACTION,,COMPOSED,,,,,,N/A,,ORIGIN-NOUN-COMPOSED-1.0,NOT_REQUIRED,,PENDING_EMPIRICAL_VALIDATION,,,,,,https://trends.google.com/trends/explore?date=2018-01-01%202026-08-09&geo=FR&q=cosm%C3%A9tiques%20cor%C3%A9ens&hl=en,한국 화장품 · 소비양식 문법 · 프랑스(fr) 조합,,,한국 화장품 · TOPIC 후보,KCONSUMER_COMPOSED_V1
FR|KBEAUTY|KBEAUTY_G02,FR,KBEAUTY,KBEAUTY_G02,,keyword,K-beauty,,fr,MODE_GRAMMAR,RULE_SELECTED,PENDING_EMPIRICAL,UNKNOWN,PENDING,NOT_YET_TESTED,PENDING_TOPIC_EXTRACTION,,ATOMIC_LEXEME,,,,,,N/A,,ATOMIC-LEXEME-1.0,NOT_REQUIRED,,PENDING_EMPIRICAL_VALIDATION,,,,,,https://trends.google.com/trends/explore?date=2018-01-01%202026-08-09&geo=FR&q=K-beauty&hl=en,K-beauty · 소비양식 문법 · 프랑스(fr) 외래어,,,K-beauty · TOPIC 후보,KCONSUMER_COMPOSED_V1
FR|KBEAUTY|KBEAUTY_G03,FR,KBEAUTY,KBEAUTY_G03,,keyword,routine de soins coréenne,,fr,EXPORT_REFERENCED,RULE_SELECTED,PENDING_EMPIRICAL,UNKNOWN,PENDING,NOT_YET_TESTED,PENDING_DOM_EXTRACTION,,COMPOSED,,,,,,N/A,,ORIGIN-NOUN-COMPOSED-1.0,NOT_REQUIRED,,PENDING_EMPIRICAL_VALIDATION,,,,,,https://trends.google.com/trends/explore?date=2018-01-01%202026-08-09&geo=FR&q=routine%20de%20soins%20cor%C3%A9enne&hl=en,한국 스킨케어 루틴 · 수출 참고 HS 330499 · 프랑스(fr) 조합,,,한국 스킨케어 루틴,KCONSUMER_COMPOSED_V1
FR|KBEAUTY|KBEAUTY_G04,FR,KBEAUTY,KBEAUTY_G04,,keyword,marque de cosmétiques coréenne,,fr,MODE_GRAMMAR,RULE_SELECTED,PENDING_EMPIRICAL,UNKNOWN,PENDING,NOT_YET_TESTED,PENDING_DOM_EXTRACTION,,COMPOSED,,,,,,N/A,,ORIGIN-NOUN-COMPOSED-1.0,NOT_REQUIRED,,PENDING_EMPIRICAL_VALIDATION,,,,,,https://trends.google.com/trends/explore?date=2018-01-01%202026-08-09&geo=FR&q=marque%20de%20cosm%C3%A9tiques%20cor%C3%A9enne&hl=en,한국 화장품 브랜드 · 소비양식 문법 · 프랑스(fr) 조합,,,한국 화장품 브랜드,KCONSUMER_COMPOSED_V1
FR|KBEAUTY|KBEAUTY_G05,FR,KBEAUTY,KBEAUTY_G05,,keyword,tutoriel maquillage coréen,,fr,EXPORT_REFERENCED,RULE_SELECTED,PENDING_EMPIRICAL,UNKNOWN,PENDING,NOT_YET_TESTED,PENDING_DOM_EXTRACTION,,COMPOSED,,,,,,N/A,,ORIGIN-NOUN-COMPOSED-1.0,NOT_REQUIRED,,PENDING_EMPIRICAL_VALIDATION,,,,,,https://trends.google.com/trends/explore?date=2018-01-01%202026-08-09&geo=FR&q=tutoriel%20maquillage%20cor%C3%A9en&hl=en,한국 메이크업 · 수출 참고 HS 330410·330420 · 프랑스(fr) 조합,,,한국 메이크업,KCONSUMER_COMPOSED_V1
FR|KBEAUTY|KBEAUTY_G06,FR,KBEAUTY,KBEAUTY_G06,,keyword,glass skin,,fr,MODE_GRAMMAR,RULE_SELECTED,PENDING_EMPIRICAL,UNKNOWN,PENDING,NOT_YET_TESTED,PENDING_TOPIC_EXTRACTION,,ATOMIC_LEXEME,,,,,,N/A,,ATOMIC-LEXEME-1.0,NOT_REQUIRED,,PENDING_EMPIRICAL_VALIDATION,,,,,,https://trends.google.com/trends/explore?date=2018-01-01%202026-08-09&geo=FR&q=glass%20skin&hl=en,글래스 스킨 · 소비양식 문법 · 프랑스(fr) 외래어,,'glass skin' 은 한국 기원이나 글로벌 뷰티 용어로 확산돼 도메인 귀속이 약하다,글래스 스킨 · TOPIC 후보,KCONSUMER_COMPOSED_V1
FR|KBEAUTY|KBEAUTY_E01,FR,KBEAUTY,KBEAUTY_E01,,keyword,sérum coréen,,fr,EXPORT_REFERENCED,RULE_SELECTED,PENDING_EMPIRICAL,UNKNOWN,PENDING,NOT_YET_TESTED,PENDING_DOM_EXTRACTION,,COMPOSED,,,,,,N/A,,ORIGIN-NOUN-COMPOSED-1.0,NOT_REQUIRED,,PENDING_EMPIRICAL_VALIDATION,,,,,,https://trends.google.com/trends/explore?date=2018-01-01%202026-08-09&geo=FR&q=s%C3%A9rum%20cor%C3%A9en&hl=en,세럼·에센스 · 수출 참고 HS 330499 · 프랑스(fr) 조합,,,세럼·에센스,KCONSUMER_COMPOSED_V1
FR|KBEAUTY|KBEAUTY_E02,FR,KBEAUTY,KBEAUTY_E02,,keyword,masque en tissu coréen,,fr,EXPORT_REFERENCED,RULE_SELECTED,PENDING_EMPIRICAL,UNKNOWN,PENDING,NOT_YET_TESTED,PENDING_DOM_EXTRACTION,,COMPOSED,,,,,,N/A,,ORIGIN-NOUN-COMPOSED-1.0,NOT_REQUIRED,,PENDING_EMPIRICAL_VALIDATION,,,,,,https://trends.google.com/trends/explore?date=2018-01-01%202026-08-09&geo=FR&q=masque%20en%20tissu%20cor%C3%A9en&hl=en,시트마스크 · 수출 참고 HS 330499 · 프랑스(fr) 조합,,,시트마스크,KCONSUMER_COMPOSED_V1
FR|KBEAUTY|KBEAUTY_E03,FR,KBEAUTY,KBEAUTY_E03,,keyword,crème solaire coréenne,,fr,EXPORT_REFERENCED,RULE_SELECTED,PENDING_EMPIRICAL,UNKNOWN,PENDING,NOT_YET_TESTED,PENDING_DOM_EXTRACTION,,COMPOSED,,,,,,N/A,,ORIGIN-NOUN-COMPOSED-1.0,NOT_REQUIRED,,PENDING_EMPIRICAL_VALIDATION,,,,,,https://trends.google.com/trends/explore?date=2018-01-01%202026-08-09&geo=FR&q=cr%C3%A8me%20solaire%20cor%C3%A9enne&hl=en,선크림 · 수출 참고 HS 330499 · 프랑스(fr) 조합,,,선크림,KCONSUMER_COMPOSED_V1
FR|KBEAUTY|KBEAUTY_E04,FR,KBEAUTY,KBEAUTY_E04,,keyword,fond de teint cushion coréen,,fr,EXPORT_REFERENCED,RULE_SELECTED,PENDING_EMPIRICAL,UNKNOWN,PENDING,NOT_YET_TESTED,PENDING_DOM_EXTRACTION,,COMPOSED,,,,,,N/A,,ORIGIN-NOUN-COMPOSED-1.0,NOT_REQUIRED,,PENDING_EMPIRICAL_VALIDATION,,,,,,https://trends.google.com/trends/explore?date=2018-01-01%202026-08-09&geo=FR&q=fond%20de%20teint%20cushion%20cor%C3%A9en&hl=en,쿠션 파운데이션 · 수출 참고 HS 330491·961620 · 프랑스(fr) 조합,,쿠션은 한국이 만든 제형이라 원산지 수식 없이도 한국 신호일 수 있다 — 수식어를 붙여 과소측정될 위험,쿠션 파운데이션,KCONSUMER_COMPOSED_V1
FR|KBEAUTY|KBEAUTY_E05,FR,KBEAUTY,KBEAUTY_E05,,keyword,lip tint coréen,,fr,EXPORT_REFERENCED,RULE_SELECTED,PENDING_EMPIRICAL,UNKNOWN,PENDING,NOT_YET_TESTED,PENDING_DOM_EXTRACTION,,COMPOSED,,,,,,N/A,,ORIGIN-NOUN-COMPOSED-1.0,NOT_REQUIRED,,PENDING_EMPIRICAL_VALIDATION,,,,,,https://trends.google.com/trends/explore?date=2018-01-01%202026-08-09&geo=FR&q=lip%20tint%20cor%C3%A9en&hl=en,립틴트 · 수출 참고 HS 330410 · 프랑스(fr) 조합,,,립틴트,KCONSUMER_COMPOSED_V1
FR|KBEAUTY|KBEAUTY_E06,FR,KBEAUTY,KBEAUTY_E06,,keyword,nettoyant visage coréen,,fr,EXPORT_REFERENCED,RULE_SELECTED,PENDING_EMPIRICAL,UNKNOWN,PENDING,NOT_YET_TESTED,PENDING_DOM_EXTRACTION,,COMPOSED,,,,,,N/A,,ORIGIN-NOUN-COMPOSED-1.0,NOT_REQUIRED,,PENDING_EMPIRICAL_VALIDATION,,,,,,https://trends.google.com/trends/explore?date=2018-01-01%202026-08-09&geo=FR&q=nettoyant%20visage%20cor%C3%A9en&hl=en,클렌징 · 수출 참고 HS 340130 · 프랑스(fr) 조합,,,클렌징,KCONSUMER_COMPOSED_V1
FR|KBEAUTY|KBEAUTY_E07,FR,KBEAUTY,KBEAUTY_E07,,keyword,soin capillaire coréen,,fr,EXPORT_REFERENCED,RULE_SELECTED,PENDING_EMPIRICAL,UNKNOWN,PENDING,NOT_YET_TESTED,PENDING_DOM_EXTRACTION,,COMPOSED,,,,,,N/A,,ORIGIN-NOUN-COMPOSED-1.0,NOT_REQUIRED,,PENDING_EMPIRICAL_VALIDATION,,,,,,https://trends.google.com/trends/explore?date=2018-01-01%202026-08-09&geo=FR&q=soin%20capillaire%20cor%C3%A9en&hl=en,헤어케어 · 수출 참고 HS 330590·330510 · 프랑스(fr) 조합,,,헤어케어,KCONSUMER_COMPOSED_V1
FR|KBEAUTY|KBEAUTY_E08,FR,KBEAUTY,KBEAUTY_E08,,keyword,parfum coréen,,fr,EXPORT_REFERENCED,RULE_SELECTED,PENDING_EMPIRICAL,UNKNOWN,PENDING,NOT_YET_TESTED,PENDING_DOM_EXTRACTION,,COMPOSED,,,,,,N/A,,ORIGIN-NOUN-COMPOSED-1.0,NOT_REQUIRED,,PENDING_EMPIRICAL_VALIDATION,,,,,,https://trends.google.com/trends/explore?date=2018-01-01%202026-08-09&geo=FR&q=parfum%20cor%C3%A9en&hl=en,향수 · 수출 참고 HS 330300·330790 · 프랑스(fr) 조합,,,향수,KCONSUMER_COMPOSED_V1
FR|KBEAUTY|KBEAUTY_P01,FR,KBEAUTY,KBEAUTY_P01,,keyword,cosmétiques japonais,,fr,MODE_GRAMMAR,RULE_SELECTED,PENDING_EMPIRICAL,UNKNOWN,PENDING,NOT_YET_TESTED,PENDING_TOPIC_EXTRACTION,,COMPOSED,,,,,,N/A,,ORIGIN-NOUN-COMPOSED-1.0,NOT_REQUIRED,,PENDING_EMPIRICAL_VALIDATION,,,,,,https://trends.google.com/trends/explore?date=2018-01-01%202026-08-09&geo=FR&q=cosm%C3%A9tiques%20japonais&hl=en,[위약] 일본 화장품 · 소비양식 문법 · 프랑스(fr) 조합,,,[위약] 일본 화장품 · TOPIC 후보,KCONSUMER_COMPOSED_V1
FR|KFASHION|KFASHION_G01,FR,KFASHION,KFASHION_G01,,keyword,mode coréenne,,fr,MODE_GRAMMAR,RULE_SELECTED,PENDING_EMPIRICAL,UNKNOWN,PENDING,NOT_YET_TESTED,PENDING_TOPIC_EXTRACTION,,COMPOSED,,,,,,N/A,,ORIGIN-NOUN-COMPOSED-1.0,NOT_REQUIRED,,PENDING_EMPIRICAL_VALIDATION,,,,,,https://trends.google.com/trends/explore?date=2018-01-01%202026-08-09&geo=FR&q=mode%20cor%C3%A9enne&hl=en,한국 패션 · 소비양식 문법 · 프랑스(fr) 조합,,,한국 패션 · TOPIC 후보,KCONSUMER_COMPOSED_V1
FR|KFASHION|KFASHION_G02,FR,KFASHION,KFASHION_G02,,keyword,K-fashion,,fr,MODE_GRAMMAR,RULE_SELECTED,PENDING_EMPIRICAL,UNKNOWN,PENDING,NOT_YET_TESTED,PENDING_TOPIC_EXTRACTION,,ATOMIC_LEXEME,,,,,,N/A,,ATOMIC-LEXEME-1.0,NOT_REQUIRED,,PENDING_EMPIRICAL_VALIDATION,,,,,,https://trends.google.com/trends/explore?date=2018-01-01%202026-08-09&geo=FR&q=K-fashion&hl=en,K-fashion · 소비양식 문법 · 프랑스(fr) 외래어,,,K-fashion · TOPIC 후보,KCONSUMER_COMPOSED_V1
FR|KFASHION|KFASHION_G03,FR,KFASHION,KFASHION_G03,,keyword,style coréen,,fr,MODE_GRAMMAR,RULE_SELECTED,PENDING_EMPIRICAL,UNKNOWN,PENDING,NOT_YET_TESTED,PENDING_DOM_EXTRACTION,,COMPOSED,,,,,,N/A,,ORIGIN-NOUN-COMPOSED-1.0,NOT_REQUIRED,,PENDING_EMPIRICAL_VALIDATION,,,,,,https://trends.google.com/trends/explore?date=2018-01-01%202026-08-09&geo=FR&q=style%20cor%C3%A9en&hl=en,한국 스타일 코디 · 소비양식 문법 · 프랑스(fr) 조합,,,한국 스타일 코디,KCONSUMER_COMPOSED_V1
FR|KFASHION|KFASHION_G04,FR,KFASHION,KFASHION_G04,,keyword,marque de mode coréenne,,fr,MODE_GRAMMAR,RULE_SELECTED,PENDING_EMPIRICAL,UNKNOWN,PENDING,NOT_YET_TESTED,PENDING_DOM_EXTRACTION,,COMPOSED,,,,,,N/A,,ORIGIN-NOUN-COMPOSED-1.0,NOT_REQUIRED,,PENDING_EMPIRICAL_VALIDATION,,,,,,https://trends.google.com/trends/explore?date=2018-01-01%202026-08-09&geo=FR&q=marque%20de%20mode%20cor%C3%A9enne&hl=en,한국 패션 브랜드 · 소비양식 문법 · 프랑스(fr) 조합,,,한국 패션 브랜드,KCONSUMER_COMPOSED_V1
FR|KFASHION|KFASHION_G05,FR,KFASHION,KFASHION_G05,,keyword,mode idol coréenne,,fr,MODE_GRAMMAR,RULE_SELECTED,PENDING_EMPIRICAL,UNKNOWN,PENDING,NOT_YET_TESTED,PENDING_DOM_EXTRACTION,,COMPOSED,,,,,,N/A,,ORIGIN-NOUN-COMPOSED-1.0,NOT_REQUIRED,,PENDING_EMPIRICAL_VALIDATION,,,,,,https://trends.google.com/trends/explore?date=2018-01-01%202026-08-09&geo=FR&q=mode%20idol%20cor%C3%A9enne&hl=en,아이돌 패션 · 소비양식 문법 · 프랑스(fr) 조합,,아이돌 패션은 K-Pop 도메인과 겹친다. KPOP 계열과의 상관을 먼저 확인할 것,아이돌 패션,KCONSUMER_COMPOSED_V1
FR|KFASHION|KFASHION_G06,FR,KFASHION,KFASHION_G06,,keyword,streetwear coréen,,fr,MODE_GRAMMAR,RULE_SELECTED,PENDING_EMPIRICAL,UNKNOWN,PENDING,NOT_YET_TESTED,PENDING_DOM_EXTRACTION,,COMPOSED,,,,,,N/A,,ORIGIN-NOUN-COMPOSED-1.0,NOT_REQUIRED,,PENDING_EMPIRICAL_VALIDATION,,,,,,https://trends.google.com/trends/explore?date=2018-01-01%202026-08-09&geo=FR&q=streetwear%20cor%C3%A9en&hl=en,한국 스트릿웨어 · 소비양식 문법 · 프랑스(fr) 조합,,,한국 스트릿웨어,KCONSUMER_COMPOSED_V1
FR|KFASHION|KFASHION_G07,FR,KFASHION,KFASHION_G07,,keyword,boutique de vêtements en ligne coréenne,,fr,MODE_GRAMMAR,RULE_SELECTED,PENDING_EMPIRICAL,UNKNOWN,PENDING,NOT_YET_TESTED,PENDING_DOM_EXTRACTION,,COMPOSED,,,,,,N/A,,ORIGIN-NOUN-COMPOSED-1.0,NOT_REQUIRED,,PENDING_EMPIRICAL_VALIDATION,,,,,,https://trends.google.com/trends/explore?date=2018-01-01%202026-08-09&geo=FR&q=boutique%20de%20v%C3%AAtements%20en%20ligne%20cor%C3%A9enne&hl=en,한국 옷 쇼핑몰 · 소비양식 문법 · 프랑스(fr) 조합,,'한국 옷 쇼핑몰'은 플랫폼 브랜드명(무신사 등)으로 검색이 분산될 수 있음,한국 옷 쇼핑몰,KCONSUMER_COMPOSED_V1
FR|KFASHION|KFASHION_E01,FR,KFASHION,KFASHION_E01,,keyword,sac coréen,,fr,EXPORT_REFERENCED,RULE_SELECTED,PENDING_EMPIRICAL,UNKNOWN,PENDING,NOT_YET_TESTED,PENDING_DOM_EXTRACTION,,COMPOSED,,,,,,N/A,,ORIGIN-NOUN-COMPOSED-1.0,NOT_REQUIRED,,PENDING_EMPIRICAL_VALIDATION,,,,,,https://trends.google.com/trends/explore?date=2018-01-01%202026-08-09&geo=FR&q=sac%20cor%C3%A9en&hl=en,가방 · 수출 참고 HS 420222·420221·420292 · 프랑스(fr) 조합,,,가방,KCONSUMER_COMPOSED_V1
FR|KFASHION|KFASHION_E02,FR,KFASHION,KFASHION_E02,,keyword,lunettes de soleil coréennes,,fr,EXPORT_REFERENCED,RULE_SELECTED,PENDING_EMPIRICAL,UNKNOWN,PENDING,NOT_YET_TESTED,PENDING_DOM_EXTRACTION,,COMPOSED,,,,,,N/A,,ORIGIN-NOUN-COMPOSED-1.0,NOT_REQUIRED,,PENDING_EMPIRICAL_VALIDATION,,,,,,https://trends.google.com/trends/explore?date=2018-01-01%202026-08-09&geo=FR&q=lunettes%20de%20soleil%20cor%C3%A9ennes&hl=en,선글라스 · 수출 참고 HS 900410 · 프랑스(fr) 조합,,,선글라스,KCONSUMER_COMPOSED_V1
FR|KFASHION|KFASHION_E03,FR,KFASHION,KFASHION_E03,,keyword,baskets coréennes,,fr,EXPORT_REFERENCED,RULE_SELECTED,PENDING_EMPIRICAL,UNKNOWN,PENDING,NOT_YET_TESTED,PENDING_DOM_EXTRACTION,,COMPOSED,,,,,,N/A,,ORIGIN-NOUN-COMPOSED-1.0,NOT_REQUIRED,,PENDING_EMPIRICAL_VALIDATION,,,,,,https://trends.google.com/trends/explore?date=2018-01-01%202026-08-09&geo=FR&q=baskets%20cor%C3%A9ennes&hl=en,스니커즈 · 수출 참고 HS 640411·640419 · 프랑스(fr) 조합,,,스니커즈,KCONSUMER_COMPOSED_V1
FR|KFASHION|KFASHION_E04,FR,KFASHION,KFASHION_E04,,keyword,t-shirt coréen,,fr,EXPORT_REFERENCED,RULE_SELECTED,PENDING_EMPIRICAL,UNKNOWN,PENDING,NOT_YET_TESTED,PENDING_DOM_EXTRACTION,,COMPOSED,,,,,,N/A,,ORIGIN-NOUN-COMPOSED-1.0,NOT_REQUIRED,,PENDING_EMPIRICAL_VALIDATION,,,,,,https://trends.google.com/trends/explore?date=2018-01-01%202026-08-09&geo=FR&q=t-shirt%20cor%C3%A9en&hl=en,티셔츠 · 수출 참고 HS 610910·610990 · 프랑스(fr) 조합,,,티셔츠,KCONSUMER_COMPOSED_V1
FR|KFASHION|KFASHION_E05,FR,KFASHION,KFASHION_E05,,keyword,bijoux coréens,,fr,EXPORT_REFERENCED,RULE_SELECTED,PENDING_EMPIRICAL,UNKNOWN,PENDING,NOT_YET_TESTED,PENDING_DOM_EXTRACTION,,COMPOSED,,,,,,N/A,,ORIGIN-NOUN-COMPOSED-1.0,NOT_REQUIRED,,PENDING_EMPIRICAL_VALIDATION,,,,,,https://trends.google.com/trends/explore?date=2018-01-01%202026-08-09&geo=FR&q=bijoux%20cor%C3%A9ens&hl=en,주얼리 · 수출 참고 HS 711319·711719 · 프랑스(fr) 조합,,주얼리 대역의 L1 대응 품목 711319 는 금 시세에 좌우된다 — L1 과 L3 의 괴리가 클 것으로 예상,주얼리,KCONSUMER_COMPOSED_V1
FR|KFASHION|KFASHION_E06,FR,KFASHION,KFASHION_E06,,keyword,chapeau coréen,,fr,EXPORT_REFERENCED,RULE_SELECTED,PENDING_EMPIRICAL,UNKNOWN,PENDING,NOT_YET_TESTED,PENDING_DOM_EXTRACTION,,COMPOSED,,,,,,N/A,,ORIGIN-NOUN-COMPOSED-1.0,NOT_REQUIRED,,PENDING_EMPIRICAL_VALIDATION,,,,,,https://trends.google.com/trends/explore?date=2018-01-01%202026-08-09&geo=FR&q=chapeau%20cor%C3%A9en&hl=en,모자 · 수출 참고 HS 650500 · 프랑스(fr) 조합,,,모자,KCONSUMER_COMPOSED_V1
FR|KFASHION|KFASHION_E07,FR,KFASHION,KFASHION_E07,,keyword,manteau coréen,,fr,EXPORT_REFERENCED,RULE_SELECTED,PENDING_EMPIRICAL,UNKNOWN,PENDING,NOT_YET_TESTED,PENDING_DOM_EXTRACTION,,COMPOSED,,,,,,N/A,,ORIGIN-NOUN-COMPOSED-1.0,NOT_REQUIRED,,PENDING_EMPIRICAL_VALIDATION,,,,,,https://trends.google.com/trends/explore?date=2018-01-01%202026-08-09&geo=FR&q=manteau%20cor%C3%A9en&hl=en,아우터 · 수출 참고 HS 620240 · 프랑스(fr) 조합,,,아우터,KCONSUMER_COMPOSED_V1
FR|KFASHION|KFASHION_P01,FR,KFASHION,KFASHION_P01,,keyword,mode japonaise,,fr,MODE_GRAMMAR,RULE_SELECTED,PENDING_EMPIRICAL,UNKNOWN,PENDING,NOT_YET_TESTED,PENDING_TOPIC_EXTRACTION,,COMPOSED,,,,,,N/A,,ORIGIN-NOUN-COMPOSED-1.0,NOT_REQUIRED,,PENDING_EMPIRICAL_VALIDATION,,,,,,https://trends.google.com/trends/explore?date=2018-01-01%202026-08-09&geo=FR&q=mode%20japonaise&hl=en,[위약] 일본 패션 · 소비양식 문법 · 프랑스(fr) 조합,,,[위약] 일본 패션 · TOPIC 후보,KCONSUMER_COMPOSED_V1
FR|KFASHION|KFASHION_P02,FR,KFASHION,KFASHION_P02,,keyword,mode italienne,,fr,MODE_GRAMMAR,RULE_SELECTED,PENDING_EMPIRICAL,UNKNOWN,PENDING,NOT_YET_TESTED,PENDING_TOPIC_EXTRACTION,,COMPOSED,,,,,,N/A,,ORIGIN-NOUN-COMPOSED-1.0,NOT_REQUIRED,,PENDING_EMPIRICAL_VALIDATION,,,,,,https://trends.google.com/trends/explore?date=2018-01-01%202026-08-09&geo=FR&q=mode%20italienne&hl=en,[위약] 이탈리아 패션 · 소비양식 문법 · 프랑스(fr) 조합,,,[위약] 이탈리아 패션 · TOPIC 후보,KCONSUMER_COMPOSED_V1
DE|KFOOD|KFOOD_G01,DE,KFOOD,KFOOD_G01,,keyword,koreanisches Essen,,de,MODE_GRAMMAR,RULE_SELECTED,PENDING_EMPIRICAL,UNKNOWN,PENDING,NOT_YET_TESTED,PENDING_TOPIC_EXTRACTION,,COMPOSED,,,,,,N/A,,ORIGIN-NOUN-COMPOSED-1.0,NOT_REQUIRED,,PENDING_EMPIRICAL_VALIDATION,,,,,,https://trends.google.com/trends/explore?date=2018-01-01%202026-08-09&geo=DE&q=koreanisches%20Essen&hl=en,한국 음식 · 소비양식 문법 · 독일(de) 조합,,,한국 음식 · TOPIC 후보,KCONSUMER_COMPOSED_V1
DE|KFOOD|KFOOD_G02,DE,KFOOD,KFOOD_G02,,keyword,K-food,,de,MODE_GRAMMAR,RULE_SELECTED,PENDING_EMPIRICAL,UNKNOWN,PENDING,NOT_YET_TESTED,PENDING_TOPIC_EXTRACTION,,ATOMIC_LEXEME,,,,,,N/A,,ATOMIC-LEXEME-1.0,NOT_REQUIRED,,PENDING_EMPIRICAL_VALIDATION,,,,,,https://trends.google.com/trends/explore?date=2018-01-01%202026-08-09&geo=DE&q=K-food&hl=en,K-food · 소비양식 문법 · 독일(de) 외래어,,,K-food · TOPIC 후보,KCONSUMER_COMPOSED_V1
DE|KFOOD|KFOOD_G03,DE,KFOOD,KFOOD_G03,,keyword,koreanisches Rezept,,de,MODE_GRAMMAR,RULE_SELECTED,PENDING_EMPIRICAL,UNKNOWN,PENDING,NOT_YET_TESTED,PENDING_DOM_EXTRACTION,,COMPOSED,,,,,,N/A,,ORIGIN-NOUN-COMPOSED-1.0,NOT_REQUIRED,,PENDING_EMPIRICAL_VALIDATION,,,,,,https://trends.google.com/trends/explore?date=2018-01-01%202026-08-09&geo=DE&q=koreanisches%20Rezept&hl=en,한국 요리법 · 소비양식 문법 · 독일(de) 조합,,,한국 요리법,KCONSUMER_COMPOSED_V1
DE|KFOOD|KFOOD_G04,DE,KFOOD,KFOOD_G04,,keyword,koreanisches Restaurant,,de,MODE_GRAMMAR,RULE_SELECTED,PENDING_EMPIRICAL,UNKNOWN,PENDING,NOT_YET_TESTED,PENDING_DOM_EXTRACTION,,COMPOSED,,,,,,N/A,,ORIGIN-NOUN-COMPOSED-1.0,NOT_REQUIRED,,PENDING_EMPIRICAL_VALIDATION,,,,,,https://trends.google.com/trends/explore?date=2018-01-01%202026-08-09&geo=DE&q=koreanisches%20Restaurant&hl=en,한식당 · 소비양식 문법 · 독일(de) 조합,,,한식당,KCONSUMER_COMPOSED_V1
DE|KFOOD|KFOOD_G05,DE,KFOOD,KFOOD_G05,,keyword,mukbang,,de,MODE_GRAMMAR,RULE_SELECTED,PENDING_EMPIRICAL,UNKNOWN,PENDING,NOT_YET_TESTED,PENDING_TOPIC_EXTRACTION,,ATOMIC_LEXEME,,,,,,N/A,,ATOMIC-LEXEME-1.0,NOT_REQUIRED,,PENDING_EMPIRICAL_VALIDATION,,,,,,https://trends.google.com/trends/explore?date=2018-01-01%202026-08-09&geo=DE&q=mukbang&hl=en,먹방 · 소비양식 문법 · 독일(de) 외래어,,먹방은 한국 기원어지만 이미 국제 장르명이 되어 비한국 콘텐츠를 포함한다 — 도메인 귀속이 약해지는 방향,먹방 · TOPIC 후보,KCONSUMER_COMPOSED_V1
DE|KFOOD|KFOOD_G06,DE,KFOOD,KFOOD_G06,,keyword,koreanisches Streetfood,,de,MODE_GRAMMAR,RULE_SELECTED,PENDING_EMPIRICAL,UNKNOWN,PENDING,NOT_YET_TESTED,PENDING_DOM_EXTRACTION,,COMPOSED,,,,,,N/A,,ORIGIN-NOUN-COMPOSED-1.0,NOT_REQUIRED,,PENDING_EMPIRICAL_VALIDATION,,,,,,https://trends.google.com/trends/explore?date=2018-01-01%202026-08-09&geo=DE&q=koreanisches%20Streetfood&hl=en,한국 길거리음식 · 소비양식 문법 · 독일(de) 조합,,,한국 길거리음식,KCONSUMER_COMPOSED_V1
DE|KFOOD|KFOOD_E01,DE,KFOOD,KFOOD_E01,,keyword,kimchi,,de,EXPORT_REFERENCED,RULE_SELECTED,PENDING_EMPIRICAL,UNKNOWN,PENDING,NOT_YET_TESTED,PENDING_TOPIC_EXTRACTION,,ATOMIC_LEXEME,,,,,,N/A,,ATOMIC-LEXEME-1.0,NOT_REQUIRED,,PENDING_EMPIRICAL_VALIDATION,,,,,,https://trends.google.com/trends/explore?date=2018-01-01%202026-08-09&geo=DE&q=kimchi&hl=en,김치 · 수출 참고 HS 200599 · 독일(de) 외래어,,일본은 자국산 김치를 대량 생산해 JP 신호에 국산 수요가 섞인다,김치 · TOPIC 후보,KCONSUMER_COMPOSED_V1
DE|KFOOD|KFOOD_E02,DE,KFOOD,KFOOD_E02,,keyword,koreanische Ramen,,de,EXPORT_REFERENCED,RULE_SELECTED,PENDING_EMPIRICAL,UNKNOWN,PENDING,NOT_YET_TESTED,PENDING_TOPIC_EXTRACTION,,COMPOSED,,,,,,N/A,,ORIGIN-NOUN-COMPOSED-1.0,NOT_REQUIRED,,PENDING_EMPIRICAL_VALIDATION,,,,,,https://trends.google.com/trends/explore?date=2018-01-01%202026-08-09&geo=DE&q=koreanische%20Ramen&hl=en,라면 · 수출 참고 HS 190230 · 독일(de) 조합,,'ramen' 단독은 일식이다. 전 언어에서 한국 수식어를 붙였으나 그만큼 검색량이 줄어 과소측정 가능,라면 · TOPIC 후보,KCONSUMER_COMPOSED_V1
DE|KFOOD|KFOOD_E03,DE,KFOOD,KFOOD_E03,,keyword,soju,,de,EXPORT_REFERENCED,RULE_SELECTED,PENDING_EMPIRICAL,UNKNOWN,PENDING,NOT_YET_TESTED,PENDING_TOPIC_EXTRACTION,,ATOMIC_LEXEME,,,,,,N/A,,ATOMIC-LEXEME-1.0,NOT_REQUIRED,,PENDING_EMPIRICAL_VALIDATION,,,,,,https://trends.google.com/trends/explore?date=2018-01-01%202026-08-09&geo=DE&q=soju&hl=en,소주 · 수출 참고 HS 220890·220870 · 독일(de) 외래어,,일본어 焼酎 는 일본 소주다. 韓国焼酎 로 한정했으나 ソジュ 표기와 분산될 수 있음,소주 · TOPIC 후보,KCONSUMER_COMPOSED_V1
DE|KFOOD|KFOOD_E04,DE,KFOOD,KFOOD_E04,,keyword,tteokbokki,,de,MODE_GRAMMAR,RULE_SELECTED,PENDING_EMPIRICAL,UNKNOWN,PENDING,NOT_YET_TESTED,PENDING_TOPIC_EXTRACTION,,ATOMIC_LEXEME,,,,,,N/A,,ATOMIC-LEXEME-1.0,NOT_REQUIRED,,PENDING_EMPIRICAL_VALIDATION,,,,,,https://trends.google.com/trends/explore?date=2018-01-01%202026-08-09&geo=DE&q=tteokbokki&hl=en,떡볶이 · 소비양식 문법 · 독일(de) 외래어,,,떡볶이 · TOPIC 후보,KCONSUMER_COMPOSED_V1
DE|KFOOD|KFOOD_E05,DE,KFOOD,KFOOD_E05,,keyword,koreanisches Fried Chicken,,de,MODE_GRAMMAR,RULE_SELECTED,PENDING_EMPIRICAL,UNKNOWN,PENDING,NOT_YET_TESTED,PENDING_DOM_EXTRACTION,,COMPOSED,,,,,,N/A,,ORIGIN-NOUN-COMPOSED-1.0,NOT_REQUIRED,,PENDING_EMPIRICAL_VALIDATION,,,,,,https://trends.google.com/trends/explore?date=2018-01-01%202026-08-09&geo=DE&q=koreanisches%20Fried%20Chicken&hl=en,한국 치킨 · 소비양식 문법 · 독일(de) 조합,,,한국 치킨,KCONSUMER_COMPOSED_V1
DE|KFOOD|KFOOD_E06,DE,KFOOD,KFOOD_E06,,keyword,koreanische Snacks,,de,EXPORT_REFERENCED,RULE_SELECTED,PENDING_EMPIRICAL,UNKNOWN,PENDING,NOT_YET_TESTED,PENDING_DOM_EXTRACTION,,COMPOSED,,,,,,N/A,,ORIGIN-NOUN-COMPOSED-1.0,NOT_REQUIRED,,PENDING_EMPIRICAL_VALIDATION,,,,,,https://trends.google.com/trends/explore?date=2018-01-01%202026-08-09&geo=DE&q=koreanische%20Snacks&hl=en,한국 과자 · 수출 참고 HS 190590·170490 · 독일(de) 조합,,,한국 과자,KCONSUMER_COMPOSED_V1
DE|KFOOD|KFOOD_E07,DE,KFOOD,KFOOD_E07,,keyword,koreanische Algen,,de,EXPORT_REFERENCED,RULE_SELECTED,PENDING_EMPIRICAL,UNKNOWN,PENDING,NOT_YET_TESTED,PENDING_DOM_EXTRACTION,,COMPOSED,,,,,,N/A,,ORIGIN-NOUN-COMPOSED-1.0,NOT_REQUIRED,,PENDING_EMPIRICAL_VALIDATION,,,,,,https://trends.google.com/trends/explore?date=2018-01-01%202026-08-09&geo=DE&q=koreanische%20Algen&hl=en,김 · 수출 참고 HS 121221 · 독일(de) 조합,,일본어 のり 단독은 일본산 김. 韓国のり 로 한정,김,KCONSUMER_COMPOSED_V1
DE|KFOOD|KFOOD_E08,DE,KFOOD,KFOOD_E08,,keyword,gochujang,,de,EXPORT_REFERENCED,RULE_SELECTED,PENDING_EMPIRICAL,UNKNOWN,PENDING,NOT_YET_TESTED,PENDING_TOPIC_EXTRACTION,,ATOMIC_LEXEME,,,,,,N/A,,ATOMIC-LEXEME-1.0,NOT_REQUIRED,,PENDING_EMPIRICAL_VALIDATION,,,,,,https://trends.google.com/trends/explore?date=2018-01-01%202026-08-09&geo=DE&q=gochujang&hl=en,고추장 · 수출 참고 HS 210390 · 독일(de) 외래어,,,고추장 · TOPIC 후보,KCONSUMER_COMPOSED_V1
DE|KFOOD|KFOOD_E09,DE,KFOOD,KFOOD_E09,,keyword,koreanischer Ginseng,,de,EXPORT_REFERENCED,RULE_SELECTED,PENDING_EMPIRICAL,UNKNOWN,PENDING,NOT_YET_TESTED,PENDING_TOPIC_EXTRACTION,,ATOMIC_LEXEME,,,,,,N/A,,ATOMIC-LEXEME-1.0,NOT_REQUIRED,,PENDING_EMPIRICAL_VALIDATION,,,,,,https://trends.google.com/trends/explore?date=2018-01-01%202026-08-09&geo=DE&q=koreanischer%20Ginseng&hl=en,인삼 · 수출 참고 HS 121120 · 독일(de) 외래어,,,인삼 · TOPIC 후보,KCONSUMER_COMPOSED_V1
DE|KFOOD|KFOOD_P01,DE,KFOOD,KFOOD_P01,,keyword,japanisches Essen,,de,MODE_GRAMMAR,RULE_SELECTED,PENDING_EMPIRICAL,UNKNOWN,PENDING,NOT_YET_TESTED,PENDING_TOPIC_EXTRACTION,,COMPOSED,,,,,,N/A,,ORIGIN-NOUN-COMPOSED-1.0,NOT_REQUIRED,,PENDING_EMPIRICAL_VALIDATION,,,,,,https://trends.google.com/trends/explore?date=2018-01-01%202026-08-09&geo=DE&q=japanisches%20Essen&hl=en,[위약] 일식 · 소비양식 문법 · 독일(de) 조합,,위약이지만 한식·일식은 대체재이자 보완재라 부호가 양쪽 다 가능 — 계수 부호까지 함께 볼 것,[위약] 일식 · TOPIC 후보,KCONSUMER_COMPOSED_V1
DE|KFOOD|KFOOD_P02,DE,KFOOD,KFOOD_P02,,keyword,chinesisches Essen,,de,MODE_GRAMMAR,RULE_SELECTED,PENDING_EMPIRICAL,UNKNOWN,PENDING,NOT_YET_TESTED,PENDING_TOPIC_EXTRACTION,,COMPOSED,,,,,,N/A,,ORIGIN-NOUN-COMPOSED-1.0,NOT_REQUIRED,,PENDING_EMPIRICAL_VALIDATION,,,,,,https://trends.google.com/trends/explore?date=2018-01-01%202026-08-09&geo=DE&q=chinesisches%20Essen&hl=en,[위약] 중식 · 소비양식 문법 · 독일(de) 조합,,,[위약] 중식 · TOPIC 후보,KCONSUMER_COMPOSED_V1
DE|KFOOD|KFOOD_P03,DE,KFOOD,KFOOD_P03,,keyword,thailändisches Essen,,de,MODE_GRAMMAR,RULE_SELECTED,PENDING_EMPIRICAL,UNKNOWN,PENDING,NOT_YET_TESTED,PENDING_TOPIC_EXTRACTION,,COMPOSED,,,,,,N/A,,ORIGIN-NOUN-COMPOSED-1.0,NOT_REQUIRED,,PENDING_EMPIRICAL_VALIDATION,,,,,,https://trends.google.com/trends/explore?date=2018-01-01%202026-08-09&geo=DE&q=thail%C3%A4ndisches%20Essen&hl=en,[위약] 태국음식 · 소비양식 문법 · 독일(de) 조합,,,[위약] 태국음식 · TOPIC 후보,KCONSUMER_COMPOSED_V1
DE|KBEAUTY|KBEAUTY_G01,DE,KBEAUTY,KBEAUTY_G01,,keyword,koreanische Kosmetik,,de,MODE_GRAMMAR,RULE_SELECTED,PENDING_EMPIRICAL,UNKNOWN,PENDING,NOT_YET_TESTED,PENDING_TOPIC_EXTRACTION,,COMPOSED,,,,,,N/A,,ORIGIN-NOUN-COMPOSED-1.0,NOT_REQUIRED,,PENDING_EMPIRICAL_VALIDATION,,,,,,https://trends.google.com/trends/explore?date=2018-01-01%202026-08-09&geo=DE&q=koreanische%20Kosmetik&hl=en,한국 화장품 · 소비양식 문법 · 독일(de) 조합,,,한국 화장품 · TOPIC 후보,KCONSUMER_COMPOSED_V1
DE|KBEAUTY|KBEAUTY_G02,DE,KBEAUTY,KBEAUTY_G02,,keyword,K-beauty,,de,MODE_GRAMMAR,RULE_SELECTED,PENDING_EMPIRICAL,UNKNOWN,PENDING,NOT_YET_TESTED,PENDING_TOPIC_EXTRACTION,,ATOMIC_LEXEME,,,,,,N/A,,ATOMIC-LEXEME-1.0,NOT_REQUIRED,,PENDING_EMPIRICAL_VALIDATION,,,,,,https://trends.google.com/trends/explore?date=2018-01-01%202026-08-09&geo=DE&q=K-beauty&hl=en,K-beauty · 소비양식 문법 · 독일(de) 외래어,,,K-beauty · TOPIC 후보,KCONSUMER_COMPOSED_V1
DE|KBEAUTY|KBEAUTY_G03,DE,KBEAUTY,KBEAUTY_G03,,keyword,koreanische Hautpflege Routine,,de,EXPORT_REFERENCED,RULE_SELECTED,PENDING_EMPIRICAL,UNKNOWN,PENDING,NOT_YET_TESTED,PENDING_DOM_EXTRACTION,,COMPOSED,,,,,,N/A,,ORIGIN-NOUN-COMPOSED-1.0,NOT_REQUIRED,,PENDING_EMPIRICAL_VALIDATION,,,,,,https://trends.google.com/trends/explore?date=2018-01-01%202026-08-09&geo=DE&q=koreanische%20Hautpflege%20Routine&hl=en,한국 스킨케어 루틴 · 수출 참고 HS 330499 · 독일(de) 조합,,,한국 스킨케어 루틴,KCONSUMER_COMPOSED_V1
DE|KBEAUTY|KBEAUTY_G04,DE,KBEAUTY,KBEAUTY_G04,,keyword,koreanische Kosmetikmarke,,de,MODE_GRAMMAR,RULE_SELECTED,PENDING_EMPIRICAL,UNKNOWN,PENDING,NOT_YET_TESTED,PENDING_DOM_EXTRACTION,,COMPOSED,,,,,,N/A,,ORIGIN-NOUN-COMPOSED-1.0,NOT_REQUIRED,,PENDING_EMPIRICAL_VALIDATION,,,,,,https://trends.google.com/trends/explore?date=2018-01-01%202026-08-09&geo=DE&q=koreanische%20Kosmetikmarke&hl=en,한국 화장품 브랜드 · 소비양식 문법 · 독일(de) 조합,,,한국 화장품 브랜드,KCONSUMER_COMPOSED_V1
DE|KBEAUTY|KBEAUTY_G05,DE,KBEAUTY,KBEAUTY_G05,,keyword,koreanisches Make-up Tutorial,,de,EXPORT_REFERENCED,RULE_SELECTED,PENDING_EMPIRICAL,UNKNOWN,PENDING,NOT_YET_TESTED,PENDING_DOM_EXTRACTION,,COMPOSED,,,,,,N/A,,ORIGIN-NOUN-COMPOSED-1.0,NOT_REQUIRED,,PENDING_EMPIRICAL_VALIDATION,,,,,,https://trends.google.com/trends/explore?date=2018-01-01%202026-08-09&geo=DE&q=koreanisches%20Make-up%20Tutorial&hl=en,한국 메이크업 · 수출 참고 HS 330410·330420 · 독일(de) 조합,,,한국 메이크업,KCONSUMER_COMPOSED_V1
DE|KBEAUTY|KBEAUTY_G06,DE,KBEAUTY,KBEAUTY_G06,,keyword,glass skin,,de,MODE_GRAMMAR,RULE_SELECTED,PENDING_EMPIRICAL,UNKNOWN,PENDING,NOT_YET_TESTED,PENDING_TOPIC_EXTRACTION,,ATOMIC_LEXEME,,,,,,N/A,,ATOMIC-LEXEME-1.0,NOT_REQUIRED,,PENDING_EMPIRICAL_VALIDATION,,,,,,https://trends.google.com/trends/explore?date=2018-01-01%202026-08-09&geo=DE&q=glass%20skin&hl=en,글래스 스킨 · 소비양식 문법 · 독일(de) 외래어,,'glass skin' 은 한국 기원이나 글로벌 뷰티 용어로 확산돼 도메인 귀속이 약하다,글래스 스킨 · TOPIC 후보,KCONSUMER_COMPOSED_V1
DE|KBEAUTY|KBEAUTY_E01,DE,KBEAUTY,KBEAUTY_E01,,keyword,koreanisches Serum,,de,EXPORT_REFERENCED,RULE_SELECTED,PENDING_EMPIRICAL,UNKNOWN,PENDING,NOT_YET_TESTED,PENDING_DOM_EXTRACTION,,COMPOSED,,,,,,N/A,,ORIGIN-NOUN-COMPOSED-1.0,NOT_REQUIRED,,PENDING_EMPIRICAL_VALIDATION,,,,,,https://trends.google.com/trends/explore?date=2018-01-01%202026-08-09&geo=DE&q=koreanisches%20Serum&hl=en,세럼·에센스 · 수출 참고 HS 330499 · 독일(de) 조합,,,세럼·에센스,KCONSUMER_COMPOSED_V1
DE|KBEAUTY|KBEAUTY_E02,DE,KBEAUTY,KBEAUTY_E02,,keyword,koreanische Tuchmaske,,de,EXPORT_REFERENCED,RULE_SELECTED,PENDING_EMPIRICAL,UNKNOWN,PENDING,NOT_YET_TESTED,PENDING_DOM_EXTRACTION,,COMPOSED,,,,,,N/A,,ORIGIN-NOUN-COMPOSED-1.0,NOT_REQUIRED,,PENDING_EMPIRICAL_VALIDATION,,,,,,https://trends.google.com/trends/explore?date=2018-01-01%202026-08-09&geo=DE&q=koreanische%20Tuchmaske&hl=en,시트마스크 · 수출 참고 HS 330499 · 독일(de) 조합,,,시트마스크,KCONSUMER_COMPOSED_V1
DE|KBEAUTY|KBEAUTY_E03,DE,KBEAUTY,KBEAUTY_E03,,keyword,koreanische Sonnencreme,,de,EXPORT_REFERENCED,RULE_SELECTED,PENDING_EMPIRICAL,UNKNOWN,PENDING,NOT_YET_TESTED,PENDING_DOM_EXTRACTION,,COMPOSED,,,,,,N/A,,ORIGIN-NOUN-COMPOSED-1.0,NOT_REQUIRED,,PENDING_EMPIRICAL_VALIDATION,,,,,,https://trends.google.com/trends/explore?date=2018-01-01%202026-08-09&geo=DE&q=koreanische%20Sonnencreme&hl=en,선크림 · 수출 참고 HS 330499 · 독일(de) 조합,,,선크림,KCONSUMER_COMPOSED_V1
DE|KBEAUTY|KBEAUTY_E04,DE,KBEAUTY,KBEAUTY_E04,,keyword,koreanische Cushion Foundation,,de,EXPORT_REFERENCED,RULE_SELECTED,PENDING_EMPIRICAL,UNKNOWN,PENDING,NOT_YET_TESTED,PENDING_DOM_EXTRACTION,,COMPOSED,,,,,,N/A,,ORIGIN-NOUN-COMPOSED-1.0,NOT_REQUIRED,,PENDING_EMPIRICAL_VALIDATION,,,,,,https://trends.google.com/trends/explore?date=2018-01-01%202026-08-09&geo=DE&q=koreanische%20Cushion%20Foundation&hl=en,쿠션 파운데이션 · 수출 참고 HS 330491·961620 · 독일(de) 조합,,쿠션은 한국이 만든 제형이라 원산지 수식 없이도 한국 신호일 수 있다 — 수식어를 붙여 과소측정될 위험,쿠션 파운데이션,KCONSUMER_COMPOSED_V1
DE|KBEAUTY|KBEAUTY_E05,DE,KBEAUTY,KBEAUTY_E05,,keyword,koreanischer Lip Tint,,de,EXPORT_REFERENCED,RULE_SELECTED,PENDING_EMPIRICAL,UNKNOWN,PENDING,NOT_YET_TESTED,PENDING_DOM_EXTRACTION,,COMPOSED,,,,,,N/A,,ORIGIN-NOUN-COMPOSED-1.0,NOT_REQUIRED,,PENDING_EMPIRICAL_VALIDATION,,,,,,https://trends.google.com/trends/explore?date=2018-01-01%202026-08-09&geo=DE&q=koreanischer%20Lip%20Tint&hl=en,립틴트 · 수출 참고 HS 330410 · 독일(de) 조합,,,립틴트,KCONSUMER_COMPOSED_V1
DE|KBEAUTY|KBEAUTY_E06,DE,KBEAUTY,KBEAUTY_E06,,keyword,koreanischer Reinigungsschaum,,de,EXPORT_REFERENCED,RULE_SELECTED,PENDING_EMPIRICAL,UNKNOWN,PENDING,NOT_YET_TESTED,PENDING_DOM_EXTRACTION,,COMPOSED,,,,,,N/A,,ORIGIN-NOUN-COMPOSED-1.0,NOT_REQUIRED,,PENDING_EMPIRICAL_VALIDATION,,,,,,https://trends.google.com/trends/explore?date=2018-01-01%202026-08-09&geo=DE&q=koreanischer%20Reinigungsschaum&hl=en,클렌징 · 수출 참고 HS 340130 · 독일(de) 조합,,,클렌징,KCONSUMER_COMPOSED_V1
DE|KBEAUTY|KBEAUTY_E07,DE,KBEAUTY,KBEAUTY_E07,,keyword,koreanische Haarpflege,,de,EXPORT_REFERENCED,RULE_SELECTED,PENDING_EMPIRICAL,UNKNOWN,PENDING,NOT_YET_TESTED,PENDING_DOM_EXTRACTION,,COMPOSED,,,,,,N/A,,ORIGIN-NOUN-COMPOSED-1.0,NOT_REQUIRED,,PENDING_EMPIRICAL_VALIDATION,,,,,,https://trends.google.com/trends/explore?date=2018-01-01%202026-08-09&geo=DE&q=koreanische%20Haarpflege&hl=en,헤어케어 · 수출 참고 HS 330590·330510 · 독일(de) 조합,,,헤어케어,KCONSUMER_COMPOSED_V1
DE|KBEAUTY|KBEAUTY_E08,DE,KBEAUTY,KBEAUTY_E08,,keyword,koreanisches Parfum,,de,EXPORT_REFERENCED,RULE_SELECTED,PENDING_EMPIRICAL,UNKNOWN,PENDING,NOT_YET_TESTED,PENDING_DOM_EXTRACTION,,COMPOSED,,,,,,N/A,,ORIGIN-NOUN-COMPOSED-1.0,NOT_REQUIRED,,PENDING_EMPIRICAL_VALIDATION,,,,,,https://trends.google.com/trends/explore?date=2018-01-01%202026-08-09&geo=DE&q=koreanisches%20Parfum&hl=en,향수 · 수출 참고 HS 330300·330790 · 독일(de) 조합,,,향수,KCONSUMER_COMPOSED_V1
DE|KBEAUTY|KBEAUTY_P01,DE,KBEAUTY,KBEAUTY_P01,,keyword,japanische Kosmetik,,de,MODE_GRAMMAR,RULE_SELECTED,PENDING_EMPIRICAL,UNKNOWN,PENDING,NOT_YET_TESTED,PENDING_TOPIC_EXTRACTION,,COMPOSED,,,,,,N/A,,ORIGIN-NOUN-COMPOSED-1.0,NOT_REQUIRED,,PENDING_EMPIRICAL_VALIDATION,,,,,,https://trends.google.com/trends/explore?date=2018-01-01%202026-08-09&geo=DE&q=japanische%20Kosmetik&hl=en,[위약] 일본 화장품 · 소비양식 문법 · 독일(de) 조합,,,[위약] 일본 화장품 · TOPIC 후보,KCONSUMER_COMPOSED_V1
DE|KBEAUTY|KBEAUTY_P02,DE,KBEAUTY,KBEAUTY_P02,,keyword,französische Kosmetik,,de,MODE_GRAMMAR,RULE_SELECTED,PENDING_EMPIRICAL,UNKNOWN,PENDING,NOT_YET_TESTED,PENDING_TOPIC_EXTRACTION,,COMPOSED,,,,,,N/A,,ORIGIN-NOUN-COMPOSED-1.0,NOT_REQUIRED,,PENDING_EMPIRICAL_VALIDATION,,,,,,https://trends.google.com/trends/explore?date=2018-01-01%202026-08-09&geo=DE&q=franz%C3%B6sische%20Kosmetik&hl=en,[위약] 프랑스 화장품 · 소비양식 문법 · 독일(de) 조합,,,[위약] 프랑스 화장품 · TOPIC 후보,KCONSUMER_COMPOSED_V1
DE|KFASHION|KFASHION_G01,DE,KFASHION,KFASHION_G01,,keyword,koreanische Mode,,de,MODE_GRAMMAR,RULE_SELECTED,PENDING_EMPIRICAL,UNKNOWN,PENDING,NOT_YET_TESTED,PENDING_TOPIC_EXTRACTION,,COMPOSED,,,,,,N/A,,ORIGIN-NOUN-COMPOSED-1.0,NOT_REQUIRED,,PENDING_EMPIRICAL_VALIDATION,,,,,,https://trends.google.com/trends/explore?date=2018-01-01%202026-08-09&geo=DE&q=koreanische%20Mode&hl=en,한국 패션 · 소비양식 문법 · 독일(de) 조합,,,한국 패션 · TOPIC 후보,KCONSUMER_COMPOSED_V1
DE|KFASHION|KFASHION_G02,DE,KFASHION,KFASHION_G02,,keyword,K-fashion,,de,MODE_GRAMMAR,RULE_SELECTED,PENDING_EMPIRICAL,UNKNOWN,PENDING,NOT_YET_TESTED,PENDING_TOPIC_EXTRACTION,,ATOMIC_LEXEME,,,,,,N/A,,ATOMIC-LEXEME-1.0,NOT_REQUIRED,,PENDING_EMPIRICAL_VALIDATION,,,,,,https://trends.google.com/trends/explore?date=2018-01-01%202026-08-09&geo=DE&q=K-fashion&hl=en,K-fashion · 소비양식 문법 · 독일(de) 외래어,,,K-fashion · TOPIC 후보,KCONSUMER_COMPOSED_V1
DE|KFASHION|KFASHION_G03,DE,KFASHION,KFASHION_G03,,keyword,koreanischer Stil,,de,MODE_GRAMMAR,RULE_SELECTED,PENDING_EMPIRICAL,UNKNOWN,PENDING,NOT_YET_TESTED,PENDING_DOM_EXTRACTION,,COMPOSED,,,,,,N/A,,ORIGIN-NOUN-COMPOSED-1.0,NOT_REQUIRED,,PENDING_EMPIRICAL_VALIDATION,,,,,,https://trends.google.com/trends/explore?date=2018-01-01%202026-08-09&geo=DE&q=koreanischer%20Stil&hl=en,한국 스타일 코디 · 소비양식 문법 · 독일(de) 조합,,,한국 스타일 코디,KCONSUMER_COMPOSED_V1
DE|KFASHION|KFASHION_G04,DE,KFASHION,KFASHION_G04,,keyword,koreanische Modemarke,,de,MODE_GRAMMAR,RULE_SELECTED,PENDING_EMPIRICAL,UNKNOWN,PENDING,NOT_YET_TESTED,PENDING_DOM_EXTRACTION,,COMPOSED,,,,,,N/A,,ORIGIN-NOUN-COMPOSED-1.0,NOT_REQUIRED,,PENDING_EMPIRICAL_VALIDATION,,,,,,https://trends.google.com/trends/explore?date=2018-01-01%202026-08-09&geo=DE&q=koreanische%20Modemarke&hl=en,한국 패션 브랜드 · 소비양식 문법 · 독일(de) 조합,,,한국 패션 브랜드,KCONSUMER_COMPOSED_V1
DE|KFASHION|KFASHION_G05,DE,KFASHION,KFASHION_G05,,keyword,koreanische Idol Mode,,de,MODE_GRAMMAR,RULE_SELECTED,PENDING_EMPIRICAL,UNKNOWN,PENDING,NOT_YET_TESTED,PENDING_DOM_EXTRACTION,,COMPOSED,,,,,,N/A,,ORIGIN-NOUN-COMPOSED-1.0,NOT_REQUIRED,,PENDING_EMPIRICAL_VALIDATION,,,,,,https://trends.google.com/trends/explore?date=2018-01-01%202026-08-09&geo=DE&q=koreanische%20Idol%20Mode&hl=en,아이돌 패션 · 소비양식 문법 · 독일(de) 조합,,아이돌 패션은 K-Pop 도메인과 겹친다. KPOP 계열과의 상관을 먼저 확인할 것,아이돌 패션,KCONSUMER_COMPOSED_V1
DE|KFASHION|KFASHION_G06,DE,KFASHION,KFASHION_G06,,keyword,koreanische Streetwear,,de,MODE_GRAMMAR,RULE_SELECTED,PENDING_EMPIRICAL,UNKNOWN,PENDING,NOT_YET_TESTED,PENDING_DOM_EXTRACTION,,COMPOSED,,,,,,N/A,,ORIGIN-NOUN-COMPOSED-1.0,NOT_REQUIRED,,PENDING_EMPIRICAL_VALIDATION,,,,,,https://trends.google.com/trends/explore?date=2018-01-01%202026-08-09&geo=DE&q=koreanische%20Streetwear&hl=en,한국 스트릿웨어 · 소비양식 문법 · 독일(de) 조합,,,한국 스트릿웨어,KCONSUMER_COMPOSED_V1
DE|KFASHION|KFASHION_G07,DE,KFASHION,KFASHION_G07,,keyword,koreanischer Kleidung Onlineshop,,de,MODE_GRAMMAR,RULE_SELECTED,PENDING_EMPIRICAL,UNKNOWN,PENDING,NOT_YET_TESTED,PENDING_DOM_EXTRACTION,,COMPOSED,,,,,,N/A,,ORIGIN-NOUN-COMPOSED-1.0,NOT_REQUIRED,,PENDING_EMPIRICAL_VALIDATION,,,,,,https://trends.google.com/trends/explore?date=2018-01-01%202026-08-09&geo=DE&q=koreanischer%20Kleidung%20Onlineshop&hl=en,한국 옷 쇼핑몰 · 소비양식 문법 · 독일(de) 조합,,'한국 옷 쇼핑몰'은 플랫폼 브랜드명(무신사 등)으로 검색이 분산될 수 있음,한국 옷 쇼핑몰,KCONSUMER_COMPOSED_V1
DE|KFASHION|KFASHION_E01,DE,KFASHION,KFASHION_E01,,keyword,koreanische Tasche,,de,EXPORT_REFERENCED,RULE_SELECTED,PENDING_EMPIRICAL,UNKNOWN,PENDING,NOT_YET_TESTED,PENDING_DOM_EXTRACTION,,COMPOSED,,,,,,N/A,,ORIGIN-NOUN-COMPOSED-1.0,NOT_REQUIRED,,PENDING_EMPIRICAL_VALIDATION,,,,,,https://trends.google.com/trends/explore?date=2018-01-01%202026-08-09&geo=DE&q=koreanische%20Tasche&hl=en,가방 · 수출 참고 HS 420222·420221·420292 · 독일(de) 조합,,,가방,KCONSUMER_COMPOSED_V1
DE|KFASHION|KFASHION_E02,DE,KFASHION,KFASHION_E02,,keyword,koreanische Sonnenbrille,,de,EXPORT_REFERENCED,RULE_SELECTED,PENDING_EMPIRICAL,UNKNOWN,PENDING,NOT_YET_TESTED,PENDING_DOM_EXTRACTION,,COMPOSED,,,,,,N/A,,ORIGIN-NOUN-COMPOSED-1.0,NOT_REQUIRED,,PENDING_EMPIRICAL_VALIDATION,,,,,,https://trends.google.com/trends/explore?date=2018-01-01%202026-08-09&geo=DE&q=koreanische%20Sonnenbrille&hl=en,선글라스 · 수출 참고 HS 900410 · 독일(de) 조합,,,선글라스,KCONSUMER_COMPOSED_V1
DE|KFASHION|KFASHION_E03,DE,KFASHION,KFASHION_E03,,keyword,koreanische Sneaker,,de,EXPORT_REFERENCED,RULE_SELECTED,PENDING_EMPIRICAL,UNKNOWN,PENDING,NOT_YET_TESTED,PENDING_DOM_EXTRACTION,,COMPOSED,,,,,,N/A,,ORIGIN-NOUN-COMPOSED-1.0,NOT_REQUIRED,,PENDING_EMPIRICAL_VALIDATION,,,,,,https://trends.google.com/trends/explore?date=2018-01-01%202026-08-09&geo=DE&q=koreanische%20Sneaker&hl=en,스니커즈 · 수출 참고 HS 640411·640419 · 독일(de) 조합,,,스니커즈,KCONSUMER_COMPOSED_V1
DE|KFASHION|KFASHION_E04,DE,KFASHION,KFASHION_E04,,keyword,koreanisches T-Shirt,,de,EXPORT_REFERENCED,RULE_SELECTED,PENDING_EMPIRICAL,UNKNOWN,PENDING,NOT_YET_TESTED,PENDING_DOM_EXTRACTION,,COMPOSED,,,,,,N/A,,ORIGIN-NOUN-COMPOSED-1.0,NOT_REQUIRED,,PENDING_EMPIRICAL_VALIDATION,,,,,,https://trends.google.com/trends/explore?date=2018-01-01%202026-08-09&geo=DE&q=koreanisches%20T-Shirt&hl=en,티셔츠 · 수출 참고 HS 610910·610990 · 독일(de) 조합,,,티셔츠,KCONSUMER_COMPOSED_V1
DE|KFASHION|KFASHION_E05,DE,KFASHION,KFASHION_E05,,keyword,koreanischer Schmuck,,de,EXPORT_REFERENCED,RULE_SELECTED,PENDING_EMPIRICAL,UNKNOWN,PENDING,NOT_YET_TESTED,PENDING_DOM_EXTRACTION,,COMPOSED,,,,,,N/A,,ORIGIN-NOUN-COMPOSED-1.0,NOT_REQUIRED,,PENDING_EMPIRICAL_VALIDATION,,,,,,https://trends.google.com/trends/explore?date=2018-01-01%202026-08-09&geo=DE&q=koreanischer%20Schmuck&hl=en,주얼리 · 수출 참고 HS 711319·711719 · 독일(de) 조합,,주얼리 대역의 L1 대응 품목 711319 는 금 시세에 좌우된다 — L1 과 L3 의 괴리가 클 것으로 예상,주얼리,KCONSUMER_COMPOSED_V1
DE|KFASHION|KFASHION_E06,DE,KFASHION,KFASHION_E06,,keyword,koreanische Mütze,,de,EXPORT_REFERENCED,RULE_SELECTED,PENDING_EMPIRICAL,UNKNOWN,PENDING,NOT_YET_TESTED,PENDING_DOM_EXTRACTION,,COMPOSED,,,,,,N/A,,ORIGIN-NOUN-COMPOSED-1.0,NOT_REQUIRED,,PENDING_EMPIRICAL_VALIDATION,,,,,,https://trends.google.com/trends/explore?date=2018-01-01%202026-08-09&geo=DE&q=koreanische%20M%C3%BCtze&hl=en,모자 · 수출 참고 HS 650500 · 독일(de) 조합,,,모자,KCONSUMER_COMPOSED_V1
DE|KFASHION|KFASHION_E07,DE,KFASHION,KFASHION_E07,,keyword,koreanischer Mantel,,de,EXPORT_REFERENCED,RULE_SELECTED,PENDING_EMPIRICAL,UNKNOWN,PENDING,NOT_YET_TESTED,PENDING_DOM_EXTRACTION,,COMPOSED,,,,,,N/A,,ORIGIN-NOUN-COMPOSED-1.0,NOT_REQUIRED,,PENDING_EMPIRICAL_VALIDATION,,,,,,https://trends.google.com/trends/explore?date=2018-01-01%202026-08-09&geo=DE&q=koreanischer%20Mantel&hl=en,아우터 · 수출 참고 HS 620240 · 독일(de) 조합,,,아우터,KCONSUMER_COMPOSED_V1
DE|KFASHION|KFASHION_P01,DE,KFASHION,KFASHION_P01,,keyword,japanische Mode,,de,MODE_GRAMMAR,RULE_SELECTED,PENDING_EMPIRICAL,UNKNOWN,PENDING,NOT_YET_TESTED,PENDING_TOPIC_EXTRACTION,,COMPOSED,,,,,,N/A,,ORIGIN-NOUN-COMPOSED-1.0,NOT_REQUIRED,,PENDING_EMPIRICAL_VALIDATION,,,,,,https://trends.google.com/trends/explore?date=2018-01-01%202026-08-09&geo=DE&q=japanische%20Mode&hl=en,[위약] 일본 패션 · 소비양식 문법 · 독일(de) 조합,,,[위약] 일본 패션 · TOPIC 후보,KCONSUMER_COMPOSED_V1
DE|KFASHION|KFASHION_P02,DE,KFASHION,KFASHION_P02,,keyword,italienische Mode,,de,MODE_GRAMMAR,RULE_SELECTED,PENDING_EMPIRICAL,UNKNOWN,PENDING,NOT_YET_TESTED,PENDING_TOPIC_EXTRACTION,,COMPOSED,,,,,,N/A,,ORIGIN-NOUN-COMPOSED-1.0,NOT_REQUIRED,,PENDING_EMPIRICAL_VALIDATION,,,,,,https://trends.google.com/trends/explore?date=2018-01-01%202026-08-09&geo=DE&q=italienische%20Mode&hl=en,[위약] 이탈리아 패션 · 소비양식 문법 · 독일(de) 조합,,,[위약] 이탈리아 패션 · TOPIC 후보,KCONSUMER_COMPOSED_V1
BR|KFOOD|KFOOD_G01,BR,KFOOD,KFOOD_G01,,keyword,comida coreana,,pt,MODE_GRAMMAR,RULE_SELECTED,PENDING_EMPIRICAL,UNKNOWN,PENDING,NOT_YET_TESTED,PENDING_TOPIC_EXTRACTION,,COMPOSED,,,,,,N/A,,ORIGIN-NOUN-COMPOSED-1.0,NOT_REQUIRED,,PENDING_EMPIRICAL_VALIDATION,,,,,,https://trends.google.com/trends/explore?date=2018-01-01%202026-08-09&geo=BR&q=comida%20coreana&hl=en,한국 음식 · 소비양식 문법 · 브라질(pt) 조합,,,한국 음식 · TOPIC 후보,KCONSUMER_COMPOSED_V1
BR|KFOOD|KFOOD_G02,BR,KFOOD,KFOOD_G02,,keyword,K-food,,pt,MODE_GRAMMAR,RULE_SELECTED,PENDING_EMPIRICAL,UNKNOWN,PENDING,NOT_YET_TESTED,PENDING_TOPIC_EXTRACTION,,ATOMIC_LEXEME,,,,,,N/A,,ATOMIC-LEXEME-1.0,NOT_REQUIRED,,PENDING_EMPIRICAL_VALIDATION,,,,,,https://trends.google.com/trends/explore?date=2018-01-01%202026-08-09&geo=BR&q=K-food&hl=en,K-food · 소비양식 문법 · 브라질(pt) 외래어,,,K-food · TOPIC 후보,KCONSUMER_COMPOSED_V1
BR|KFOOD|KFOOD_G03,BR,KFOOD,KFOOD_G03,,keyword,receita coreana,,pt,MODE_GRAMMAR,RULE_SELECTED,PENDING_EMPIRICAL,UNKNOWN,PENDING,NOT_YET_TESTED,PENDING_DOM_EXTRACTION,,COMPOSED,,,,,,N/A,,ORIGIN-NOUN-COMPOSED-1.0,NOT_REQUIRED,,PENDING_EMPIRICAL_VALIDATION,,,,,,https://trends.google.com/trends/explore?date=2018-01-01%202026-08-09&geo=BR&q=receita%20coreana&hl=en,한국 요리법 · 소비양식 문법 · 브라질(pt) 조합,,,한국 요리법,KCONSUMER_COMPOSED_V1
BR|KFOOD|KFOOD_G04,BR,KFOOD,KFOOD_G04,,keyword,restaurante coreano,,pt,MODE_GRAMMAR,RULE_SELECTED,PENDING_EMPIRICAL,UNKNOWN,PENDING,NOT_YET_TESTED,PENDING_DOM_EXTRACTION,,COMPOSED,,,,,,N/A,,ORIGIN-NOUN-COMPOSED-1.0,NOT_REQUIRED,,PENDING_EMPIRICAL_VALIDATION,,,,,,https://trends.google.com/trends/explore?date=2018-01-01%202026-08-09&geo=BR&q=restaurante%20coreano&hl=en,한식당 · 소비양식 문법 · 브라질(pt) 조합,,,한식당,KCONSUMER_COMPOSED_V1
BR|KFOOD|KFOOD_G05,BR,KFOOD,KFOOD_G05,,keyword,mukbang,,pt,MODE_GRAMMAR,RULE_SELECTED,PENDING_EMPIRICAL,UNKNOWN,PENDING,NOT_YET_TESTED,PENDING_TOPIC_EXTRACTION,,ATOMIC_LEXEME,,,,,,N/A,,ATOMIC-LEXEME-1.0,NOT_REQUIRED,,PENDING_EMPIRICAL_VALIDATION,,,,,,https://trends.google.com/trends/explore?date=2018-01-01%202026-08-09&geo=BR&q=mukbang&hl=en,먹방 · 소비양식 문법 · 브라질(pt) 외래어,,먹방은 한국 기원어지만 이미 국제 장르명이 되어 비한국 콘텐츠를 포함한다 — 도메인 귀속이 약해지는 방향,먹방 · TOPIC 후보,KCONSUMER_COMPOSED_V1
BR|KFOOD|KFOOD_G06,BR,KFOOD,KFOOD_G06,,keyword,comida de rua coreana,,pt,MODE_GRAMMAR,RULE_SELECTED,PENDING_EMPIRICAL,UNKNOWN,PENDING,NOT_YET_TESTED,PENDING_DOM_EXTRACTION,,COMPOSED,,,,,,N/A,,ORIGIN-NOUN-COMPOSED-1.0,NOT_REQUIRED,,PENDING_EMPIRICAL_VALIDATION,,,,,,https://trends.google.com/trends/explore?date=2018-01-01%202026-08-09&geo=BR&q=comida%20de%20rua%20coreana&hl=en,한국 길거리음식 · 소비양식 문법 · 브라질(pt) 조합,,,한국 길거리음식,KCONSUMER_COMPOSED_V1
BR|KFOOD|KFOOD_E01,BR,KFOOD,KFOOD_E01,,keyword,kimchi,,pt,EXPORT_REFERENCED,RULE_SELECTED,PENDING_EMPIRICAL,UNKNOWN,PENDING,NOT_YET_TESTED,PENDING_TOPIC_EXTRACTION,,ATOMIC_LEXEME,,,,,,N/A,,ATOMIC-LEXEME-1.0,NOT_REQUIRED,,PENDING_EMPIRICAL_VALIDATION,,,,,,https://trends.google.com/trends/explore?date=2018-01-01%202026-08-09&geo=BR&q=kimchi&hl=en,김치 · 수출 참고 HS 200599 · 브라질(pt) 외래어,,일본은 자국산 김치를 대량 생산해 JP 신호에 국산 수요가 섞인다,김치 · TOPIC 후보,KCONSUMER_COMPOSED_V1
BR|KFOOD|KFOOD_E02,BR,KFOOD,KFOOD_E02,,keyword,lámen coreano,,pt,EXPORT_REFERENCED,RULE_SELECTED,PENDING_EMPIRICAL,UNKNOWN,PENDING,NOT_YET_TESTED,PENDING_TOPIC_EXTRACTION,,COMPOSED,,,,,,N/A,,ORIGIN-NOUN-COMPOSED-1.0,NOT_REQUIRED,,PENDING_EMPIRICAL_VALIDATION,,,,,,https://trends.google.com/trends/explore?date=2018-01-01%202026-08-09&geo=BR&q=l%C3%A1men%20coreano&hl=en,라면 · 수출 참고 HS 190230 · 브라질(pt) 조합,,'ramen' 단독은 일식이다. 전 언어에서 한국 수식어를 붙였으나 그만큼 검색량이 줄어 과소측정 가능,라면 · TOPIC 후보,KCONSUMER_COMPOSED_V1
BR|KFOOD|KFOOD_E03,BR,KFOOD,KFOOD_E03,,keyword,soju,,pt,EXPORT_REFERENCED,RULE_SELECTED,PENDING_EMPIRICAL,UNKNOWN,PENDING,NOT_YET_TESTED,PENDING_TOPIC_EXTRACTION,,ATOMIC_LEXEME,,,,,,N/A,,ATOMIC-LEXEME-1.0,NOT_REQUIRED,,PENDING_EMPIRICAL_VALIDATION,,,,,,https://trends.google.com/trends/explore?date=2018-01-01%202026-08-09&geo=BR&q=soju&hl=en,소주 · 수출 참고 HS 220890·220870 · 브라질(pt) 외래어,,일본어 焼酎 는 일본 소주다. 韓国焼酎 로 한정했으나 ソジュ 표기와 분산될 수 있음,소주 · TOPIC 후보,KCONSUMER_COMPOSED_V1
BR|KFOOD|KFOOD_E04,BR,KFOOD,KFOOD_E04,,keyword,tteokbokki,,pt,MODE_GRAMMAR,RULE_SELECTED,PENDING_EMPIRICAL,UNKNOWN,PENDING,NOT_YET_TESTED,PENDING_TOPIC_EXTRACTION,,ATOMIC_LEXEME,,,,,,N/A,,ATOMIC-LEXEME-1.0,NOT_REQUIRED,,PENDING_EMPIRICAL_VALIDATION,,,,,,https://trends.google.com/trends/explore?date=2018-01-01%202026-08-09&geo=BR&q=tteokbokki&hl=en,떡볶이 · 소비양식 문법 · 브라질(pt) 외래어,,,떡볶이 · TOPIC 후보,KCONSUMER_COMPOSED_V1
BR|KFOOD|KFOOD_E05,BR,KFOOD,KFOOD_E05,,keyword,frango frito coreano,,pt,MODE_GRAMMAR,RULE_SELECTED,PENDING_EMPIRICAL,UNKNOWN,PENDING,NOT_YET_TESTED,PENDING_DOM_EXTRACTION,,COMPOSED,,,,,,N/A,,ORIGIN-NOUN-COMPOSED-1.0,NOT_REQUIRED,,PENDING_EMPIRICAL_VALIDATION,,,,,,https://trends.google.com/trends/explore?date=2018-01-01%202026-08-09&geo=BR&q=frango%20frito%20coreano&hl=en,한국 치킨 · 소비양식 문법 · 브라질(pt) 조합,,,한국 치킨,KCONSUMER_COMPOSED_V1
BR|KFOOD|KFOOD_E06,BR,KFOOD,KFOOD_E06,,keyword,snacks coreanos,,pt,EXPORT_REFERENCED,RULE_SELECTED,PENDING_EMPIRICAL,UNKNOWN,PENDING,NOT_YET_TESTED,PENDING_DOM_EXTRACTION,,COMPOSED,,,,,,N/A,,ORIGIN-NOUN-COMPOSED-1.0,NOT_REQUIRED,,PENDING_EMPIRICAL_VALIDATION,,,,,,https://trends.google.com/trends/explore?date=2018-01-01%202026-08-09&geo=BR&q=snacks%20coreanos&hl=en,한국 과자 · 수출 참고 HS 190590·170490 · 브라질(pt) 조합,,,한국 과자,KCONSUMER_COMPOSED_V1
BR|KFOOD|KFOOD_E07,BR,KFOOD,KFOOD_E07,,keyword,alga coreana,,pt,EXPORT_REFERENCED,RULE_SELECTED,PENDING_EMPIRICAL,UNKNOWN,PENDING,NOT_YET_TESTED,PENDING_DOM_EXTRACTION,,COMPOSED,,,,,,N/A,,ORIGIN-NOUN-COMPOSED-1.0,NOT_REQUIRED,,PENDING_EMPIRICAL_VALIDATION,,,,,,https://trends.google.com/trends/explore?date=2018-01-01%202026-08-09&geo=BR&q=alga%20coreana&hl=en,김 · 수출 참고 HS 121221 · 브라질(pt) 조합,,일본어 のり 단독은 일본산 김. 韓国のり 로 한정,김,KCONSUMER_COMPOSED_V1
BR|KFOOD|KFOOD_E08,BR,KFOOD,KFOOD_E08,,keyword,gochujang,,pt,EXPORT_REFERENCED,RULE_SELECTED,PENDING_EMPIRICAL,UNKNOWN,PENDING,NOT_YET_TESTED,PENDING_TOPIC_EXTRACTION,,ATOMIC_LEXEME,,,,,,N/A,,ATOMIC-LEXEME-1.0,NOT_REQUIRED,,PENDING_EMPIRICAL_VALIDATION,,,,,,https://trends.google.com/trends/explore?date=2018-01-01%202026-08-09&geo=BR&q=gochujang&hl=en,고추장 · 수출 참고 HS 210390 · 브라질(pt) 외래어,,,고추장 · TOPIC 후보,KCONSUMER_COMPOSED_V1
BR|KFOOD|KFOOD_E09,BR,KFOOD,KFOOD_E09,,keyword,ginseng coreano,,pt,EXPORT_REFERENCED,RULE_SELECTED,PENDING_EMPIRICAL,UNKNOWN,PENDING,NOT_YET_TESTED,PENDING_TOPIC_EXTRACTION,,ATOMIC_LEXEME,,,,,,N/A,,ATOMIC-LEXEME-1.0,NOT_REQUIRED,,PENDING_EMPIRICAL_VALIDATION,,,,,,https://trends.google.com/trends/explore?date=2018-01-01%202026-08-09&geo=BR&q=ginseng%20coreano&hl=en,인삼 · 수출 참고 HS 121120 · 브라질(pt) 외래어,,,인삼 · TOPIC 후보,KCONSUMER_COMPOSED_V1
BR|KFOOD|KFOOD_P01,BR,KFOOD,KFOOD_P01,,keyword,comida japonesa,,pt,MODE_GRAMMAR,RULE_SELECTED,PENDING_EMPIRICAL,UNKNOWN,PENDING,NOT_YET_TESTED,PENDING_TOPIC_EXTRACTION,,COMPOSED,,,,,,N/A,,ORIGIN-NOUN-COMPOSED-1.0,NOT_REQUIRED,,PENDING_EMPIRICAL_VALIDATION,,,,,,https://trends.google.com/trends/explore?date=2018-01-01%202026-08-09&geo=BR&q=comida%20japonesa&hl=en,[위약] 일식 · 소비양식 문법 · 브라질(pt) 조합,,위약이지만 한식·일식은 대체재이자 보완재라 부호가 양쪽 다 가능 — 계수 부호까지 함께 볼 것,[위약] 일식 · TOPIC 후보,KCONSUMER_COMPOSED_V1
BR|KFOOD|KFOOD_P02,BR,KFOOD,KFOOD_P02,,keyword,comida chinesa,,pt,MODE_GRAMMAR,RULE_SELECTED,PENDING_EMPIRICAL,UNKNOWN,PENDING,NOT_YET_TESTED,PENDING_TOPIC_EXTRACTION,,COMPOSED,,,,,,N/A,,ORIGIN-NOUN-COMPOSED-1.0,NOT_REQUIRED,,PENDING_EMPIRICAL_VALIDATION,,,,,,https://trends.google.com/trends/explore?date=2018-01-01%202026-08-09&geo=BR&q=comida%20chinesa&hl=en,[위약] 중식 · 소비양식 문법 · 브라질(pt) 조합,,,[위약] 중식 · TOPIC 후보,KCONSUMER_COMPOSED_V1
BR|KFOOD|KFOOD_P03,BR,KFOOD,KFOOD_P03,,keyword,comida tailandesa,,pt,MODE_GRAMMAR,RULE_SELECTED,PENDING_EMPIRICAL,UNKNOWN,PENDING,NOT_YET_TESTED,PENDING_TOPIC_EXTRACTION,,COMPOSED,,,,,,N/A,,ORIGIN-NOUN-COMPOSED-1.0,NOT_REQUIRED,,PENDING_EMPIRICAL_VALIDATION,,,,,,https://trends.google.com/trends/explore?date=2018-01-01%202026-08-09&geo=BR&q=comida%20tailandesa&hl=en,[위약] 태국음식 · 소비양식 문법 · 브라질(pt) 조합,,,[위약] 태국음식 · TOPIC 후보,KCONSUMER_COMPOSED_V1
BR|KBEAUTY|KBEAUTY_G01,BR,KBEAUTY,KBEAUTY_G01,,keyword,cosméticos coreanos,,pt,MODE_GRAMMAR,RULE_SELECTED,PENDING_EMPIRICAL,UNKNOWN,PENDING,NOT_YET_TESTED,PENDING_TOPIC_EXTRACTION,,COMPOSED,,,,,,N/A,,ORIGIN-NOUN-COMPOSED-1.0,NOT_REQUIRED,,PENDING_EMPIRICAL_VALIDATION,,,,,,https://trends.google.com/trends/explore?date=2018-01-01%202026-08-09&geo=BR&q=cosm%C3%A9ticos%20coreanos&hl=en,한국 화장품 · 소비양식 문법 · 브라질(pt) 조합,,,한국 화장품 · TOPIC 후보,KCONSUMER_COMPOSED_V1
BR|KBEAUTY|KBEAUTY_G02,BR,KBEAUTY,KBEAUTY_G02,,keyword,K-beauty,,pt,MODE_GRAMMAR,RULE_SELECTED,PENDING_EMPIRICAL,UNKNOWN,PENDING,NOT_YET_TESTED,PENDING_TOPIC_EXTRACTION,,ATOMIC_LEXEME,,,,,,N/A,,ATOMIC-LEXEME-1.0,NOT_REQUIRED,,PENDING_EMPIRICAL_VALIDATION,,,,,,https://trends.google.com/trends/explore?date=2018-01-01%202026-08-09&geo=BR&q=K-beauty&hl=en,K-beauty · 소비양식 문법 · 브라질(pt) 외래어,,,K-beauty · TOPIC 후보,KCONSUMER_COMPOSED_V1
BR|KBEAUTY|KBEAUTY_G03,BR,KBEAUTY,KBEAUTY_G03,,keyword,rotina de skincare coreana,,pt,EXPORT_REFERENCED,RULE_SELECTED,PENDING_EMPIRICAL,UNKNOWN,PENDING,NOT_YET_TESTED,PENDING_DOM_EXTRACTION,,COMPOSED,,,,,,N/A,,ORIGIN-NOUN-COMPOSED-1.0,NOT_REQUIRED,,PENDING_EMPIRICAL_VALIDATION,,,,,,https://trends.google.com/trends/explore?date=2018-01-01%202026-08-09&geo=BR&q=rotina%20de%20skincare%20coreana&hl=en,한국 스킨케어 루틴 · 수출 참고 HS 330499 · 브라질(pt) 조합,,,한국 스킨케어 루틴,KCONSUMER_COMPOSED_V1
BR|KBEAUTY|KBEAUTY_G04,BR,KBEAUTY,KBEAUTY_G04,,keyword,marca de cosméticos coreana,,pt,MODE_GRAMMAR,RULE_SELECTED,PENDING_EMPIRICAL,UNKNOWN,PENDING,NOT_YET_TESTED,PENDING_DOM_EXTRACTION,,COMPOSED,,,,,,N/A,,ORIGIN-NOUN-COMPOSED-1.0,NOT_REQUIRED,,PENDING_EMPIRICAL_VALIDATION,,,,,,https://trends.google.com/trends/explore?date=2018-01-01%202026-08-09&geo=BR&q=marca%20de%20cosm%C3%A9ticos%20coreana&hl=en,한국 화장품 브랜드 · 소비양식 문법 · 브라질(pt) 조합,,,한국 화장품 브랜드,KCONSUMER_COMPOSED_V1
BR|KBEAUTY|KBEAUTY_G05,BR,KBEAUTY,KBEAUTY_G05,,keyword,tutorial de maquiagem coreano,,pt,EXPORT_REFERENCED,RULE_SELECTED,PENDING_EMPIRICAL,UNKNOWN,PENDING,NOT_YET_TESTED,PENDING_DOM_EXTRACTION,,COMPOSED,,,,,,N/A,,ORIGIN-NOUN-COMPOSED-1.0,NOT_REQUIRED,,PENDING_EMPIRICAL_VALIDATION,,,,,,https://trends.google.com/trends/explore?date=2018-01-01%202026-08-09&geo=BR&q=tutorial%20de%20maquiagem%20coreano&hl=en,한국 메이크업 · 수출 참고 HS 330410·330420 · 브라질(pt) 조합,,,한국 메이크업,KCONSUMER_COMPOSED_V1
BR|KBEAUTY|KBEAUTY_G06,BR,KBEAUTY,KBEAUTY_G06,,keyword,glass skin,,pt,MODE_GRAMMAR,RULE_SELECTED,PENDING_EMPIRICAL,UNKNOWN,PENDING,NOT_YET_TESTED,PENDING_TOPIC_EXTRACTION,,ATOMIC_LEXEME,,,,,,N/A,,ATOMIC-LEXEME-1.0,NOT_REQUIRED,,PENDING_EMPIRICAL_VALIDATION,,,,,,https://trends.google.com/trends/explore?date=2018-01-01%202026-08-09&geo=BR&q=glass%20skin&hl=en,글래스 스킨 · 소비양식 문법 · 브라질(pt) 외래어,,'glass skin' 은 한국 기원이나 글로벌 뷰티 용어로 확산돼 도메인 귀속이 약하다,글래스 스킨 · TOPIC 후보,KCONSUMER_COMPOSED_V1
BR|KBEAUTY|KBEAUTY_E01,BR,KBEAUTY,KBEAUTY_E01,,keyword,sérum coreano,,pt,EXPORT_REFERENCED,RULE_SELECTED,PENDING_EMPIRICAL,UNKNOWN,PENDING,NOT_YET_TESTED,PENDING_DOM_EXTRACTION,,COMPOSED,,,,,,N/A,,ORIGIN-NOUN-COMPOSED-1.0,NOT_REQUIRED,,PENDING_EMPIRICAL_VALIDATION,,,,,,https://trends.google.com/trends/explore?date=2018-01-01%202026-08-09&geo=BR&q=s%C3%A9rum%20coreano&hl=en,세럼·에센스 · 수출 참고 HS 330499 · 브라질(pt) 조합,,,세럼·에센스,KCONSUMER_COMPOSED_V1
BR|KBEAUTY|KBEAUTY_E02,BR,KBEAUTY,KBEAUTY_E02,,keyword,máscara facial coreana,,pt,EXPORT_REFERENCED,RULE_SELECTED,PENDING_EMPIRICAL,UNKNOWN,PENDING,NOT_YET_TESTED,PENDING_DOM_EXTRACTION,,COMPOSED,,,,,,N/A,,ORIGIN-NOUN-COMPOSED-1.0,NOT_REQUIRED,,PENDING_EMPIRICAL_VALIDATION,,,,,,https://trends.google.com/trends/explore?date=2018-01-01%202026-08-09&geo=BR&q=m%C3%A1scara%20facial%20coreana&hl=en,시트마스크 · 수출 참고 HS 330499 · 브라질(pt) 조합,,,시트마스크,KCONSUMER_COMPOSED_V1
BR|KBEAUTY|KBEAUTY_E03,BR,KBEAUTY,KBEAUTY_E03,,keyword,protetor solar coreano,,pt,EXPORT_REFERENCED,RULE_SELECTED,PENDING_EMPIRICAL,UNKNOWN,PENDING,NOT_YET_TESTED,PENDING_DOM_EXTRACTION,,COMPOSED,,,,,,N/A,,ORIGIN-NOUN-COMPOSED-1.0,NOT_REQUIRED,,PENDING_EMPIRICAL_VALIDATION,,,,,,https://trends.google.com/trends/explore?date=2018-01-01%202026-08-09&geo=BR&q=protetor%20solar%20coreano&hl=en,선크림 · 수출 참고 HS 330499 · 브라질(pt) 조합,,,선크림,KCONSUMER_COMPOSED_V1
BR|KBEAUTY|KBEAUTY_E04,BR,KBEAUTY,KBEAUTY_E04,,keyword,base cushion coreana,,pt,EXPORT_REFERENCED,RULE_SELECTED,PENDING_EMPIRICAL,UNKNOWN,PENDING,NOT_YET_TESTED,PENDING_DOM_EXTRACTION,,COMPOSED,,,,,,N/A,,ORIGIN-NOUN-COMPOSED-1.0,NOT_REQUIRED,,PENDING_EMPIRICAL_VALIDATION,,,,,,https://trends.google.com/trends/explore?date=2018-01-01%202026-08-09&geo=BR&q=base%20cushion%20coreana&hl=en,쿠션 파운데이션 · 수출 참고 HS 330491·961620 · 브라질(pt) 조합,,쿠션은 한국이 만든 제형이라 원산지 수식 없이도 한국 신호일 수 있다 — 수식어를 붙여 과소측정될 위험,쿠션 파운데이션,KCONSUMER_COMPOSED_V1
BR|KBEAUTY|KBEAUTY_E05,BR,KBEAUTY,KBEAUTY_E05,,keyword,lip tint coreano,,pt,EXPORT_REFERENCED,RULE_SELECTED,PENDING_EMPIRICAL,UNKNOWN,PENDING,NOT_YET_TESTED,PENDING_DOM_EXTRACTION,,COMPOSED,,,,,,N/A,,ORIGIN-NOUN-COMPOSED-1.0,NOT_REQUIRED,,PENDING_EMPIRICAL_VALIDATION,,,,,,https://trends.google.com/trends/explore?date=2018-01-01%202026-08-09&geo=BR&q=lip%20tint%20coreano&hl=en,립틴트 · 수출 참고 HS 330410 · 브라질(pt) 조합,,,립틴트,KCONSUMER_COMPOSED_V1
BR|KBEAUTY|KBEAUTY_E06,BR,KBEAUTY,KBEAUTY_E06,,keyword,limpador facial coreano,,pt,EXPORT_REFERENCED,RULE_SELECTED,PENDING_EMPIRICAL,UNKNOWN,PENDING,NOT_YET_TESTED,PENDING_DOM_EXTRACTION,,COMPOSED,,,,,,N/A,,ORIGIN-NOUN-COMPOSED-1.0,NOT_REQUIRED,,PENDING_EMPIRICAL_VALIDATION,,,,,,https://trends.google.com/trends/explore?date=2018-01-01%202026-08-09&geo=BR&q=limpador%20facial%20coreano&hl=en,클렌징 · 수출 참고 HS 340130 · 브라질(pt) 조합,,,클렌징,KCONSUMER_COMPOSED_V1
BR|KBEAUTY|KBEAUTY_E07,BR,KBEAUTY,KBEAUTY_E07,,keyword,cuidado capilar coreano,,pt,EXPORT_REFERENCED,RULE_SELECTED,PENDING_EMPIRICAL,UNKNOWN,PENDING,NOT_YET_TESTED,PENDING_DOM_EXTRACTION,,COMPOSED,,,,,,N/A,,ORIGIN-NOUN-COMPOSED-1.0,NOT_REQUIRED,,PENDING_EMPIRICAL_VALIDATION,,,,,,https://trends.google.com/trends/explore?date=2018-01-01%202026-08-09&geo=BR&q=cuidado%20capilar%20coreano&hl=en,헤어케어 · 수출 참고 HS 330590·330510 · 브라질(pt) 조합,,,헤어케어,KCONSUMER_COMPOSED_V1
BR|KBEAUTY|KBEAUTY_E08,BR,KBEAUTY,KBEAUTY_E08,,keyword,perfume coreano,,pt,EXPORT_REFERENCED,RULE_SELECTED,PENDING_EMPIRICAL,UNKNOWN,PENDING,NOT_YET_TESTED,PENDING_DOM_EXTRACTION,,COMPOSED,,,,,,N/A,,ORIGIN-NOUN-COMPOSED-1.0,NOT_REQUIRED,,PENDING_EMPIRICAL_VALIDATION,,,,,,https://trends.google.com/trends/explore?date=2018-01-01%202026-08-09&geo=BR&q=perfume%20coreano&hl=en,향수 · 수출 참고 HS 330300·330790 · 브라질(pt) 조합,,,향수,KCONSUMER_COMPOSED_V1
BR|KBEAUTY|KBEAUTY_P01,BR,KBEAUTY,KBEAUTY_P01,,keyword,cosméticos japoneses,,pt,MODE_GRAMMAR,RULE_SELECTED,PENDING_EMPIRICAL,UNKNOWN,PENDING,NOT_YET_TESTED,PENDING_TOPIC_EXTRACTION,,COMPOSED,,,,,,N/A,,ORIGIN-NOUN-COMPOSED-1.0,NOT_REQUIRED,,PENDING_EMPIRICAL_VALIDATION,,,,,,https://trends.google.com/trends/explore?date=2018-01-01%202026-08-09&geo=BR&q=cosm%C3%A9ticos%20japoneses&hl=en,[위약] 일본 화장품 · 소비양식 문법 · 브라질(pt) 조합,,,[위약] 일본 화장품 · TOPIC 후보,KCONSUMER_COMPOSED_V1
BR|KBEAUTY|KBEAUTY_P02,BR,KBEAUTY,KBEAUTY_P02,,keyword,cosméticos franceses,,pt,MODE_GRAMMAR,RULE_SELECTED,PENDING_EMPIRICAL,UNKNOWN,PENDING,NOT_YET_TESTED,PENDING_TOPIC_EXTRACTION,,COMPOSED,,,,,,N/A,,ORIGIN-NOUN-COMPOSED-1.0,NOT_REQUIRED,,PENDING_EMPIRICAL_VALIDATION,,,,,,https://trends.google.com/trends/explore?date=2018-01-01%202026-08-09&geo=BR&q=cosm%C3%A9ticos%20franceses&hl=en,[위약] 프랑스 화장품 · 소비양식 문법 · 브라질(pt) 조합,,,[위약] 프랑스 화장품 · TOPIC 후보,KCONSUMER_COMPOSED_V1
BR|KFASHION|KFASHION_G01,BR,KFASHION,KFASHION_G01,,keyword,moda coreana,,pt,MODE_GRAMMAR,RULE_SELECTED,PENDING_EMPIRICAL,UNKNOWN,PENDING,NOT_YET_TESTED,PENDING_TOPIC_EXTRACTION,,COMPOSED,,,,,,N/A,,ORIGIN-NOUN-COMPOSED-1.0,NOT_REQUIRED,,PENDING_EMPIRICAL_VALIDATION,,,,,,https://trends.google.com/trends/explore?date=2018-01-01%202026-08-09&geo=BR&q=moda%20coreana&hl=en,한국 패션 · 소비양식 문법 · 브라질(pt) 조합,,,한국 패션 · TOPIC 후보,KCONSUMER_COMPOSED_V1
BR|KFASHION|KFASHION_G02,BR,KFASHION,KFASHION_G02,,keyword,K-fashion,,pt,MODE_GRAMMAR,RULE_SELECTED,PENDING_EMPIRICAL,UNKNOWN,PENDING,NOT_YET_TESTED,PENDING_TOPIC_EXTRACTION,,ATOMIC_LEXEME,,,,,,N/A,,ATOMIC-LEXEME-1.0,NOT_REQUIRED,,PENDING_EMPIRICAL_VALIDATION,,,,,,https://trends.google.com/trends/explore?date=2018-01-01%202026-08-09&geo=BR&q=K-fashion&hl=en,K-fashion · 소비양식 문법 · 브라질(pt) 외래어,,,K-fashion · TOPIC 후보,KCONSUMER_COMPOSED_V1
BR|KFASHION|KFASHION_G03,BR,KFASHION,KFASHION_G03,,keyword,estilo coreano,,pt,MODE_GRAMMAR,RULE_SELECTED,PENDING_EMPIRICAL,UNKNOWN,PENDING,NOT_YET_TESTED,PENDING_DOM_EXTRACTION,,COMPOSED,,,,,,N/A,,ORIGIN-NOUN-COMPOSED-1.0,NOT_REQUIRED,,PENDING_EMPIRICAL_VALIDATION,,,,,,https://trends.google.com/trends/explore?date=2018-01-01%202026-08-09&geo=BR&q=estilo%20coreano&hl=en,한국 스타일 코디 · 소비양식 문법 · 브라질(pt) 조합,,,한국 스타일 코디,KCONSUMER_COMPOSED_V1
BR|KFASHION|KFASHION_G04,BR,KFASHION,KFASHION_G04,,keyword,marca de moda coreana,,pt,MODE_GRAMMAR,RULE_SELECTED,PENDING_EMPIRICAL,UNKNOWN,PENDING,NOT_YET_TESTED,PENDING_DOM_EXTRACTION,,COMPOSED,,,,,,N/A,,ORIGIN-NOUN-COMPOSED-1.0,NOT_REQUIRED,,PENDING_EMPIRICAL_VALIDATION,,,,,,https://trends.google.com/trends/explore?date=2018-01-01%202026-08-09&geo=BR&q=marca%20de%20moda%20coreana&hl=en,한국 패션 브랜드 · 소비양식 문법 · 브라질(pt) 조합,,,한국 패션 브랜드,KCONSUMER_COMPOSED_V1
BR|KFASHION|KFASHION_G05,BR,KFASHION,KFASHION_G05,,keyword,moda idol coreana,,pt,MODE_GRAMMAR,RULE_SELECTED,PENDING_EMPIRICAL,UNKNOWN,PENDING,NOT_YET_TESTED,PENDING_DOM_EXTRACTION,,COMPOSED,,,,,,N/A,,ORIGIN-NOUN-COMPOSED-1.0,NOT_REQUIRED,,PENDING_EMPIRICAL_VALIDATION,,,,,,https://trends.google.com/trends/explore?date=2018-01-01%202026-08-09&geo=BR&q=moda%20idol%20coreana&hl=en,아이돌 패션 · 소비양식 문법 · 브라질(pt) 조합,,아이돌 패션은 K-Pop 도메인과 겹친다. KPOP 계열과의 상관을 먼저 확인할 것,아이돌 패션,KCONSUMER_COMPOSED_V1
BR|KFASHION|KFASHION_G06,BR,KFASHION,KFASHION_G06,,keyword,streetwear coreano,,pt,MODE_GRAMMAR,RULE_SELECTED,PENDING_EMPIRICAL,UNKNOWN,PENDING,NOT_YET_TESTED,PENDING_DOM_EXTRACTION,,COMPOSED,,,,,,N/A,,ORIGIN-NOUN-COMPOSED-1.0,NOT_REQUIRED,,PENDING_EMPIRICAL_VALIDATION,,,,,,https://trends.google.com/trends/explore?date=2018-01-01%202026-08-09&geo=BR&q=streetwear%20coreano&hl=en,한국 스트릿웨어 · 소비양식 문법 · 브라질(pt) 조합,,,한국 스트릿웨어,KCONSUMER_COMPOSED_V1
BR|KFASHION|KFASHION_G07,BR,KFASHION,KFASHION_G07,,keyword,loja de roupas online coreana,,pt,MODE_GRAMMAR,RULE_SELECTED,PENDING_EMPIRICAL,UNKNOWN,PENDING,NOT_YET_TESTED,PENDING_DOM_EXTRACTION,,COMPOSED,,,,,,N/A,,ORIGIN-NOUN-COMPOSED-1.0,NOT_REQUIRED,,PENDING_EMPIRICAL_VALIDATION,,,,,,https://trends.google.com/trends/explore?date=2018-01-01%202026-08-09&geo=BR&q=loja%20de%20roupas%20online%20coreana&hl=en,한국 옷 쇼핑몰 · 소비양식 문법 · 브라질(pt) 조합,,'한국 옷 쇼핑몰'은 플랫폼 브랜드명(무신사 등)으로 검색이 분산될 수 있음,한국 옷 쇼핑몰,KCONSUMER_COMPOSED_V1
BR|KFASHION|KFASHION_E01,BR,KFASHION,KFASHION_E01,,keyword,bolsa coreana,,pt,EXPORT_REFERENCED,RULE_SELECTED,PENDING_EMPIRICAL,UNKNOWN,PENDING,NOT_YET_TESTED,PENDING_DOM_EXTRACTION,,COMPOSED,,,,,,N/A,,ORIGIN-NOUN-COMPOSED-1.0,NOT_REQUIRED,,PENDING_EMPIRICAL_VALIDATION,,,,,,https://trends.google.com/trends/explore?date=2018-01-01%202026-08-09&geo=BR&q=bolsa%20coreana&hl=en,가방 · 수출 참고 HS 420222·420221·420292 · 브라질(pt) 조합,,,가방,KCONSUMER_COMPOSED_V1
BR|KFASHION|KFASHION_E02,BR,KFASHION,KFASHION_E02,,keyword,óculos de sol coreanos,,pt,EXPORT_REFERENCED,RULE_SELECTED,PENDING_EMPIRICAL,UNKNOWN,PENDING,NOT_YET_TESTED,PENDING_DOM_EXTRACTION,,COMPOSED,,,,,,N/A,,ORIGIN-NOUN-COMPOSED-1.0,NOT_REQUIRED,,PENDING_EMPIRICAL_VALIDATION,,,,,,https://trends.google.com/trends/explore?date=2018-01-01%202026-08-09&geo=BR&q=%C3%B3culos%20de%20sol%20coreanos&hl=en,선글라스 · 수출 참고 HS 900410 · 브라질(pt) 조합,,,선글라스,KCONSUMER_COMPOSED_V1
BR|KFASHION|KFASHION_E03,BR,KFASHION,KFASHION_E03,,keyword,tênis coreanos,,pt,EXPORT_REFERENCED,RULE_SELECTED,PENDING_EMPIRICAL,UNKNOWN,PENDING,NOT_YET_TESTED,PENDING_DOM_EXTRACTION,,COMPOSED,,,,,,N/A,,ORIGIN-NOUN-COMPOSED-1.0,NOT_REQUIRED,,PENDING_EMPIRICAL_VALIDATION,,,,,,https://trends.google.com/trends/explore?date=2018-01-01%202026-08-09&geo=BR&q=t%C3%AAnis%20coreanos&hl=en,스니커즈 · 수출 참고 HS 640411·640419 · 브라질(pt) 조합,,,스니커즈,KCONSUMER_COMPOSED_V1
BR|KFASHION|KFASHION_E04,BR,KFASHION,KFASHION_E04,,keyword,camiseta coreana,,pt,EXPORT_REFERENCED,RULE_SELECTED,PENDING_EMPIRICAL,UNKNOWN,PENDING,NOT_YET_TESTED,PENDING_DOM_EXTRACTION,,COMPOSED,,,,,,N/A,,ORIGIN-NOUN-COMPOSED-1.0,NOT_REQUIRED,,PENDING_EMPIRICAL_VALIDATION,,,,,,https://trends.google.com/trends/explore?date=2018-01-01%202026-08-09&geo=BR&q=camiseta%20coreana&hl=en,티셔츠 · 수출 참고 HS 610910·610990 · 브라질(pt) 조합,,,티셔츠,KCONSUMER_COMPOSED_V1
BR|KFASHION|KFASHION_E05,BR,KFASHION,KFASHION_E05,,keyword,joias coreanas,,pt,EXPORT_REFERENCED,RULE_SELECTED,PENDING_EMPIRICAL,UNKNOWN,PENDING,NOT_YET_TESTED,PENDING_DOM_EXTRACTION,,COMPOSED,,,,,,N/A,,ORIGIN-NOUN-COMPOSED-1.0,NOT_REQUIRED,,PENDING_EMPIRICAL_VALIDATION,,,,,,https://trends.google.com/trends/explore?date=2018-01-01%202026-08-09&geo=BR&q=joias%20coreanas&hl=en,주얼리 · 수출 참고 HS 711319·711719 · 브라질(pt) 조합,,주얼리 대역의 L1 대응 품목 711319 는 금 시세에 좌우된다 — L1 과 L3 의 괴리가 클 것으로 예상,주얼리,KCONSUMER_COMPOSED_V1
BR|KFASHION|KFASHION_E06,BR,KFASHION,KFASHION_E06,,keyword,chapéu coreano,,pt,EXPORT_REFERENCED,RULE_SELECTED,PENDING_EMPIRICAL,UNKNOWN,PENDING,NOT_YET_TESTED,PENDING_DOM_EXTRACTION,,COMPOSED,,,,,,N/A,,ORIGIN-NOUN-COMPOSED-1.0,NOT_REQUIRED,,PENDING_EMPIRICAL_VALIDATION,,,,,,https://trends.google.com/trends/explore?date=2018-01-01%202026-08-09&geo=BR&q=chap%C3%A9u%20coreano&hl=en,모자 · 수출 참고 HS 650500 · 브라질(pt) 조합,,,모자,KCONSUMER_COMPOSED_V1
BR|KFASHION|KFASHION_E07,BR,KFASHION,KFASHION_E07,,keyword,casaco coreano,,pt,EXPORT_REFERENCED,RULE_SELECTED,PENDING_EMPIRICAL,UNKNOWN,PENDING,NOT_YET_TESTED,PENDING_DOM_EXTRACTION,,COMPOSED,,,,,,N/A,,ORIGIN-NOUN-COMPOSED-1.0,NOT_REQUIRED,,PENDING_EMPIRICAL_VALIDATION,,,,,,https://trends.google.com/trends/explore?date=2018-01-01%202026-08-09&geo=BR&q=casaco%20coreano&hl=en,아우터 · 수출 참고 HS 620240 · 브라질(pt) 조합,,,아우터,KCONSUMER_COMPOSED_V1
BR|KFASHION|KFASHION_P01,BR,KFASHION,KFASHION_P01,,keyword,moda japonesa,,pt,MODE_GRAMMAR,RULE_SELECTED,PENDING_EMPIRICAL,UNKNOWN,PENDING,NOT_YET_TESTED,PENDING_TOPIC_EXTRACTION,,COMPOSED,,,,,,N/A,,ORIGIN-NOUN-COMPOSED-1.0,NOT_REQUIRED,,PENDING_EMPIRICAL_VALIDATION,,,,,,https://trends.google.com/trends/explore?date=2018-01-01%202026-08-09&geo=BR&q=moda%20japonesa&hl=en,[위약] 일본 패션 · 소비양식 문법 · 브라질(pt) 조합,,,[위약] 일본 패션 · TOPIC 후보,KCONSUMER_COMPOSED_V1
BR|KFASHION|KFASHION_P02,BR,KFASHION,KFASHION_P02,,keyword,moda italiana,,pt,MODE_GRAMMAR,RULE_SELECTED,PENDING_EMPIRICAL,UNKNOWN,PENDING,NOT_YET_TESTED,PENDING_TOPIC_EXTRACTION,,COMPOSED,,,,,,N/A,,ORIGIN-NOUN-COMPOSED-1.0,NOT_REQUIRED,,PENDING_EMPIRICAL_VALIDATION,,,,,,https://trends.google.com/trends/explore?date=2018-01-01%202026-08-09&geo=BR&q=moda%20italiana&hl=en,[위약] 이탈리아 패션 · 소비양식 문법 · 브라질(pt) 조합,,,[위약] 이탈리아 패션 · TOPIC 후보,KCONSUMER_COMPOSED_V1
MX|KFOOD|KFOOD_G01,MX,KFOOD,KFOOD_G01,,keyword,comida coreana,,es,MODE_GRAMMAR,RULE_SELECTED,PENDING_EMPIRICAL,UNKNOWN,PENDING,NOT_YET_TESTED,PENDING_TOPIC_EXTRACTION,,COMPOSED,,,,,,N/A,,ORIGIN-NOUN-COMPOSED-1.0,NOT_REQUIRED,,PENDING_EMPIRICAL_VALIDATION,,,,,,https://trends.google.com/trends/explore?date=2018-01-01%202026-08-09&geo=MX&q=comida%20coreana&hl=en,한국 음식 · 소비양식 문법 · 멕시코(es) 조합,,,한국 음식 · TOPIC 후보,KCONSUMER_COMPOSED_V1
MX|KFOOD|KFOOD_G02,MX,KFOOD,KFOOD_G02,,keyword,K-food,,es,MODE_GRAMMAR,RULE_SELECTED,PENDING_EMPIRICAL,UNKNOWN,PENDING,NOT_YET_TESTED,PENDING_TOPIC_EXTRACTION,,ATOMIC_LEXEME,,,,,,N/A,,ATOMIC-LEXEME-1.0,NOT_REQUIRED,,PENDING_EMPIRICAL_VALIDATION,,,,,,https://trends.google.com/trends/explore?date=2018-01-01%202026-08-09&geo=MX&q=K-food&hl=en,K-food · 소비양식 문법 · 멕시코(es) 외래어,,,K-food · TOPIC 후보,KCONSUMER_COMPOSED_V1
MX|KFOOD|KFOOD_G03,MX,KFOOD,KFOOD_G03,,keyword,receta coreana,,es,MODE_GRAMMAR,RULE_SELECTED,PENDING_EMPIRICAL,UNKNOWN,PENDING,NOT_YET_TESTED,PENDING_DOM_EXTRACTION,,COMPOSED,,,,,,N/A,,ORIGIN-NOUN-COMPOSED-1.0,NOT_REQUIRED,,PENDING_EMPIRICAL_VALIDATION,,,,,,https://trends.google.com/trends/explore?date=2018-01-01%202026-08-09&geo=MX&q=receta%20coreana&hl=en,한국 요리법 · 소비양식 문법 · 멕시코(es) 조합,,,한국 요리법,KCONSUMER_COMPOSED_V1
MX|KFOOD|KFOOD_G04,MX,KFOOD,KFOOD_G04,,keyword,restaurante coreano,,es,MODE_GRAMMAR,RULE_SELECTED,PENDING_EMPIRICAL,UNKNOWN,PENDING,NOT_YET_TESTED,PENDING_DOM_EXTRACTION,,COMPOSED,,,,,,N/A,,ORIGIN-NOUN-COMPOSED-1.0,NOT_REQUIRED,,PENDING_EMPIRICAL_VALIDATION,,,,,,https://trends.google.com/trends/explore?date=2018-01-01%202026-08-09&geo=MX&q=restaurante%20coreano&hl=en,한식당 · 소비양식 문법 · 멕시코(es) 조합,,,한식당,KCONSUMER_COMPOSED_V1
MX|KFOOD|KFOOD_G05,MX,KFOOD,KFOOD_G05,,keyword,mukbang,,es,MODE_GRAMMAR,RULE_SELECTED,PENDING_EMPIRICAL,UNKNOWN,PENDING,NOT_YET_TESTED,PENDING_TOPIC_EXTRACTION,,ATOMIC_LEXEME,,,,,,N/A,,ATOMIC-LEXEME-1.0,NOT_REQUIRED,,PENDING_EMPIRICAL_VALIDATION,,,,,,https://trends.google.com/trends/explore?date=2018-01-01%202026-08-09&geo=MX&q=mukbang&hl=en,먹방 · 소비양식 문법 · 멕시코(es) 외래어,,먹방은 한국 기원어지만 이미 국제 장르명이 되어 비한국 콘텐츠를 포함한다 — 도메인 귀속이 약해지는 방향,먹방 · TOPIC 후보,KCONSUMER_COMPOSED_V1
MX|KFOOD|KFOOD_G06,MX,KFOOD,KFOOD_G06,,keyword,comida callejera coreana,,es,MODE_GRAMMAR,RULE_SELECTED,PENDING_EMPIRICAL,UNKNOWN,PENDING,NOT_YET_TESTED,PENDING_DOM_EXTRACTION,,COMPOSED,,,,,,N/A,,ORIGIN-NOUN-COMPOSED-1.0,NOT_REQUIRED,,PENDING_EMPIRICAL_VALIDATION,,,,,,https://trends.google.com/trends/explore?date=2018-01-01%202026-08-09&geo=MX&q=comida%20callejera%20coreana&hl=en,한국 길거리음식 · 소비양식 문법 · 멕시코(es) 조합,,,한국 길거리음식,KCONSUMER_COMPOSED_V1
MX|KFOOD|KFOOD_E01,MX,KFOOD,KFOOD_E01,,keyword,kimchi,,es,EXPORT_REFERENCED,RULE_SELECTED,PENDING_EMPIRICAL,UNKNOWN,PENDING,NOT_YET_TESTED,PENDING_TOPIC_EXTRACTION,,ATOMIC_LEXEME,,,,,,N/A,,ATOMIC-LEXEME-1.0,NOT_REQUIRED,,PENDING_EMPIRICAL_VALIDATION,,,,,,https://trends.google.com/trends/explore?date=2018-01-01%202026-08-09&geo=MX&q=kimchi&hl=en,김치 · 수출 참고 HS 200599 · 멕시코(es) 외래어,,일본은 자국산 김치를 대량 생산해 JP 신호에 국산 수요가 섞인다,김치 · TOPIC 후보,KCONSUMER_COMPOSED_V1
MX|KFOOD|KFOOD_E02,MX,KFOOD,KFOOD_E02,,keyword,ramen coreano,,es,EXPORT_REFERENCED,RULE_SELECTED,PENDING_EMPIRICAL,UNKNOWN,PENDING,NOT_YET_TESTED,PENDING_TOPIC_EXTRACTION,,COMPOSED,,,,,,N/A,,ORIGIN-NOUN-COMPOSED-1.0,NOT_REQUIRED,,PENDING_EMPIRICAL_VALIDATION,,,,,,https://trends.google.com/trends/explore?date=2018-01-01%202026-08-09&geo=MX&q=ramen%20coreano&hl=en,라면 · 수출 참고 HS 190230 · 멕시코(es) 조합,,'ramen' 단독은 일식이다. 전 언어에서 한국 수식어를 붙였으나 그만큼 검색량이 줄어 과소측정 가능,라면 · TOPIC 후보,KCONSUMER_COMPOSED_V1
MX|KFOOD|KFOOD_E03,MX,KFOOD,KFOOD_E03,,keyword,soju,,es,EXPORT_REFERENCED,RULE_SELECTED,PENDING_EMPIRICAL,UNKNOWN,PENDING,NOT_YET_TESTED,PENDING_TOPIC_EXTRACTION,,ATOMIC_LEXEME,,,,,,N/A,,ATOMIC-LEXEME-1.0,NOT_REQUIRED,,PENDING_EMPIRICAL_VALIDATION,,,,,,https://trends.google.com/trends/explore?date=2018-01-01%202026-08-09&geo=MX&q=soju&hl=en,소주 · 수출 참고 HS 220890·220870 · 멕시코(es) 외래어,,일본어 焼酎 는 일본 소주다. 韓国焼酎 로 한정했으나 ソジュ 표기와 분산될 수 있음,소주 · TOPIC 후보,KCONSUMER_COMPOSED_V1
MX|KFOOD|KFOOD_E04,MX,KFOOD,KFOOD_E04,,keyword,tteokbokki,,es,MODE_GRAMMAR,RULE_SELECTED,PENDING_EMPIRICAL,UNKNOWN,PENDING,NOT_YET_TESTED,PENDING_TOPIC_EXTRACTION,,ATOMIC_LEXEME,,,,,,N/A,,ATOMIC-LEXEME-1.0,NOT_REQUIRED,,PENDING_EMPIRICAL_VALIDATION,,,,,,https://trends.google.com/trends/explore?date=2018-01-01%202026-08-09&geo=MX&q=tteokbokki&hl=en,떡볶이 · 소비양식 문법 · 멕시코(es) 외래어,,,떡볶이 · TOPIC 후보,KCONSUMER_COMPOSED_V1
MX|KFOOD|KFOOD_E05,MX,KFOOD,KFOOD_E05,,keyword,pollo frito coreano,,es,MODE_GRAMMAR,RULE_SELECTED,PENDING_EMPIRICAL,UNKNOWN,PENDING,NOT_YET_TESTED,PENDING_DOM_EXTRACTION,,COMPOSED,,,,,,N/A,,ORIGIN-NOUN-COMPOSED-1.0,NOT_REQUIRED,,PENDING_EMPIRICAL_VALIDATION,,,,,,https://trends.google.com/trends/explore?date=2018-01-01%202026-08-09&geo=MX&q=pollo%20frito%20coreano&hl=en,한국 치킨 · 소비양식 문법 · 멕시코(es) 조합,,,한국 치킨,KCONSUMER_COMPOSED_V1
MX|KFOOD|KFOOD_E06,MX,KFOOD,KFOOD_E06,,keyword,snacks coreanos,,es,EXPORT_REFERENCED,RULE_SELECTED,PENDING_EMPIRICAL,UNKNOWN,PENDING,NOT_YET_TESTED,PENDING_DOM_EXTRACTION,,COMPOSED,,,,,,N/A,,ORIGIN-NOUN-COMPOSED-1.0,NOT_REQUIRED,,PENDING_EMPIRICAL_VALIDATION,,,,,,https://trends.google.com/trends/explore?date=2018-01-01%202026-08-09&geo=MX&q=snacks%20coreanos&hl=en,한국 과자 · 수출 참고 HS 190590·170490 · 멕시코(es) 조합,,,한국 과자,KCONSUMER_COMPOSED_V1
MX|KFOOD|KFOOD_E07,MX,KFOOD,KFOOD_E07,,keyword,alga coreana,,es,EXPORT_REFERENCED,RULE_SELECTED,PENDING_EMPIRICAL,UNKNOWN,PENDING,NOT_YET_TESTED,PENDING_DOM_EXTRACTION,,COMPOSED,,,,,,N/A,,ORIGIN-NOUN-COMPOSED-1.0,NOT_REQUIRED,,PENDING_EMPIRICAL_VALIDATION,,,,,,https://trends.google.com/trends/explore?date=2018-01-01%202026-08-09&geo=MX&q=alga%20coreana&hl=en,김 · 수출 참고 HS 121221 · 멕시코(es) 조합,,일본어 のり 단독은 일본산 김. 韓国のり 로 한정,김,KCONSUMER_COMPOSED_V1
MX|KFOOD|KFOOD_E08,MX,KFOOD,KFOOD_E08,,keyword,gochujang,,es,EXPORT_REFERENCED,RULE_SELECTED,PENDING_EMPIRICAL,UNKNOWN,PENDING,NOT_YET_TESTED,PENDING_TOPIC_EXTRACTION,,ATOMIC_LEXEME,,,,,,N/A,,ATOMIC-LEXEME-1.0,NOT_REQUIRED,,PENDING_EMPIRICAL_VALIDATION,,,,,,https://trends.google.com/trends/explore?date=2018-01-01%202026-08-09&geo=MX&q=gochujang&hl=en,고추장 · 수출 참고 HS 210390 · 멕시코(es) 외래어,,,고추장 · TOPIC 후보,KCONSUMER_COMPOSED_V1
MX|KFOOD|KFOOD_E09,MX,KFOOD,KFOOD_E09,,keyword,ginseng coreano,,es,EXPORT_REFERENCED,RULE_SELECTED,PENDING_EMPIRICAL,UNKNOWN,PENDING,NOT_YET_TESTED,PENDING_TOPIC_EXTRACTION,,ATOMIC_LEXEME,,,,,,N/A,,ATOMIC-LEXEME-1.0,NOT_REQUIRED,,PENDING_EMPIRICAL_VALIDATION,,,,,,https://trends.google.com/trends/explore?date=2018-01-01%202026-08-09&geo=MX&q=ginseng%20coreano&hl=en,인삼 · 수출 참고 HS 121120 · 멕시코(es) 외래어,,,인삼 · TOPIC 후보,KCONSUMER_COMPOSED_V1
MX|KFOOD|KFOOD_P01,MX,KFOOD,KFOOD_P01,,keyword,comida japonesa,,es,MODE_GRAMMAR,RULE_SELECTED,PENDING_EMPIRICAL,UNKNOWN,PENDING,NOT_YET_TESTED,PENDING_TOPIC_EXTRACTION,,COMPOSED,,,,,,N/A,,ORIGIN-NOUN-COMPOSED-1.0,NOT_REQUIRED,,PENDING_EMPIRICAL_VALIDATION,,,,,,https://trends.google.com/trends/explore?date=2018-01-01%202026-08-09&geo=MX&q=comida%20japonesa&hl=en,[위약] 일식 · 소비양식 문법 · 멕시코(es) 조합,,위약이지만 한식·일식은 대체재이자 보완재라 부호가 양쪽 다 가능 — 계수 부호까지 함께 볼 것,[위약] 일식 · TOPIC 후보,KCONSUMER_COMPOSED_V1
MX|KFOOD|KFOOD_P02,MX,KFOOD,KFOOD_P02,,keyword,comida china,,es,MODE_GRAMMAR,RULE_SELECTED,PENDING_EMPIRICAL,UNKNOWN,PENDING,NOT_YET_TESTED,PENDING_TOPIC_EXTRACTION,,COMPOSED,,,,,,N/A,,ORIGIN-NOUN-COMPOSED-1.0,NOT_REQUIRED,,PENDING_EMPIRICAL_VALIDATION,,,,,,https://trends.google.com/trends/explore?date=2018-01-01%202026-08-09&geo=MX&q=comida%20china&hl=en,[위약] 중식 · 소비양식 문법 · 멕시코(es) 조합,,,[위약] 중식 · TOPIC 후보,KCONSUMER_COMPOSED_V1
MX|KFOOD|KFOOD_P03,MX,KFOOD,KFOOD_P03,,keyword,comida tailandesa,,es,MODE_GRAMMAR,RULE_SELECTED,PENDING_EMPIRICAL,UNKNOWN,PENDING,NOT_YET_TESTED,PENDING_TOPIC_EXTRACTION,,COMPOSED,,,,,,N/A,,ORIGIN-NOUN-COMPOSED-1.0,NOT_REQUIRED,,PENDING_EMPIRICAL_VALIDATION,,,,,,https://trends.google.com/trends/explore?date=2018-01-01%202026-08-09&geo=MX&q=comida%20tailandesa&hl=en,[위약] 태국음식 · 소비양식 문법 · 멕시코(es) 조합,,,[위약] 태국음식 · TOPIC 후보,KCONSUMER_COMPOSED_V1
MX|KBEAUTY|KBEAUTY_G01,MX,KBEAUTY,KBEAUTY_G01,,keyword,cosméticos coreanos,,es,MODE_GRAMMAR,RULE_SELECTED,PENDING_EMPIRICAL,UNKNOWN,PENDING,NOT_YET_TESTED,PENDING_TOPIC_EXTRACTION,,COMPOSED,,,,,,N/A,,ORIGIN-NOUN-COMPOSED-1.0,NOT_REQUIRED,,PENDING_EMPIRICAL_VALIDATION,,,,,,https://trends.google.com/trends/explore?date=2018-01-01%202026-08-09&geo=MX&q=cosm%C3%A9ticos%20coreanos&hl=en,한국 화장품 · 소비양식 문법 · 멕시코(es) 조합,,,한국 화장품 · TOPIC 후보,KCONSUMER_COMPOSED_V1
MX|KBEAUTY|KBEAUTY_G02,MX,KBEAUTY,KBEAUTY_G02,,keyword,K-beauty,,es,MODE_GRAMMAR,RULE_SELECTED,PENDING_EMPIRICAL,UNKNOWN,PENDING,NOT_YET_TESTED,PENDING_TOPIC_EXTRACTION,,ATOMIC_LEXEME,,,,,,N/A,,ATOMIC-LEXEME-1.0,NOT_REQUIRED,,PENDING_EMPIRICAL_VALIDATION,,,,,,https://trends.google.com/trends/explore?date=2018-01-01%202026-08-09&geo=MX&q=K-beauty&hl=en,K-beauty · 소비양식 문법 · 멕시코(es) 외래어,,,K-beauty · TOPIC 후보,KCONSUMER_COMPOSED_V1
MX|KBEAUTY|KBEAUTY_G03,MX,KBEAUTY,KBEAUTY_G03,,keyword,rutina de cuidado facial coreana,,es,EXPORT_REFERENCED,RULE_SELECTED,PENDING_EMPIRICAL,UNKNOWN,PENDING,NOT_YET_TESTED,PENDING_DOM_EXTRACTION,,COMPOSED,,,,,,N/A,,ORIGIN-NOUN-COMPOSED-1.0,NOT_REQUIRED,,PENDING_EMPIRICAL_VALIDATION,,,,,,https://trends.google.com/trends/explore?date=2018-01-01%202026-08-09&geo=MX&q=rutina%20de%20cuidado%20facial%20coreana&hl=en,한국 스킨케어 루틴 · 수출 참고 HS 330499 · 멕시코(es) 조합,,,한국 스킨케어 루틴,KCONSUMER_COMPOSED_V1
MX|KBEAUTY|KBEAUTY_G04,MX,KBEAUTY,KBEAUTY_G04,,keyword,marca de cosméticos coreana,,es,MODE_GRAMMAR,RULE_SELECTED,PENDING_EMPIRICAL,UNKNOWN,PENDING,NOT_YET_TESTED,PENDING_DOM_EXTRACTION,,COMPOSED,,,,,,N/A,,ORIGIN-NOUN-COMPOSED-1.0,NOT_REQUIRED,,PENDING_EMPIRICAL_VALIDATION,,,,,,https://trends.google.com/trends/explore?date=2018-01-01%202026-08-09&geo=MX&q=marca%20de%20cosm%C3%A9ticos%20coreana&hl=en,한국 화장품 브랜드 · 소비양식 문법 · 멕시코(es) 조합,,,한국 화장품 브랜드,KCONSUMER_COMPOSED_V1
MX|KBEAUTY|KBEAUTY_G05,MX,KBEAUTY,KBEAUTY_G05,,keyword,tutorial de maquillaje coreano,,es,EXPORT_REFERENCED,RULE_SELECTED,PENDING_EMPIRICAL,UNKNOWN,PENDING,NOT_YET_TESTED,PENDING_DOM_EXTRACTION,,COMPOSED,,,,,,N/A,,ORIGIN-NOUN-COMPOSED-1.0,NOT_REQUIRED,,PENDING_EMPIRICAL_VALIDATION,,,,,,https://trends.google.com/trends/explore?date=2018-01-01%202026-08-09&geo=MX&q=tutorial%20de%20maquillaje%20coreano&hl=en,한국 메이크업 · 수출 참고 HS 330410·330420 · 멕시코(es) 조합,,,한국 메이크업,KCONSUMER_COMPOSED_V1
MX|KBEAUTY|KBEAUTY_G06,MX,KBEAUTY,KBEAUTY_G06,,keyword,glass skin,,es,MODE_GRAMMAR,RULE_SELECTED,PENDING_EMPIRICAL,UNKNOWN,PENDING,NOT_YET_TESTED,PENDING_TOPIC_EXTRACTION,,ATOMIC_LEXEME,,,,,,N/A,,ATOMIC-LEXEME-1.0,NOT_REQUIRED,,PENDING_EMPIRICAL_VALIDATION,,,,,,https://trends.google.com/trends/explore?date=2018-01-01%202026-08-09&geo=MX&q=glass%20skin&hl=en,글래스 스킨 · 소비양식 문법 · 멕시코(es) 외래어,,'glass skin' 은 한국 기원이나 글로벌 뷰티 용어로 확산돼 도메인 귀속이 약하다,글래스 스킨 · TOPIC 후보,KCONSUMER_COMPOSED_V1
MX|KBEAUTY|KBEAUTY_E01,MX,KBEAUTY,KBEAUTY_E01,,keyword,sérum coreano,,es,EXPORT_REFERENCED,RULE_SELECTED,PENDING_EMPIRICAL,UNKNOWN,PENDING,NOT_YET_TESTED,PENDING_DOM_EXTRACTION,,COMPOSED,,,,,,N/A,,ORIGIN-NOUN-COMPOSED-1.0,NOT_REQUIRED,,PENDING_EMPIRICAL_VALIDATION,,,,,,https://trends.google.com/trends/explore?date=2018-01-01%202026-08-09&geo=MX&q=s%C3%A9rum%20coreano&hl=en,세럼·에센스 · 수출 참고 HS 330499 · 멕시코(es) 조합,,,세럼·에센스,KCONSUMER_COMPOSED_V1
MX|KBEAUTY|KBEAUTY_E02,MX,KBEAUTY,KBEAUTY_E02,,keyword,mascarilla facial coreana,,es,EXPORT_REFERENCED,RULE_SELECTED,PENDING_EMPIRICAL,UNKNOWN,PENDING,NOT_YET_TESTED,PENDING_DOM_EXTRACTION,,COMPOSED,,,,,,N/A,,ORIGIN-NOUN-COMPOSED-1.0,NOT_REQUIRED,,PENDING_EMPIRICAL_VALIDATION,,,,,,https://trends.google.com/trends/explore?date=2018-01-01%202026-08-09&geo=MX&q=mascarilla%20facial%20coreana&hl=en,시트마스크 · 수출 참고 HS 330499 · 멕시코(es) 조합,,,시트마스크,KCONSUMER_COMPOSED_V1
MX|KBEAUTY|KBEAUTY_E03,MX,KBEAUTY,KBEAUTY_E03,,keyword,protector solar coreano,,es,EXPORT_REFERENCED,RULE_SELECTED,PENDING_EMPIRICAL,UNKNOWN,PENDING,NOT_YET_TESTED,PENDING_DOM_EXTRACTION,,COMPOSED,,,,,,N/A,,ORIGIN-NOUN-COMPOSED-1.0,NOT_REQUIRED,,PENDING_EMPIRICAL_VALIDATION,,,,,,https://trends.google.com/trends/explore?date=2018-01-01%202026-08-09&geo=MX&q=protector%20solar%20coreano&hl=en,선크림 · 수출 참고 HS 330499 · 멕시코(es) 조합,,,선크림,KCONSUMER_COMPOSED_V1
MX|KBEAUTY|KBEAUTY_E04,MX,KBEAUTY,KBEAUTY_E04,,keyword,base cushion coreana,,es,EXPORT_REFERENCED,RULE_SELECTED,PENDING_EMPIRICAL,UNKNOWN,PENDING,NOT_YET_TESTED,PENDING_DOM_EXTRACTION,,COMPOSED,,,,,,N/A,,ORIGIN-NOUN-COMPOSED-1.0,NOT_REQUIRED,,PENDING_EMPIRICAL_VALIDATION,,,,,,https://trends.google.com/trends/explore?date=2018-01-01%202026-08-09&geo=MX&q=base%20cushion%20coreana&hl=en,쿠션 파운데이션 · 수출 참고 HS 330491·961620 · 멕시코(es) 조합,,쿠션은 한국이 만든 제형이라 원산지 수식 없이도 한국 신호일 수 있다 — 수식어를 붙여 과소측정될 위험,쿠션 파운데이션,KCONSUMER_COMPOSED_V1
MX|KBEAUTY|KBEAUTY_E05,MX,KBEAUTY,KBEAUTY_E05,,keyword,tinta de labios coreana,,es,EXPORT_REFERENCED,RULE_SELECTED,PENDING_EMPIRICAL,UNKNOWN,PENDING,NOT_YET_TESTED,PENDING_DOM_EXTRACTION,,COMPOSED,,,,,,N/A,,ORIGIN-NOUN-COMPOSED-1.0,NOT_REQUIRED,,PENDING_EMPIRICAL_VALIDATION,,,,,,https://trends.google.com/trends/explore?date=2018-01-01%202026-08-09&geo=MX&q=tinta%20de%20labios%20coreana&hl=en,립틴트 · 수출 참고 HS 330410 · 멕시코(es) 조합,,,립틴트,KCONSUMER_COMPOSED_V1
MX|KBEAUTY|KBEAUTY_E06,MX,KBEAUTY,KBEAUTY_E06,,keyword,limpiador facial coreano,,es,EXPORT_REFERENCED,RULE_SELECTED,PENDING_EMPIRICAL,UNKNOWN,PENDING,NOT_YET_TESTED,PENDING_DOM_EXTRACTION,,COMPOSED,,,,,,N/A,,ORIGIN-NOUN-COMPOSED-1.0,NOT_REQUIRED,,PENDING_EMPIRICAL_VALIDATION,,,,,,https://trends.google.com/trends/explore?date=2018-01-01%202026-08-09&geo=MX&q=limpiador%20facial%20coreano&hl=en,클렌징 · 수출 참고 HS 340130 · 멕시코(es) 조합,,,클렌징,KCONSUMER_COMPOSED_V1
MX|KBEAUTY|KBEAUTY_E07,MX,KBEAUTY,KBEAUTY_E07,,keyword,cuidado del cabello coreano,,es,EXPORT_REFERENCED,RULE_SELECTED,PENDING_EMPIRICAL,UNKNOWN,PENDING,NOT_YET_TESTED,PENDING_DOM_EXTRACTION,,COMPOSED,,,,,,N/A,,ORIGIN-NOUN-COMPOSED-1.0,NOT_REQUIRED,,PENDING_EMPIRICAL_VALIDATION,,,,,,https://trends.google.com/trends/explore?date=2018-01-01%202026-08-09&geo=MX&q=cuidado%20del%20cabello%20coreano&hl=en,헤어케어 · 수출 참고 HS 330590·330510 · 멕시코(es) 조합,,,헤어케어,KCONSUMER_COMPOSED_V1
MX|KBEAUTY|KBEAUTY_E08,MX,KBEAUTY,KBEAUTY_E08,,keyword,perfume coreano,,es,EXPORT_REFERENCED,RULE_SELECTED,PENDING_EMPIRICAL,UNKNOWN,PENDING,NOT_YET_TESTED,PENDING_DOM_EXTRACTION,,COMPOSED,,,,,,N/A,,ORIGIN-NOUN-COMPOSED-1.0,NOT_REQUIRED,,PENDING_EMPIRICAL_VALIDATION,,,,,,https://trends.google.com/trends/explore?date=2018-01-01%202026-08-09&geo=MX&q=perfume%20coreano&hl=en,향수 · 수출 참고 HS 330300·330790 · 멕시코(es) 조합,,,향수,KCONSUMER_COMPOSED_V1
MX|KBEAUTY|KBEAUTY_P01,MX,KBEAUTY,KBEAUTY_P01,,keyword,cosméticos japoneses,,es,MODE_GRAMMAR,RULE_SELECTED,PENDING_EMPIRICAL,UNKNOWN,PENDING,NOT_YET_TESTED,PENDING_TOPIC_EXTRACTION,,COMPOSED,,,,,,N/A,,ORIGIN-NOUN-COMPOSED-1.0,NOT_REQUIRED,,PENDING_EMPIRICAL_VALIDATION,,,,,,https://trends.google.com/trends/explore?date=2018-01-01%202026-08-09&geo=MX&q=cosm%C3%A9ticos%20japoneses&hl=en,[위약] 일본 화장품 · 소비양식 문법 · 멕시코(es) 조합,,,[위약] 일본 화장품 · TOPIC 후보,KCONSUMER_COMPOSED_V1
MX|KBEAUTY|KBEAUTY_P02,MX,KBEAUTY,KBEAUTY_P02,,keyword,cosméticos franceses,,es,MODE_GRAMMAR,RULE_SELECTED,PENDING_EMPIRICAL,UNKNOWN,PENDING,NOT_YET_TESTED,PENDING_TOPIC_EXTRACTION,,COMPOSED,,,,,,N/A,,ORIGIN-NOUN-COMPOSED-1.0,NOT_REQUIRED,,PENDING_EMPIRICAL_VALIDATION,,,,,,https://trends.google.com/trends/explore?date=2018-01-01%202026-08-09&geo=MX&q=cosm%C3%A9ticos%20franceses&hl=en,[위약] 프랑스 화장품 · 소비양식 문법 · 멕시코(es) 조합,,,[위약] 프랑스 화장품 · TOPIC 후보,KCONSUMER_COMPOSED_V1
MX|KFASHION|KFASHION_G01,MX,KFASHION,KFASHION_G01,,keyword,moda coreana,,es,MODE_GRAMMAR,RULE_SELECTED,PENDING_EMPIRICAL,UNKNOWN,PENDING,NOT_YET_TESTED,PENDING_TOPIC_EXTRACTION,,COMPOSED,,,,,,N/A,,ORIGIN-NOUN-COMPOSED-1.0,NOT_REQUIRED,,PENDING_EMPIRICAL_VALIDATION,,,,,,https://trends.google.com/trends/explore?date=2018-01-01%202026-08-09&geo=MX&q=moda%20coreana&hl=en,한국 패션 · 소비양식 문법 · 멕시코(es) 조합,,,한국 패션 · TOPIC 후보,KCONSUMER_COMPOSED_V1
MX|KFASHION|KFASHION_G02,MX,KFASHION,KFASHION_G02,,keyword,K-fashion,,es,MODE_GRAMMAR,RULE_SELECTED,PENDING_EMPIRICAL,UNKNOWN,PENDING,NOT_YET_TESTED,PENDING_TOPIC_EXTRACTION,,ATOMIC_LEXEME,,,,,,N/A,,ATOMIC-LEXEME-1.0,NOT_REQUIRED,,PENDING_EMPIRICAL_VALIDATION,,,,,,https://trends.google.com/trends/explore?date=2018-01-01%202026-08-09&geo=MX&q=K-fashion&hl=en,K-fashion · 소비양식 문법 · 멕시코(es) 외래어,,,K-fashion · TOPIC 후보,KCONSUMER_COMPOSED_V1
MX|KFASHION|KFASHION_G03,MX,KFASHION,KFASHION_G03,,keyword,estilo coreano,,es,MODE_GRAMMAR,RULE_SELECTED,PENDING_EMPIRICAL,UNKNOWN,PENDING,NOT_YET_TESTED,PENDING_DOM_EXTRACTION,,COMPOSED,,,,,,N/A,,ORIGIN-NOUN-COMPOSED-1.0,NOT_REQUIRED,,PENDING_EMPIRICAL_VALIDATION,,,,,,https://trends.google.com/trends/explore?date=2018-01-01%202026-08-09&geo=MX&q=estilo%20coreano&hl=en,한국 스타일 코디 · 소비양식 문법 · 멕시코(es) 조합,,,한국 스타일 코디,KCONSUMER_COMPOSED_V1
MX|KFASHION|KFASHION_G04,MX,KFASHION,KFASHION_G04,,keyword,marca de moda coreana,,es,MODE_GRAMMAR,RULE_SELECTED,PENDING_EMPIRICAL,UNKNOWN,PENDING,NOT_YET_TESTED,PENDING_DOM_EXTRACTION,,COMPOSED,,,,,,N/A,,ORIGIN-NOUN-COMPOSED-1.0,NOT_REQUIRED,,PENDING_EMPIRICAL_VALIDATION,,,,,,https://trends.google.com/trends/explore?date=2018-01-01%202026-08-09&geo=MX&q=marca%20de%20moda%20coreana&hl=en,한국 패션 브랜드 · 소비양식 문법 · 멕시코(es) 조합,,,한국 패션 브랜드,KCONSUMER_COMPOSED_V1
MX|KFASHION|KFASHION_G05,MX,KFASHION,KFASHION_G05,,keyword,moda idol coreana,,es,MODE_GRAMMAR,RULE_SELECTED,PENDING_EMPIRICAL,UNKNOWN,PENDING,NOT_YET_TESTED,PENDING_DOM_EXTRACTION,,COMPOSED,,,,,,N/A,,ORIGIN-NOUN-COMPOSED-1.0,NOT_REQUIRED,,PENDING_EMPIRICAL_VALIDATION,,,,,,https://trends.google.com/trends/explore?date=2018-01-01%202026-08-09&geo=MX&q=moda%20idol%20coreana&hl=en,아이돌 패션 · 소비양식 문법 · 멕시코(es) 조합,,아이돌 패션은 K-Pop 도메인과 겹친다. KPOP 계열과의 상관을 먼저 확인할 것,아이돌 패션,KCONSUMER_COMPOSED_V1
MX|KFASHION|KFASHION_G06,MX,KFASHION,KFASHION_G06,,keyword,streetwear coreano,,es,MODE_GRAMMAR,RULE_SELECTED,PENDING_EMPIRICAL,UNKNOWN,PENDING,NOT_YET_TESTED,PENDING_DOM_EXTRACTION,,COMPOSED,,,,,,N/A,,ORIGIN-NOUN-COMPOSED-1.0,NOT_REQUIRED,,PENDING_EMPIRICAL_VALIDATION,,,,,,https://trends.google.com/trends/explore?date=2018-01-01%202026-08-09&geo=MX&q=streetwear%20coreano&hl=en,한국 스트릿웨어 · 소비양식 문법 · 멕시코(es) 조합,,,한국 스트릿웨어,KCONSUMER_COMPOSED_V1
MX|KFASHION|KFASHION_G07,MX,KFASHION,KFASHION_G07,,keyword,tienda de ropa online coreana,,es,MODE_GRAMMAR,RULE_SELECTED,PENDING_EMPIRICAL,UNKNOWN,PENDING,NOT_YET_TESTED,PENDING_DOM_EXTRACTION,,COMPOSED,,,,,,N/A,,ORIGIN-NOUN-COMPOSED-1.0,NOT_REQUIRED,,PENDING_EMPIRICAL_VALIDATION,,,,,,https://trends.google.com/trends/explore?date=2018-01-01%202026-08-09&geo=MX&q=tienda%20de%20ropa%20online%20coreana&hl=en,한국 옷 쇼핑몰 · 소비양식 문법 · 멕시코(es) 조합,,'한국 옷 쇼핑몰'은 플랫폼 브랜드명(무신사 등)으로 검색이 분산될 수 있음,한국 옷 쇼핑몰,KCONSUMER_COMPOSED_V1
MX|KFASHION|KFASHION_E01,MX,KFASHION,KFASHION_E01,,keyword,bolso coreano,,es,EXPORT_REFERENCED,RULE_SELECTED,PENDING_EMPIRICAL,UNKNOWN,PENDING,NOT_YET_TESTED,PENDING_DOM_EXTRACTION,,COMPOSED,,,,,,N/A,,ORIGIN-NOUN-COMPOSED-1.0,NOT_REQUIRED,,PENDING_EMPIRICAL_VALIDATION,,,,,,https://trends.google.com/trends/explore?date=2018-01-01%202026-08-09&geo=MX&q=bolso%20coreano&hl=en,가방 · 수출 참고 HS 420222·420221·420292 · 멕시코(es) 조합,,,가방,KCONSUMER_COMPOSED_V1
MX|KFASHION|KFASHION_E02,MX,KFASHION,KFASHION_E02,,keyword,gafas de sol coreanas,,es,EXPORT_REFERENCED,RULE_SELECTED,PENDING_EMPIRICAL,UNKNOWN,PENDING,NOT_YET_TESTED,PENDING_DOM_EXTRACTION,,COMPOSED,,,,,,N/A,,ORIGIN-NOUN-COMPOSED-1.0,NOT_REQUIRED,,PENDING_EMPIRICAL_VALIDATION,,,,,,https://trends.google.com/trends/explore?date=2018-01-01%202026-08-09&geo=MX&q=gafas%20de%20sol%20coreanas&hl=en,선글라스 · 수출 참고 HS 900410 · 멕시코(es) 조합,,,선글라스,KCONSUMER_COMPOSED_V1
MX|KFASHION|KFASHION_E03,MX,KFASHION,KFASHION_E03,,keyword,zapatillas coreanas,,es,EXPORT_REFERENCED,RULE_SELECTED,PENDING_EMPIRICAL,UNKNOWN,PENDING,NOT_YET_TESTED,PENDING_DOM_EXTRACTION,,COMPOSED,,,,,,N/A,,ORIGIN-NOUN-COMPOSED-1.0,NOT_REQUIRED,,PENDING_EMPIRICAL_VALIDATION,,,,,,https://trends.google.com/trends/explore?date=2018-01-01%202026-08-09&geo=MX&q=zapatillas%20coreanas&hl=en,스니커즈 · 수출 참고 HS 640411·640419 · 멕시코(es) 조합,,,스니커즈,KCONSUMER_COMPOSED_V1
MX|KFASHION|KFASHION_E04,MX,KFASHION,KFASHION_E04,,keyword,camiseta coreana,,es,EXPORT_REFERENCED,RULE_SELECTED,PENDING_EMPIRICAL,UNKNOWN,PENDING,NOT_YET_TESTED,PENDING_DOM_EXTRACTION,,COMPOSED,,,,,,N/A,,ORIGIN-NOUN-COMPOSED-1.0,NOT_REQUIRED,,PENDING_EMPIRICAL_VALIDATION,,,,,,https://trends.google.com/trends/explore?date=2018-01-01%202026-08-09&geo=MX&q=camiseta%20coreana&hl=en,티셔츠 · 수출 참고 HS 610910·610990 · 멕시코(es) 조합,,,티셔츠,KCONSUMER_COMPOSED_V1
MX|KFASHION|KFASHION_E05,MX,KFASHION,KFASHION_E05,,keyword,joyería coreana,,es,EXPORT_REFERENCED,RULE_SELECTED,PENDING_EMPIRICAL,UNKNOWN,PENDING,NOT_YET_TESTED,PENDING_DOM_EXTRACTION,,COMPOSED,,,,,,N/A,,ORIGIN-NOUN-COMPOSED-1.0,NOT_REQUIRED,,PENDING_EMPIRICAL_VALIDATION,,,,,,https://trends.google.com/trends/explore?date=2018-01-01%202026-08-09&geo=MX&q=joyer%C3%ADa%20coreana&hl=en,주얼리 · 수출 참고 HS 711319·711719 · 멕시코(es) 조합,,주얼리 대역의 L1 대응 품목 711319 는 금 시세에 좌우된다 — L1 과 L3 의 괴리가 클 것으로 예상,주얼리,KCONSUMER_COMPOSED_V1
MX|KFASHION|KFASHION_E06,MX,KFASHION,KFASHION_E06,,keyword,sombrero coreano,,es,EXPORT_REFERENCED,RULE_SELECTED,PENDING_EMPIRICAL,UNKNOWN,PENDING,NOT_YET_TESTED,PENDING_DOM_EXTRACTION,,COMPOSED,,,,,,N/A,,ORIGIN-NOUN-COMPOSED-1.0,NOT_REQUIRED,,PENDING_EMPIRICAL_VALIDATION,,,,,,https://trends.google.com/trends/explore?date=2018-01-01%202026-08-09&geo=MX&q=sombrero%20coreano&hl=en,모자 · 수출 참고 HS 650500 · 멕시코(es) 조합,,,모자,KCONSUMER_COMPOSED_V1
MX|KFASHION|KFASHION_E07,MX,KFASHION,KFASHION_E07,,keyword,abrigo coreano,,es,EXPORT_REFERENCED,RULE_SELECTED,PENDING_EMPIRICAL,UNKNOWN,PENDING,NOT_YET_TESTED,PENDING_DOM_EXTRACTION,,COMPOSED,,,,,,N/A,,ORIGIN-NOUN-COMPOSED-1.0,NOT_REQUIRED,,PENDING_EMPIRICAL_VALIDATION,,,,,,https://trends.google.com/trends/explore?date=2018-01-01%202026-08-09&geo=MX&q=abrigo%20coreano&hl=en,아우터 · 수출 참고 HS 620240 · 멕시코(es) 조합,,,아우터,KCONSUMER_COMPOSED_V1
MX|KFASHION|KFASHION_P01,MX,KFASHION,KFASHION_P01,,keyword,moda japonesa,,es,MODE_GRAMMAR,RULE_SELECTED,PENDING_EMPIRICAL,UNKNOWN,PENDING,NOT_YET_TESTED,PENDING_TOPIC_EXTRACTION,,COMPOSED,,,,,,N/A,,ORIGIN-NOUN-COMPOSED-1.0,NOT_REQUIRED,,PENDING_EMPIRICAL_VALIDATION,,,,,,https://trends.google.com/trends/explore?date=2018-01-01%202026-08-09&geo=MX&q=moda%20japonesa&hl=en,[위약] 일본 패션 · 소비양식 문법 · 멕시코(es) 조합,,,[위약] 일본 패션 · TOPIC 후보,KCONSUMER_COMPOSED_V1
MX|KFASHION|KFASHION_P02,MX,KFASHION,KFASHION_P02,,keyword,moda italiana,,es,MODE_GRAMMAR,RULE_SELECTED,PENDING_EMPIRICAL,UNKNOWN,PENDING,NOT_YET_TESTED,PENDING_TOPIC_EXTRACTION,,COMPOSED,,,,,,N/A,,ORIGIN-NOUN-COMPOSED-1.0,NOT_REQUIRED,,PENDING_EMPIRICAL_VALIDATION,,,,,,https://trends.google.com/trends/explore?date=2018-01-01%202026-08-09&geo=MX&q=moda%20italiana&hl=en,[위약] 이탈리아 패션 · 소비양식 문법 · 멕시코(es) 조합,,,[위약] 이탈리아 패션 · TOPIC 후보,KCONSUMER_COMPOSED_V1
AR|KFOOD|KFOOD_G01,AR,KFOOD,KFOOD_G01,,keyword,comida coreana,,es,MODE_GRAMMAR,RULE_SELECTED,PENDING_EMPIRICAL,UNKNOWN,PENDING,NOT_YET_TESTED,PENDING_TOPIC_EXTRACTION,,COMPOSED,,,,,,N/A,,ORIGIN-NOUN-COMPOSED-1.0,NOT_REQUIRED,,PENDING_EMPIRICAL_VALIDATION,,,,,,https://trends.google.com/trends/explore?date=2018-01-01%202026-08-09&geo=AR&q=comida%20coreana&hl=en,한국 음식 · 소비양식 문법 · 아르헨티나(es) 조합,,,한국 음식 · TOPIC 후보,KCONSUMER_COMPOSED_V1
AR|KFOOD|KFOOD_G02,AR,KFOOD,KFOOD_G02,,keyword,K-food,,es,MODE_GRAMMAR,RULE_SELECTED,PENDING_EMPIRICAL,UNKNOWN,PENDING,NOT_YET_TESTED,PENDING_TOPIC_EXTRACTION,,ATOMIC_LEXEME,,,,,,N/A,,ATOMIC-LEXEME-1.0,NOT_REQUIRED,,PENDING_EMPIRICAL_VALIDATION,,,,,,https://trends.google.com/trends/explore?date=2018-01-01%202026-08-09&geo=AR&q=K-food&hl=en,K-food · 소비양식 문법 · 아르헨티나(es) 외래어,,,K-food · TOPIC 후보,KCONSUMER_COMPOSED_V1
AR|KFOOD|KFOOD_G03,AR,KFOOD,KFOOD_G03,,keyword,receta coreana,,es,MODE_GRAMMAR,RULE_SELECTED,PENDING_EMPIRICAL,UNKNOWN,PENDING,NOT_YET_TESTED,PENDING_DOM_EXTRACTION,,COMPOSED,,,,,,N/A,,ORIGIN-NOUN-COMPOSED-1.0,NOT_REQUIRED,,PENDING_EMPIRICAL_VALIDATION,,,,,,https://trends.google.com/trends/explore?date=2018-01-01%202026-08-09&geo=AR&q=receta%20coreana&hl=en,한국 요리법 · 소비양식 문법 · 아르헨티나(es) 조합,,,한국 요리법,KCONSUMER_COMPOSED_V1
AR|KFOOD|KFOOD_G04,AR,KFOOD,KFOOD_G04,,keyword,restaurante coreano,,es,MODE_GRAMMAR,RULE_SELECTED,PENDING_EMPIRICAL,UNKNOWN,PENDING,NOT_YET_TESTED,PENDING_DOM_EXTRACTION,,COMPOSED,,,,,,N/A,,ORIGIN-NOUN-COMPOSED-1.0,NOT_REQUIRED,,PENDING_EMPIRICAL_VALIDATION,,,,,,https://trends.google.com/trends/explore?date=2018-01-01%202026-08-09&geo=AR&q=restaurante%20coreano&hl=en,한식당 · 소비양식 문법 · 아르헨티나(es) 조합,,,한식당,KCONSUMER_COMPOSED_V1
AR|KFOOD|KFOOD_G05,AR,KFOOD,KFOOD_G05,,keyword,mukbang,,es,MODE_GRAMMAR,RULE_SELECTED,PENDING_EMPIRICAL,UNKNOWN,PENDING,NOT_YET_TESTED,PENDING_TOPIC_EXTRACTION,,ATOMIC_LEXEME,,,,,,N/A,,ATOMIC-LEXEME-1.0,NOT_REQUIRED,,PENDING_EMPIRICAL_VALIDATION,,,,,,https://trends.google.com/trends/explore?date=2018-01-01%202026-08-09&geo=AR&q=mukbang&hl=en,먹방 · 소비양식 문법 · 아르헨티나(es) 외래어,,먹방은 한국 기원어지만 이미 국제 장르명이 되어 비한국 콘텐츠를 포함한다 — 도메인 귀속이 약해지는 방향,먹방 · TOPIC 후보,KCONSUMER_COMPOSED_V1
AR|KFOOD|KFOOD_G06,AR,KFOOD,KFOOD_G06,,keyword,comida callejera coreana,,es,MODE_GRAMMAR,RULE_SELECTED,PENDING_EMPIRICAL,UNKNOWN,PENDING,NOT_YET_TESTED,PENDING_DOM_EXTRACTION,,COMPOSED,,,,,,N/A,,ORIGIN-NOUN-COMPOSED-1.0,NOT_REQUIRED,,PENDING_EMPIRICAL_VALIDATION,,,,,,https://trends.google.com/trends/explore?date=2018-01-01%202026-08-09&geo=AR&q=comida%20callejera%20coreana&hl=en,한국 길거리음식 · 소비양식 문법 · 아르헨티나(es) 조합,,,한국 길거리음식,KCONSUMER_COMPOSED_V1
AR|KFOOD|KFOOD_E01,AR,KFOOD,KFOOD_E01,,keyword,kimchi,,es,EXPORT_REFERENCED,RULE_SELECTED,PENDING_EMPIRICAL,UNKNOWN,PENDING,NOT_YET_TESTED,PENDING_TOPIC_EXTRACTION,,ATOMIC_LEXEME,,,,,,N/A,,ATOMIC-LEXEME-1.0,NOT_REQUIRED,,PENDING_EMPIRICAL_VALIDATION,,,,,,https://trends.google.com/trends/explore?date=2018-01-01%202026-08-09&geo=AR&q=kimchi&hl=en,김치 · 수출 참고 HS 200599 · 아르헨티나(es) 외래어,,일본은 자국산 김치를 대량 생산해 JP 신호에 국산 수요가 섞인다,김치 · TOPIC 후보,KCONSUMER_COMPOSED_V1
AR|KFOOD|KFOOD_E02,AR,KFOOD,KFOOD_E02,,keyword,ramen coreano,,es,EXPORT_REFERENCED,RULE_SELECTED,PENDING_EMPIRICAL,UNKNOWN,PENDING,NOT_YET_TESTED,PENDING_TOPIC_EXTRACTION,,COMPOSED,,,,,,N/A,,ORIGIN-NOUN-COMPOSED-1.0,NOT_REQUIRED,,PENDING_EMPIRICAL_VALIDATION,,,,,,https://trends.google.com/trends/explore?date=2018-01-01%202026-08-09&geo=AR&q=ramen%20coreano&hl=en,라면 · 수출 참고 HS 190230 · 아르헨티나(es) 조합,,'ramen' 단독은 일식이다. 전 언어에서 한국 수식어를 붙였으나 그만큼 검색량이 줄어 과소측정 가능,라면 · TOPIC 후보,KCONSUMER_COMPOSED_V1
AR|KFOOD|KFOOD_E03,AR,KFOOD,KFOOD_E03,,keyword,soju,,es,EXPORT_REFERENCED,RULE_SELECTED,PENDING_EMPIRICAL,UNKNOWN,PENDING,NOT_YET_TESTED,PENDING_TOPIC_EXTRACTION,,ATOMIC_LEXEME,,,,,,N/A,,ATOMIC-LEXEME-1.0,NOT_REQUIRED,,PENDING_EMPIRICAL_VALIDATION,,,,,,https://trends.google.com/trends/explore?date=2018-01-01%202026-08-09&geo=AR&q=soju&hl=en,소주 · 수출 참고 HS 220890·220870 · 아르헨티나(es) 외래어,,일본어 焼酎 는 일본 소주다. 韓国焼酎 로 한정했으나 ソジュ 표기와 분산될 수 있음,소주 · TOPIC 후보,KCONSUMER_COMPOSED_V1
AR|KFOOD|KFOOD_E04,AR,KFOOD,KFOOD_E04,,keyword,tteokbokki,,es,MODE_GRAMMAR,RULE_SELECTED,PENDING_EMPIRICAL,UNKNOWN,PENDING,NOT_YET_TESTED,PENDING_TOPIC_EXTRACTION,,ATOMIC_LEXEME,,,,,,N/A,,ATOMIC-LEXEME-1.0,NOT_REQUIRED,,PENDING_EMPIRICAL_VALIDATION,,,,,,https://trends.google.com/trends/explore?date=2018-01-01%202026-08-09&geo=AR&q=tteokbokki&hl=en,떡볶이 · 소비양식 문법 · 아르헨티나(es) 외래어,,,떡볶이 · TOPIC 후보,KCONSUMER_COMPOSED_V1
AR|KFOOD|KFOOD_E05,AR,KFOOD,KFOOD_E05,,keyword,pollo frito coreano,,es,MODE_GRAMMAR,RULE_SELECTED,PENDING_EMPIRICAL,UNKNOWN,PENDING,NOT_YET_TESTED,PENDING_DOM_EXTRACTION,,COMPOSED,,,,,,N/A,,ORIGIN-NOUN-COMPOSED-1.0,NOT_REQUIRED,,PENDING_EMPIRICAL_VALIDATION,,,,,,https://trends.google.com/trends/explore?date=2018-01-01%202026-08-09&geo=AR&q=pollo%20frito%20coreano&hl=en,한국 치킨 · 소비양식 문법 · 아르헨티나(es) 조합,,,한국 치킨,KCONSUMER_COMPOSED_V1
AR|KFOOD|KFOOD_E06,AR,KFOOD,KFOOD_E06,,keyword,snacks coreanos,,es,EXPORT_REFERENCED,RULE_SELECTED,PENDING_EMPIRICAL,UNKNOWN,PENDING,NOT_YET_TESTED,PENDING_DOM_EXTRACTION,,COMPOSED,,,,,,N/A,,ORIGIN-NOUN-COMPOSED-1.0,NOT_REQUIRED,,PENDING_EMPIRICAL_VALIDATION,,,,,,https://trends.google.com/trends/explore?date=2018-01-01%202026-08-09&geo=AR&q=snacks%20coreanos&hl=en,한국 과자 · 수출 참고 HS 190590·170490 · 아르헨티나(es) 조합,,,한국 과자,KCONSUMER_COMPOSED_V1
AR|KFOOD|KFOOD_E07,AR,KFOOD,KFOOD_E07,,keyword,alga coreana,,es,EXPORT_REFERENCED,RULE_SELECTED,PENDING_EMPIRICAL,UNKNOWN,PENDING,NOT_YET_TESTED,PENDING_DOM_EXTRACTION,,COMPOSED,,,,,,N/A,,ORIGIN-NOUN-COMPOSED-1.0,NOT_REQUIRED,,PENDING_EMPIRICAL_VALIDATION,,,,,,https://trends.google.com/trends/explore?date=2018-01-01%202026-08-09&geo=AR&q=alga%20coreana&hl=en,김 · 수출 참고 HS 121221 · 아르헨티나(es) 조합,,일본어 のり 단독은 일본산 김. 韓国のり 로 한정,김,KCONSUMER_COMPOSED_V1
AR|KFOOD|KFOOD_E08,AR,KFOOD,KFOOD_E08,,keyword,gochujang,,es,EXPORT_REFERENCED,RULE_SELECTED,PENDING_EMPIRICAL,UNKNOWN,PENDING,NOT_YET_TESTED,PENDING_TOPIC_EXTRACTION,,ATOMIC_LEXEME,,,,,,N/A,,ATOMIC-LEXEME-1.0,NOT_REQUIRED,,PENDING_EMPIRICAL_VALIDATION,,,,,,https://trends.google.com/trends/explore?date=2018-01-01%202026-08-09&geo=AR&q=gochujang&hl=en,고추장 · 수출 참고 HS 210390 · 아르헨티나(es) 외래어,,,고추장 · TOPIC 후보,KCONSUMER_COMPOSED_V1
AR|KFOOD|KFOOD_E09,AR,KFOOD,KFOOD_E09,,keyword,ginseng coreano,,es,EXPORT_REFERENCED,RULE_SELECTED,PENDING_EMPIRICAL,UNKNOWN,PENDING,NOT_YET_TESTED,PENDING_TOPIC_EXTRACTION,,ATOMIC_LEXEME,,,,,,N/A,,ATOMIC-LEXEME-1.0,NOT_REQUIRED,,PENDING_EMPIRICAL_VALIDATION,,,,,,https://trends.google.com/trends/explore?date=2018-01-01%202026-08-09&geo=AR&q=ginseng%20coreano&hl=en,인삼 · 수출 참고 HS 121120 · 아르헨티나(es) 외래어,,,인삼 · TOPIC 후보,KCONSUMER_COMPOSED_V1
AR|KFOOD|KFOOD_P01,AR,KFOOD,KFOOD_P01,,keyword,comida japonesa,,es,MODE_GRAMMAR,RULE_SELECTED,PENDING_EMPIRICAL,UNKNOWN,PENDING,NOT_YET_TESTED,PENDING_TOPIC_EXTRACTION,,COMPOSED,,,,,,N/A,,ORIGIN-NOUN-COMPOSED-1.0,NOT_REQUIRED,,PENDING_EMPIRICAL_VALIDATION,,,,,,https://trends.google.com/trends/explore?date=2018-01-01%202026-08-09&geo=AR&q=comida%20japonesa&hl=en,[위약] 일식 · 소비양식 문법 · 아르헨티나(es) 조합,,위약이지만 한식·일식은 대체재이자 보완재라 부호가 양쪽 다 가능 — 계수 부호까지 함께 볼 것,[위약] 일식 · TOPIC 후보,KCONSUMER_COMPOSED_V1
AR|KFOOD|KFOOD_P02,AR,KFOOD,KFOOD_P02,,keyword,comida china,,es,MODE_GRAMMAR,RULE_SELECTED,PENDING_EMPIRICAL,UNKNOWN,PENDING,NOT_YET_TESTED,PENDING_TOPIC_EXTRACTION,,COMPOSED,,,,,,N/A,,ORIGIN-NOUN-COMPOSED-1.0,NOT_REQUIRED,,PENDING_EMPIRICAL_VALIDATION,,,,,,https://trends.google.com/trends/explore?date=2018-01-01%202026-08-09&geo=AR&q=comida%20china&hl=en,[위약] 중식 · 소비양식 문법 · 아르헨티나(es) 조합,,,[위약] 중식 · TOPIC 후보,KCONSUMER_COMPOSED_V1
AR|KFOOD|KFOOD_P03,AR,KFOOD,KFOOD_P03,,keyword,comida tailandesa,,es,MODE_GRAMMAR,RULE_SELECTED,PENDING_EMPIRICAL,UNKNOWN,PENDING,NOT_YET_TESTED,PENDING_TOPIC_EXTRACTION,,COMPOSED,,,,,,N/A,,ORIGIN-NOUN-COMPOSED-1.0,NOT_REQUIRED,,PENDING_EMPIRICAL_VALIDATION,,,,,,https://trends.google.com/trends/explore?date=2018-01-01%202026-08-09&geo=AR&q=comida%20tailandesa&hl=en,[위약] 태국음식 · 소비양식 문법 · 아르헨티나(es) 조합,,,[위약] 태국음식 · TOPIC 후보,KCONSUMER_COMPOSED_V1
AR|KBEAUTY|KBEAUTY_G01,AR,KBEAUTY,KBEAUTY_G01,,keyword,cosméticos coreanos,,es,MODE_GRAMMAR,RULE_SELECTED,PENDING_EMPIRICAL,UNKNOWN,PENDING,NOT_YET_TESTED,PENDING_TOPIC_EXTRACTION,,COMPOSED,,,,,,N/A,,ORIGIN-NOUN-COMPOSED-1.0,NOT_REQUIRED,,PENDING_EMPIRICAL_VALIDATION,,,,,,https://trends.google.com/trends/explore?date=2018-01-01%202026-08-09&geo=AR&q=cosm%C3%A9ticos%20coreanos&hl=en,한국 화장품 · 소비양식 문법 · 아르헨티나(es) 조합,,,한국 화장품 · TOPIC 후보,KCONSUMER_COMPOSED_V1
AR|KBEAUTY|KBEAUTY_G02,AR,KBEAUTY,KBEAUTY_G02,,keyword,K-beauty,,es,MODE_GRAMMAR,RULE_SELECTED,PENDING_EMPIRICAL,UNKNOWN,PENDING,NOT_YET_TESTED,PENDING_TOPIC_EXTRACTION,,ATOMIC_LEXEME,,,,,,N/A,,ATOMIC-LEXEME-1.0,NOT_REQUIRED,,PENDING_EMPIRICAL_VALIDATION,,,,,,https://trends.google.com/trends/explore?date=2018-01-01%202026-08-09&geo=AR&q=K-beauty&hl=en,K-beauty · 소비양식 문법 · 아르헨티나(es) 외래어,,,K-beauty · TOPIC 후보,KCONSUMER_COMPOSED_V1
AR|KBEAUTY|KBEAUTY_G03,AR,KBEAUTY,KBEAUTY_G03,,keyword,rutina de cuidado facial coreana,,es,EXPORT_REFERENCED,RULE_SELECTED,PENDING_EMPIRICAL,UNKNOWN,PENDING,NOT_YET_TESTED,PENDING_DOM_EXTRACTION,,COMPOSED,,,,,,N/A,,ORIGIN-NOUN-COMPOSED-1.0,NOT_REQUIRED,,PENDING_EMPIRICAL_VALIDATION,,,,,,https://trends.google.com/trends/explore?date=2018-01-01%202026-08-09&geo=AR&q=rutina%20de%20cuidado%20facial%20coreana&hl=en,한국 스킨케어 루틴 · 수출 참고 HS 330499 · 아르헨티나(es) 조합,,,한국 스킨케어 루틴,KCONSUMER_COMPOSED_V1
AR|KBEAUTY|KBEAUTY_G04,AR,KBEAUTY,KBEAUTY_G04,,keyword,marca de cosméticos coreana,,es,MODE_GRAMMAR,RULE_SELECTED,PENDING_EMPIRICAL,UNKNOWN,PENDING,NOT_YET_TESTED,PENDING_DOM_EXTRACTION,,COMPOSED,,,,,,N/A,,ORIGIN-NOUN-COMPOSED-1.0,NOT_REQUIRED,,PENDING_EMPIRICAL_VALIDATION,,,,,,https://trends.google.com/trends/explore?date=2018-01-01%202026-08-09&geo=AR&q=marca%20de%20cosm%C3%A9ticos%20coreana&hl=en,한국 화장품 브랜드 · 소비양식 문법 · 아르헨티나(es) 조합,,,한국 화장품 브랜드,KCONSUMER_COMPOSED_V1
AR|KBEAUTY|KBEAUTY_G05,AR,KBEAUTY,KBEAUTY_G05,,keyword,tutorial de maquillaje coreano,,es,EXPORT_REFERENCED,RULE_SELECTED,PENDING_EMPIRICAL,UNKNOWN,PENDING,NOT_YET_TESTED,PENDING_DOM_EXTRACTION,,COMPOSED,,,,,,N/A,,ORIGIN-NOUN-COMPOSED-1.0,NOT_REQUIRED,,PENDING_EMPIRICAL_VALIDATION,,,,,,https://trends.google.com/trends/explore?date=2018-01-01%202026-08-09&geo=AR&q=tutorial%20de%20maquillaje%20coreano&hl=en,한국 메이크업 · 수출 참고 HS 330410·330420 · 아르헨티나(es) 조합,,,한국 메이크업,KCONSUMER_COMPOSED_V1
AR|KBEAUTY|KBEAUTY_G06,AR,KBEAUTY,KBEAUTY_G06,,keyword,glass skin,,es,MODE_GRAMMAR,RULE_SELECTED,PENDING_EMPIRICAL,UNKNOWN,PENDING,NOT_YET_TESTED,PENDING_TOPIC_EXTRACTION,,ATOMIC_LEXEME,,,,,,N/A,,ATOMIC-LEXEME-1.0,NOT_REQUIRED,,PENDING_EMPIRICAL_VALIDATION,,,,,,https://trends.google.com/trends/explore?date=2018-01-01%202026-08-09&geo=AR&q=glass%20skin&hl=en,글래스 스킨 · 소비양식 문법 · 아르헨티나(es) 외래어,,'glass skin' 은 한국 기원이나 글로벌 뷰티 용어로 확산돼 도메인 귀속이 약하다,글래스 스킨 · TOPIC 후보,KCONSUMER_COMPOSED_V1
AR|KBEAUTY|KBEAUTY_E01,AR,KBEAUTY,KBEAUTY_E01,,keyword,sérum coreano,,es,EXPORT_REFERENCED,RULE_SELECTED,PENDING_EMPIRICAL,UNKNOWN,PENDING,NOT_YET_TESTED,PENDING_DOM_EXTRACTION,,COMPOSED,,,,,,N/A,,ORIGIN-NOUN-COMPOSED-1.0,NOT_REQUIRED,,PENDING_EMPIRICAL_VALIDATION,,,,,,https://trends.google.com/trends/explore?date=2018-01-01%202026-08-09&geo=AR&q=s%C3%A9rum%20coreano&hl=en,세럼·에센스 · 수출 참고 HS 330499 · 아르헨티나(es) 조합,,,세럼·에센스,KCONSUMER_COMPOSED_V1
AR|KBEAUTY|KBEAUTY_E02,AR,KBEAUTY,KBEAUTY_E02,,keyword,mascarilla facial coreana,,es,EXPORT_REFERENCED,RULE_SELECTED,PENDING_EMPIRICAL,UNKNOWN,PENDING,NOT_YET_TESTED,PENDING_DOM_EXTRACTION,,COMPOSED,,,,,,N/A,,ORIGIN-NOUN-COMPOSED-1.0,NOT_REQUIRED,,PENDING_EMPIRICAL_VALIDATION,,,,,,https://trends.google.com/trends/explore?date=2018-01-01%202026-08-09&geo=AR&q=mascarilla%20facial%20coreana&hl=en,시트마스크 · 수출 참고 HS 330499 · 아르헨티나(es) 조합,,,시트마스크,KCONSUMER_COMPOSED_V1
AR|KBEAUTY|KBEAUTY_E03,AR,KBEAUTY,KBEAUTY_E03,,keyword,protector solar coreano,,es,EXPORT_REFERENCED,RULE_SELECTED,PENDING_EMPIRICAL,UNKNOWN,PENDING,NOT_YET_TESTED,PENDING_DOM_EXTRACTION,,COMPOSED,,,,,,N/A,,ORIGIN-NOUN-COMPOSED-1.0,NOT_REQUIRED,,PENDING_EMPIRICAL_VALIDATION,,,,,,https://trends.google.com/trends/explore?date=2018-01-01%202026-08-09&geo=AR&q=protector%20solar%20coreano&hl=en,선크림 · 수출 참고 HS 330499 · 아르헨티나(es) 조합,,,선크림,KCONSUMER_COMPOSED_V1
AR|KBEAUTY|KBEAUTY_E04,AR,KBEAUTY,KBEAUTY_E04,,keyword,base cushion coreana,,es,EXPORT_REFERENCED,RULE_SELECTED,PENDING_EMPIRICAL,UNKNOWN,PENDING,NOT_YET_TESTED,PENDING_DOM_EXTRACTION,,COMPOSED,,,,,,N/A,,ORIGIN-NOUN-COMPOSED-1.0,NOT_REQUIRED,,PENDING_EMPIRICAL_VALIDATION,,,,,,https://trends.google.com/trends/explore?date=2018-01-01%202026-08-09&geo=AR&q=base%20cushion%20coreana&hl=en,쿠션 파운데이션 · 수출 참고 HS 330491·961620 · 아르헨티나(es) 조합,,쿠션은 한국이 만든 제형이라 원산지 수식 없이도 한국 신호일 수 있다 — 수식어를 붙여 과소측정될 위험,쿠션 파운데이션,KCONSUMER_COMPOSED_V1
AR|KBEAUTY|KBEAUTY_E05,AR,KBEAUTY,KBEAUTY_E05,,keyword,tinta de labios coreana,,es,EXPORT_REFERENCED,RULE_SELECTED,PENDING_EMPIRICAL,UNKNOWN,PENDING,NOT_YET_TESTED,PENDING_DOM_EXTRACTION,,COMPOSED,,,,,,N/A,,ORIGIN-NOUN-COMPOSED-1.0,NOT_REQUIRED,,PENDING_EMPIRICAL_VALIDATION,,,,,,https://trends.google.com/trends/explore?date=2018-01-01%202026-08-09&geo=AR&q=tinta%20de%20labios%20coreana&hl=en,립틴트 · 수출 참고 HS 330410 · 아르헨티나(es) 조합,,,립틴트,KCONSUMER_COMPOSED_V1
AR|KBEAUTY|KBEAUTY_E06,AR,KBEAUTY,KBEAUTY_E06,,keyword,limpiador facial coreano,,es,EXPORT_REFERENCED,RULE_SELECTED,PENDING_EMPIRICAL,UNKNOWN,PENDING,NOT_YET_TESTED,PENDING_DOM_EXTRACTION,,COMPOSED,,,,,,N/A,,ORIGIN-NOUN-COMPOSED-1.0,NOT_REQUIRED,,PENDING_EMPIRICAL_VALIDATION,,,,,,https://trends.google.com/trends/explore?date=2018-01-01%202026-08-09&geo=AR&q=limpiador%20facial%20coreano&hl=en,클렌징 · 수출 참고 HS 340130 · 아르헨티나(es) 조합,,,클렌징,KCONSUMER_COMPOSED_V1
AR|KBEAUTY|KBEAUTY_E07,AR,KBEAUTY,KBEAUTY_E07,,keyword,cuidado del cabello coreano,,es,EXPORT_REFERENCED,RULE_SELECTED,PENDING_EMPIRICAL,UNKNOWN,PENDING,NOT_YET_TESTED,PENDING_DOM_EXTRACTION,,COMPOSED,,,,,,N/A,,ORIGIN-NOUN-COMPOSED-1.0,NOT_REQUIRED,,PENDING_EMPIRICAL_VALIDATION,,,,,,https://trends.google.com/trends/explore?date=2018-01-01%202026-08-09&geo=AR&q=cuidado%20del%20cabello%20coreano&hl=en,헤어케어 · 수출 참고 HS 330590·330510 · 아르헨티나(es) 조합,,,헤어케어,KCONSUMER_COMPOSED_V1
AR|KBEAUTY|KBEAUTY_E08,AR,KBEAUTY,KBEAUTY_E08,,keyword,perfume coreano,,es,EXPORT_REFERENCED,RULE_SELECTED,PENDING_EMPIRICAL,UNKNOWN,PENDING,NOT_YET_TESTED,PENDING_DOM_EXTRACTION,,COMPOSED,,,,,,N/A,,ORIGIN-NOUN-COMPOSED-1.0,NOT_REQUIRED,,PENDING_EMPIRICAL_VALIDATION,,,,,,https://trends.google.com/trends/explore?date=2018-01-01%202026-08-09&geo=AR&q=perfume%20coreano&hl=en,향수 · 수출 참고 HS 330300·330790 · 아르헨티나(es) 조합,,,향수,KCONSUMER_COMPOSED_V1
AR|KBEAUTY|KBEAUTY_P01,AR,KBEAUTY,KBEAUTY_P01,,keyword,cosméticos japoneses,,es,MODE_GRAMMAR,RULE_SELECTED,PENDING_EMPIRICAL,UNKNOWN,PENDING,NOT_YET_TESTED,PENDING_TOPIC_EXTRACTION,,COMPOSED,,,,,,N/A,,ORIGIN-NOUN-COMPOSED-1.0,NOT_REQUIRED,,PENDING_EMPIRICAL_VALIDATION,,,,,,https://trends.google.com/trends/explore?date=2018-01-01%202026-08-09&geo=AR&q=cosm%C3%A9ticos%20japoneses&hl=en,[위약] 일본 화장품 · 소비양식 문법 · 아르헨티나(es) 조합,,,[위약] 일본 화장품 · TOPIC 후보,KCONSUMER_COMPOSED_V1
AR|KBEAUTY|KBEAUTY_P02,AR,KBEAUTY,KBEAUTY_P02,,keyword,cosméticos franceses,,es,MODE_GRAMMAR,RULE_SELECTED,PENDING_EMPIRICAL,UNKNOWN,PENDING,NOT_YET_TESTED,PENDING_TOPIC_EXTRACTION,,COMPOSED,,,,,,N/A,,ORIGIN-NOUN-COMPOSED-1.0,NOT_REQUIRED,,PENDING_EMPIRICAL_VALIDATION,,,,,,https://trends.google.com/trends/explore?date=2018-01-01%202026-08-09&geo=AR&q=cosm%C3%A9ticos%20franceses&hl=en,[위약] 프랑스 화장품 · 소비양식 문법 · 아르헨티나(es) 조합,,,[위약] 프랑스 화장품 · TOPIC 후보,KCONSUMER_COMPOSED_V1
AR|KFASHION|KFASHION_G01,AR,KFASHION,KFASHION_G01,,keyword,moda coreana,,es,MODE_GRAMMAR,RULE_SELECTED,PENDING_EMPIRICAL,UNKNOWN,PENDING,NOT_YET_TESTED,PENDING_TOPIC_EXTRACTION,,COMPOSED,,,,,,N/A,,ORIGIN-NOUN-COMPOSED-1.0,NOT_REQUIRED,,PENDING_EMPIRICAL_VALIDATION,,,,,,https://trends.google.com/trends/explore?date=2018-01-01%202026-08-09&geo=AR&q=moda%20coreana&hl=en,한국 패션 · 소비양식 문법 · 아르헨티나(es) 조합,,,한국 패션 · TOPIC 후보,KCONSUMER_COMPOSED_V1
AR|KFASHION|KFASHION_G02,AR,KFASHION,KFASHION_G02,,keyword,K-fashion,,es,MODE_GRAMMAR,RULE_SELECTED,PENDING_EMPIRICAL,UNKNOWN,PENDING,NOT_YET_TESTED,PENDING_TOPIC_EXTRACTION,,ATOMIC_LEXEME,,,,,,N/A,,ATOMIC-LEXEME-1.0,NOT_REQUIRED,,PENDING_EMPIRICAL_VALIDATION,,,,,,https://trends.google.com/trends/explore?date=2018-01-01%202026-08-09&geo=AR&q=K-fashion&hl=en,K-fashion · 소비양식 문법 · 아르헨티나(es) 외래어,,,K-fashion · TOPIC 후보,KCONSUMER_COMPOSED_V1
AR|KFASHION|KFASHION_G03,AR,KFASHION,KFASHION_G03,,keyword,estilo coreano,,es,MODE_GRAMMAR,RULE_SELECTED,PENDING_EMPIRICAL,UNKNOWN,PENDING,NOT_YET_TESTED,PENDING_DOM_EXTRACTION,,COMPOSED,,,,,,N/A,,ORIGIN-NOUN-COMPOSED-1.0,NOT_REQUIRED,,PENDING_EMPIRICAL_VALIDATION,,,,,,https://trends.google.com/trends/explore?date=2018-01-01%202026-08-09&geo=AR&q=estilo%20coreano&hl=en,한국 스타일 코디 · 소비양식 문법 · 아르헨티나(es) 조합,,,한국 스타일 코디,KCONSUMER_COMPOSED_V1
AR|KFASHION|KFASHION_G04,AR,KFASHION,KFASHION_G04,,keyword,marca de moda coreana,,es,MODE_GRAMMAR,RULE_SELECTED,PENDING_EMPIRICAL,UNKNOWN,PENDING,NOT_YET_TESTED,PENDING_DOM_EXTRACTION,,COMPOSED,,,,,,N/A,,ORIGIN-NOUN-COMPOSED-1.0,NOT_REQUIRED,,PENDING_EMPIRICAL_VALIDATION,,,,,,https://trends.google.com/trends/explore?date=2018-01-01%202026-08-09&geo=AR&q=marca%20de%20moda%20coreana&hl=en,한국 패션 브랜드 · 소비양식 문법 · 아르헨티나(es) 조합,,,한국 패션 브랜드,KCONSUMER_COMPOSED_V1
AR|KFASHION|KFASHION_G05,AR,KFASHION,KFASHION_G05,,keyword,moda idol coreana,,es,MODE_GRAMMAR,RULE_SELECTED,PENDING_EMPIRICAL,UNKNOWN,PENDING,NOT_YET_TESTED,PENDING_DOM_EXTRACTION,,COMPOSED,,,,,,N/A,,ORIGIN-NOUN-COMPOSED-1.0,NOT_REQUIRED,,PENDING_EMPIRICAL_VALIDATION,,,,,,https://trends.google.com/trends/explore?date=2018-01-01%202026-08-09&geo=AR&q=moda%20idol%20coreana&hl=en,아이돌 패션 · 소비양식 문법 · 아르헨티나(es) 조합,,아이돌 패션은 K-Pop 도메인과 겹친다. KPOP 계열과의 상관을 먼저 확인할 것,아이돌 패션,KCONSUMER_COMPOSED_V1
AR|KFASHION|KFASHION_G06,AR,KFASHION,KFASHION_G06,,keyword,streetwear coreano,,es,MODE_GRAMMAR,RULE_SELECTED,PENDING_EMPIRICAL,UNKNOWN,PENDING,NOT_YET_TESTED,PENDING_DOM_EXTRACTION,,COMPOSED,,,,,,N/A,,ORIGIN-NOUN-COMPOSED-1.0,NOT_REQUIRED,,PENDING_EMPIRICAL_VALIDATION,,,,,,https://trends.google.com/trends/explore?date=2018-01-01%202026-08-09&geo=AR&q=streetwear%20coreano&hl=en,한국 스트릿웨어 · 소비양식 문법 · 아르헨티나(es) 조합,,,한국 스트릿웨어,KCONSUMER_COMPOSED_V1
AR|KFASHION|KFASHION_G07,AR,KFASHION,KFASHION_G07,,keyword,tienda de ropa online coreana,,es,MODE_GRAMMAR,RULE_SELECTED,PENDING_EMPIRICAL,UNKNOWN,PENDING,NOT_YET_TESTED,PENDING_DOM_EXTRACTION,,COMPOSED,,,,,,N/A,,ORIGIN-NOUN-COMPOSED-1.0,NOT_REQUIRED,,PENDING_EMPIRICAL_VALIDATION,,,,,,https://trends.google.com/trends/explore?date=2018-01-01%202026-08-09&geo=AR&q=tienda%20de%20ropa%20online%20coreana&hl=en,한국 옷 쇼핑몰 · 소비양식 문법 · 아르헨티나(es) 조합,,'한국 옷 쇼핑몰'은 플랫폼 브랜드명(무신사 등)으로 검색이 분산될 수 있음,한국 옷 쇼핑몰,KCONSUMER_COMPOSED_V1
AR|KFASHION|KFASHION_E01,AR,KFASHION,KFASHION_E01,,keyword,bolso coreano,,es,EXPORT_REFERENCED,RULE_SELECTED,PENDING_EMPIRICAL,UNKNOWN,PENDING,NOT_YET_TESTED,PENDING_DOM_EXTRACTION,,COMPOSED,,,,,,N/A,,ORIGIN-NOUN-COMPOSED-1.0,NOT_REQUIRED,,PENDING_EMPIRICAL_VALIDATION,,,,,,https://trends.google.com/trends/explore?date=2018-01-01%202026-08-09&geo=AR&q=bolso%20coreano&hl=en,가방 · 수출 참고 HS 420222·420221·420292 · 아르헨티나(es) 조합,,,가방,KCONSUMER_COMPOSED_V1
AR|KFASHION|KFASHION_E02,AR,KFASHION,KFASHION_E02,,keyword,gafas de sol coreanas,,es,EXPORT_REFERENCED,RULE_SELECTED,PENDING_EMPIRICAL,UNKNOWN,PENDING,NOT_YET_TESTED,PENDING_DOM_EXTRACTION,,COMPOSED,,,,,,N/A,,ORIGIN-NOUN-COMPOSED-1.0,NOT_REQUIRED,,PENDING_EMPIRICAL_VALIDATION,,,,,,https://trends.google.com/trends/explore?date=2018-01-01%202026-08-09&geo=AR&q=gafas%20de%20sol%20coreanas&hl=en,선글라스 · 수출 참고 HS 900410 · 아르헨티나(es) 조합,,,선글라스,KCONSUMER_COMPOSED_V1
AR|KFASHION|KFASHION_E03,AR,KFASHION,KFASHION_E03,,keyword,zapatillas coreanas,,es,EXPORT_REFERENCED,RULE_SELECTED,PENDING_EMPIRICAL,UNKNOWN,PENDING,NOT_YET_TESTED,PENDING_DOM_EXTRACTION,,COMPOSED,,,,,,N/A,,ORIGIN-NOUN-COMPOSED-1.0,NOT_REQUIRED,,PENDING_EMPIRICAL_VALIDATION,,,,,,https://trends.google.com/trends/explore?date=2018-01-01%202026-08-09&geo=AR&q=zapatillas%20coreanas&hl=en,스니커즈 · 수출 참고 HS 640411·640419 · 아르헨티나(es) 조합,,,스니커즈,KCONSUMER_COMPOSED_V1
AR|KFASHION|KFASHION_E04,AR,KFASHION,KFASHION_E04,,keyword,camiseta coreana,,es,EXPORT_REFERENCED,RULE_SELECTED,PENDING_EMPIRICAL,UNKNOWN,PENDING,NOT_YET_TESTED,PENDING_DOM_EXTRACTION,,COMPOSED,,,,,,N/A,,ORIGIN-NOUN-COMPOSED-1.0,NOT_REQUIRED,,PENDING_EMPIRICAL_VALIDATION,,,,,,https://trends.google.com/trends/explore?date=2018-01-01%202026-08-09&geo=AR&q=camiseta%20coreana&hl=en,티셔츠 · 수출 참고 HS 610910·610990 · 아르헨티나(es) 조합,,,티셔츠,KCONSUMER_COMPOSED_V1
AR|KFASHION|KFASHION_E05,AR,KFASHION,KFASHION_E05,,keyword,joyería coreana,,es,EXPORT_REFERENCED,RULE_SELECTED,PENDING_EMPIRICAL,UNKNOWN,PENDING,NOT_YET_TESTED,PENDING_DOM_EXTRACTION,,COMPOSED,,,,,,N/A,,ORIGIN-NOUN-COMPOSED-1.0,NOT_REQUIRED,,PENDING_EMPIRICAL_VALIDATION,,,,,,https://trends.google.com/trends/explore?date=2018-01-01%202026-08-09&geo=AR&q=joyer%C3%ADa%20coreana&hl=en,주얼리 · 수출 참고 HS 711319·711719 · 아르헨티나(es) 조합,,주얼리 대역의 L1 대응 품목 711319 는 금 시세에 좌우된다 — L1 과 L3 의 괴리가 클 것으로 예상,주얼리,KCONSUMER_COMPOSED_V1
AR|KFASHION|KFASHION_E06,AR,KFASHION,KFASHION_E06,,keyword,sombrero coreano,,es,EXPORT_REFERENCED,RULE_SELECTED,PENDING_EMPIRICAL,UNKNOWN,PENDING,NOT_YET_TESTED,PENDING_DOM_EXTRACTION,,COMPOSED,,,,,,N/A,,ORIGIN-NOUN-COMPOSED-1.0,NOT_REQUIRED,,PENDING_EMPIRICAL_VALIDATION,,,,,,https://trends.google.com/trends/explore?date=2018-01-01%202026-08-09&geo=AR&q=sombrero%20coreano&hl=en,모자 · 수출 참고 HS 650500 · 아르헨티나(es) 조합,,,모자,KCONSUMER_COMPOSED_V1
AR|KFASHION|KFASHION_E07,AR,KFASHION,KFASHION_E07,,keyword,abrigo coreano,,es,EXPORT_REFERENCED,RULE_SELECTED,PENDING_EMPIRICAL,UNKNOWN,PENDING,NOT_YET_TESTED,PENDING_DOM_EXTRACTION,,COMPOSED,,,,,,N/A,,ORIGIN-NOUN-COMPOSED-1.0,NOT_REQUIRED,,PENDING_EMPIRICAL_VALIDATION,,,,,,https://trends.google.com/trends/explore?date=2018-01-01%202026-08-09&geo=AR&q=abrigo%20coreano&hl=en,아우터 · 수출 참고 HS 620240 · 아르헨티나(es) 조합,,,아우터,KCONSUMER_COMPOSED_V1
AR|KFASHION|KFASHION_P01,AR,KFASHION,KFASHION_P01,,keyword,moda japonesa,,es,MODE_GRAMMAR,RULE_SELECTED,PENDING_EMPIRICAL,UNKNOWN,PENDING,NOT_YET_TESTED,PENDING_TOPIC_EXTRACTION,,COMPOSED,,,,,,N/A,,ORIGIN-NOUN-COMPOSED-1.0,NOT_REQUIRED,,PENDING_EMPIRICAL_VALIDATION,,,,,,https://trends.google.com/trends/explore?date=2018-01-01%202026-08-09&geo=AR&q=moda%20japonesa&hl=en,[위약] 일본 패션 · 소비양식 문법 · 아르헨티나(es) 조합,,,[위약] 일본 패션 · TOPIC 후보,KCONSUMER_COMPOSED_V1
AR|KFASHION|KFASHION_P02,AR,KFASHION,KFASHION_P02,,keyword,moda italiana,,es,MODE_GRAMMAR,RULE_SELECTED,PENDING_EMPIRICAL,UNKNOWN,PENDING,NOT_YET_TESTED,PENDING_TOPIC_EXTRACTION,,COMPOSED,,,,,,N/A,,ORIGIN-NOUN-COMPOSED-1.0,NOT_REQUIRED,,PENDING_EMPIRICAL_VALIDATION,,,,,,https://trends.google.com/trends/explore?date=2018-01-01%202026-08-09&geo=AR&q=moda%20italiana&hl=en,[위약] 이탈리아 패션 · 소비양식 문법 · 아르헨티나(es) 조합,,,[위약] 이탈리아 패션 · TOPIC 후보,KCONSUMER_COMPOSED_V1
TR|KFOOD|KFOOD_G01,TR,KFOOD,KFOOD_G01,,keyword,Kore yemekleri,,tr,MODE_GRAMMAR,RULE_SELECTED,PENDING_EMPIRICAL,UNKNOWN,PENDING,NOT_YET_TESTED,PENDING_TOPIC_EXTRACTION,,COMPOSED,,,,,,N/A,,ORIGIN-NOUN-COMPOSED-1.0,NOT_REQUIRED,,PENDING_EMPIRICAL_VALIDATION,,,,,,https://trends.google.com/trends/explore?date=2018-01-01%202026-08-09&geo=TR&q=Kore%20yemekleri&hl=en,한국 음식 · 소비양식 문법 · 튀르키예(tr) 조합,,,한국 음식 · TOPIC 후보,KCONSUMER_COMPOSED_V1
TR|KFOOD|KFOOD_G02,TR,KFOOD,KFOOD_G02,,keyword,K-food,,tr,MODE_GRAMMAR,RULE_SELECTED,PENDING_EMPIRICAL,UNKNOWN,PENDING,NOT_YET_TESTED,PENDING_TOPIC_EXTRACTION,,ATOMIC_LEXEME,,,,,,N/A,,ATOMIC-LEXEME-1.0,NOT_REQUIRED,,PENDING_EMPIRICAL_VALIDATION,,,,,,https://trends.google.com/trends/explore?date=2018-01-01%202026-08-09&geo=TR&q=K-food&hl=en,K-food · 소비양식 문법 · 튀르키예(tr) 외래어,,,K-food · TOPIC 후보,KCONSUMER_COMPOSED_V1
TR|KFOOD|KFOOD_G03,TR,KFOOD,KFOOD_G03,,keyword,Kore yemek tarifi,,tr,MODE_GRAMMAR,RULE_SELECTED,PENDING_EMPIRICAL,UNKNOWN,PENDING,NOT_YET_TESTED,PENDING_DOM_EXTRACTION,,COMPOSED,,,,,,N/A,,ORIGIN-NOUN-COMPOSED-1.0,NOT_REQUIRED,,PENDING_EMPIRICAL_VALIDATION,,,,,,https://trends.google.com/trends/explore?date=2018-01-01%202026-08-09&geo=TR&q=Kore%20yemek%20tarifi&hl=en,한국 요리법 · 소비양식 문법 · 튀르키예(tr) 조합,,,한국 요리법,KCONSUMER_COMPOSED_V1
TR|KFOOD|KFOOD_G04,TR,KFOOD,KFOOD_G04,,keyword,Kore restoranı,,tr,MODE_GRAMMAR,RULE_SELECTED,PENDING_EMPIRICAL,UNKNOWN,PENDING,NOT_YET_TESTED,PENDING_DOM_EXTRACTION,,COMPOSED,,,,,,N/A,,ORIGIN-NOUN-COMPOSED-1.0,NOT_REQUIRED,,PENDING_EMPIRICAL_VALIDATION,,,,,,https://trends.google.com/trends/explore?date=2018-01-01%202026-08-09&geo=TR&q=Kore%20restoran%C4%B1&hl=en,한식당 · 소비양식 문법 · 튀르키예(tr) 조합,,,한식당,KCONSUMER_COMPOSED_V1
TR|KFOOD|KFOOD_G05,TR,KFOOD,KFOOD_G05,,keyword,mukbang,,tr,MODE_GRAMMAR,RULE_SELECTED,PENDING_EMPIRICAL,UNKNOWN,PENDING,NOT_YET_TESTED,PENDING_TOPIC_EXTRACTION,,ATOMIC_LEXEME,,,,,,N/A,,ATOMIC-LEXEME-1.0,NOT_REQUIRED,,PENDING_EMPIRICAL_VALIDATION,,,,,,https://trends.google.com/trends/explore?date=2018-01-01%202026-08-09&geo=TR&q=mukbang&hl=en,먹방 · 소비양식 문법 · 튀르키예(tr) 외래어,,먹방은 한국 기원어지만 이미 국제 장르명이 되어 비한국 콘텐츠를 포함한다 — 도메인 귀속이 약해지는 방향,먹방 · TOPIC 후보,KCONSUMER_COMPOSED_V1
TR|KFOOD|KFOOD_G06,TR,KFOOD,KFOOD_G06,,keyword,Kore sokak yemekleri,,tr,MODE_GRAMMAR,RULE_SELECTED,PENDING_EMPIRICAL,UNKNOWN,PENDING,NOT_YET_TESTED,PENDING_DOM_EXTRACTION,,COMPOSED,,,,,,N/A,,ORIGIN-NOUN-COMPOSED-1.0,NOT_REQUIRED,,PENDING_EMPIRICAL_VALIDATION,,,,,,https://trends.google.com/trends/explore?date=2018-01-01%202026-08-09&geo=TR&q=Kore%20sokak%20yemekleri&hl=en,한국 길거리음식 · 소비양식 문법 · 튀르키예(tr) 조합,,,한국 길거리음식,KCONSUMER_COMPOSED_V1
TR|KFOOD|KFOOD_E01,TR,KFOOD,KFOOD_E01,,keyword,kimchi,,tr,EXPORT_REFERENCED,RULE_SELECTED,PENDING_EMPIRICAL,UNKNOWN,PENDING,NOT_YET_TESTED,PENDING_TOPIC_EXTRACTION,,ATOMIC_LEXEME,,,,,,N/A,,ATOMIC-LEXEME-1.0,NOT_REQUIRED,,PENDING_EMPIRICAL_VALIDATION,,,,,,https://trends.google.com/trends/explore?date=2018-01-01%202026-08-09&geo=TR&q=kimchi&hl=en,김치 · 수출 참고 HS 200599 · 튀르키예(tr) 외래어,,일본은 자국산 김치를 대량 생산해 JP 신호에 국산 수요가 섞인다,김치 · TOPIC 후보,KCONSUMER_COMPOSED_V1
TR|KFOOD|KFOOD_E02,TR,KFOOD,KFOOD_E02,,keyword,Kore ramyeon,,tr,EXPORT_REFERENCED,RULE_SELECTED,PENDING_EMPIRICAL,UNKNOWN,PENDING,NOT_YET_TESTED,PENDING_TOPIC_EXTRACTION,,COMPOSED,,,,,,N/A,,ORIGIN-NOUN-COMPOSED-1.0,NOT_REQUIRED,,PENDING_EMPIRICAL_VALIDATION,,,,,,https://trends.google.com/trends/explore?date=2018-01-01%202026-08-09&geo=TR&q=Kore%20ramyeon&hl=en,라면 · 수출 참고 HS 190230 · 튀르키예(tr) 조합,,'ramen' 단독은 일식이다. 전 언어에서 한국 수식어를 붙였으나 그만큼 검색량이 줄어 과소측정 가능,라면 · TOPIC 후보,KCONSUMER_COMPOSED_V1
TR|KFOOD|KFOOD_E03,TR,KFOOD,KFOOD_E03,,keyword,soju,,tr,EXPORT_REFERENCED,RULE_SELECTED,PENDING_EMPIRICAL,UNKNOWN,PENDING,NOT_YET_TESTED,PENDING_TOPIC_EXTRACTION,,ATOMIC_LEXEME,,,,,,N/A,,ATOMIC-LEXEME-1.0,NOT_REQUIRED,,PENDING_EMPIRICAL_VALIDATION,,,,,,https://trends.google.com/trends/explore?date=2018-01-01%202026-08-09&geo=TR&q=soju&hl=en,소주 · 수출 참고 HS 220890·220870 · 튀르키예(tr) 외래어,,일본어 焼酎 는 일본 소주다. 韓国焼酎 로 한정했으나 ソジュ 표기와 분산될 수 있음,소주 · TOPIC 후보,KCONSUMER_COMPOSED_V1
TR|KFOOD|KFOOD_E04,TR,KFOOD,KFOOD_E04,,keyword,tteokbokki,,tr,MODE_GRAMMAR,RULE_SELECTED,PENDING_EMPIRICAL,UNKNOWN,PENDING,NOT_YET_TESTED,PENDING_TOPIC_EXTRACTION,,ATOMIC_LEXEME,,,,,,N/A,,ATOMIC-LEXEME-1.0,NOT_REQUIRED,,PENDING_EMPIRICAL_VALIDATION,,,,,,https://trends.google.com/trends/explore?date=2018-01-01%202026-08-09&geo=TR&q=tteokbokki&hl=en,떡볶이 · 소비양식 문법 · 튀르키예(tr) 외래어,,,떡볶이 · TOPIC 후보,KCONSUMER_COMPOSED_V1
TR|KFOOD|KFOOD_E05,TR,KFOOD,KFOOD_E05,,keyword,Kore kızarmış tavuk,,tr,MODE_GRAMMAR,RULE_SELECTED,PENDING_EMPIRICAL,UNKNOWN,PENDING,NOT_YET_TESTED,PENDING_DOM_EXTRACTION,,COMPOSED,,,,,,N/A,,ORIGIN-NOUN-COMPOSED-1.0,NOT_REQUIRED,,PENDING_EMPIRICAL_VALIDATION,,,,,,https://trends.google.com/trends/explore?date=2018-01-01%202026-08-09&geo=TR&q=Kore%20k%C4%B1zarm%C4%B1%C5%9F%20tavuk&hl=en,한국 치킨 · 소비양식 문법 · 튀르키예(tr) 조합,,,한국 치킨,KCONSUMER_COMPOSED_V1
TR|KFOOD|KFOOD_E06,TR,KFOOD,KFOOD_E06,,keyword,Kore atıştırmalıkları,,tr,EXPORT_REFERENCED,RULE_SELECTED,PENDING_EMPIRICAL,UNKNOWN,PENDING,NOT_YET_TESTED,PENDING_DOM_EXTRACTION,,COMPOSED,,,,,,N/A,,ORIGIN-NOUN-COMPOSED-1.0,NOT_REQUIRED,,PENDING_EMPIRICAL_VALIDATION,,,,,,https://trends.google.com/trends/explore?date=2018-01-01%202026-08-09&geo=TR&q=Kore%20at%C4%B1%C5%9Ft%C4%B1rmal%C4%B1klar%C4%B1&hl=en,한국 과자 · 수출 참고 HS 190590·170490 · 튀르키예(tr) 조합,,,한국 과자,KCONSUMER_COMPOSED_V1
TR|KFOOD|KFOOD_E07,TR,KFOOD,KFOOD_E07,,keyword,Kore yosunu,,tr,EXPORT_REFERENCED,RULE_SELECTED,PENDING_EMPIRICAL,UNKNOWN,PENDING,NOT_YET_TESTED,PENDING_DOM_EXTRACTION,,COMPOSED,,,,,,N/A,,ORIGIN-NOUN-COMPOSED-1.0,NOT_REQUIRED,,PENDING_EMPIRICAL_VALIDATION,,,,,,https://trends.google.com/trends/explore?date=2018-01-01%202026-08-09&geo=TR&q=Kore%20yosunu&hl=en,김 · 수출 참고 HS 121221 · 튀르키예(tr) 조합,,일본어 のり 단독은 일본산 김. 韓国のり 로 한정,김,KCONSUMER_COMPOSED_V1
TR|KFOOD|KFOOD_E08,TR,KFOOD,KFOOD_E08,,keyword,gochujang,,tr,EXPORT_REFERENCED,RULE_SELECTED,PENDING_EMPIRICAL,UNKNOWN,PENDING,NOT_YET_TESTED,PENDING_TOPIC_EXTRACTION,,ATOMIC_LEXEME,,,,,,N/A,,ATOMIC-LEXEME-1.0,NOT_REQUIRED,,PENDING_EMPIRICAL_VALIDATION,,,,,,https://trends.google.com/trends/explore?date=2018-01-01%202026-08-09&geo=TR&q=gochujang&hl=en,고추장 · 수출 참고 HS 210390 · 튀르키예(tr) 외래어,,,고추장 · TOPIC 후보,KCONSUMER_COMPOSED_V1
TR|KFOOD|KFOOD_E09,TR,KFOOD,KFOOD_E09,,keyword,Kore ginsengi,,tr,EXPORT_REFERENCED,RULE_SELECTED,PENDING_EMPIRICAL,UNKNOWN,PENDING,NOT_YET_TESTED,PENDING_TOPIC_EXTRACTION,,ATOMIC_LEXEME,,,,,,N/A,,ATOMIC-LEXEME-1.0,NOT_REQUIRED,,PENDING_EMPIRICAL_VALIDATION,,,,,,https://trends.google.com/trends/explore?date=2018-01-01%202026-08-09&geo=TR&q=Kore%20ginsengi&hl=en,인삼 · 수출 참고 HS 121120 · 튀르키예(tr) 외래어,,,인삼 · TOPIC 후보,KCONSUMER_COMPOSED_V1
TR|KFOOD|KFOOD_P01,TR,KFOOD,KFOOD_P01,,keyword,Japon yemekleri,,tr,MODE_GRAMMAR,RULE_SELECTED,PENDING_EMPIRICAL,UNKNOWN,PENDING,NOT_YET_TESTED,PENDING_TOPIC_EXTRACTION,,COMPOSED,,,,,,N/A,,ORIGIN-NOUN-COMPOSED-1.0,NOT_REQUIRED,,PENDING_EMPIRICAL_VALIDATION,,,,,,https://trends.google.com/trends/explore?date=2018-01-01%202026-08-09&geo=TR&q=Japon%20yemekleri&hl=en,[위약] 일식 · 소비양식 문법 · 튀르키예(tr) 조합,,위약이지만 한식·일식은 대체재이자 보완재라 부호가 양쪽 다 가능 — 계수 부호까지 함께 볼 것,[위약] 일식 · TOPIC 후보,KCONSUMER_COMPOSED_V1
TR|KFOOD|KFOOD_P02,TR,KFOOD,KFOOD_P02,,keyword,Çin yemekleri,,tr,MODE_GRAMMAR,RULE_SELECTED,PENDING_EMPIRICAL,UNKNOWN,PENDING,NOT_YET_TESTED,PENDING_TOPIC_EXTRACTION,,COMPOSED,,,,,,N/A,,ORIGIN-NOUN-COMPOSED-1.0,NOT_REQUIRED,,PENDING_EMPIRICAL_VALIDATION,,,,,,https://trends.google.com/trends/explore?date=2018-01-01%202026-08-09&geo=TR&q=%C3%87in%20yemekleri&hl=en,[위약] 중식 · 소비양식 문법 · 튀르키예(tr) 조합,,,[위약] 중식 · TOPIC 후보,KCONSUMER_COMPOSED_V1
TR|KFOOD|KFOOD_P03,TR,KFOOD,KFOOD_P03,,keyword,Tayland yemekleri,,tr,MODE_GRAMMAR,RULE_SELECTED,PENDING_EMPIRICAL,UNKNOWN,PENDING,NOT_YET_TESTED,PENDING_TOPIC_EXTRACTION,,COMPOSED,,,,,,N/A,,ORIGIN-NOUN-COMPOSED-1.0,NOT_REQUIRED,,PENDING_EMPIRICAL_VALIDATION,,,,,,https://trends.google.com/trends/explore?date=2018-01-01%202026-08-09&geo=TR&q=Tayland%20yemekleri&hl=en,[위약] 태국음식 · 소비양식 문법 · 튀르키예(tr) 조합,,,[위약] 태국음식 · TOPIC 후보,KCONSUMER_COMPOSED_V1
TR|KBEAUTY|KBEAUTY_G01,TR,KBEAUTY,KBEAUTY_G01,,keyword,Kore kozmetik,,tr,MODE_GRAMMAR,RULE_SELECTED,PENDING_EMPIRICAL,UNKNOWN,PENDING,NOT_YET_TESTED,PENDING_TOPIC_EXTRACTION,,COMPOSED,,,,,,N/A,,ORIGIN-NOUN-COMPOSED-1.0,NOT_REQUIRED,,PENDING_EMPIRICAL_VALIDATION,,,,,,https://trends.google.com/trends/explore?date=2018-01-01%202026-08-09&geo=TR&q=Kore%20kozmetik&hl=en,한국 화장품 · 소비양식 문법 · 튀르키예(tr) 조합,,,한국 화장품 · TOPIC 후보,KCONSUMER_COMPOSED_V1
TR|KBEAUTY|KBEAUTY_G02,TR,KBEAUTY,KBEAUTY_G02,,keyword,K-beauty,,tr,MODE_GRAMMAR,RULE_SELECTED,PENDING_EMPIRICAL,UNKNOWN,PENDING,NOT_YET_TESTED,PENDING_TOPIC_EXTRACTION,,ATOMIC_LEXEME,,,,,,N/A,,ATOMIC-LEXEME-1.0,NOT_REQUIRED,,PENDING_EMPIRICAL_VALIDATION,,,,,,https://trends.google.com/trends/explore?date=2018-01-01%202026-08-09&geo=TR&q=K-beauty&hl=en,K-beauty · 소비양식 문법 · 튀르키예(tr) 외래어,,,K-beauty · TOPIC 후보,KCONSUMER_COMPOSED_V1
TR|KBEAUTY|KBEAUTY_G03,TR,KBEAUTY,KBEAUTY_G03,,keyword,Kore cilt bakım rutini,,tr,EXPORT_REFERENCED,RULE_SELECTED,PENDING_EMPIRICAL,UNKNOWN,PENDING,NOT_YET_TESTED,PENDING_DOM_EXTRACTION,,COMPOSED,,,,,,N/A,,ORIGIN-NOUN-COMPOSED-1.0,NOT_REQUIRED,,PENDING_EMPIRICAL_VALIDATION,,,,,,https://trends.google.com/trends/explore?date=2018-01-01%202026-08-09&geo=TR&q=Kore%20cilt%20bak%C4%B1m%20rutini&hl=en,한국 스킨케어 루틴 · 수출 참고 HS 330499 · 튀르키예(tr) 조합,,,한국 스킨케어 루틴,KCONSUMER_COMPOSED_V1
TR|KBEAUTY|KBEAUTY_G04,TR,KBEAUTY,KBEAUTY_G04,,keyword,Kore kozmetik markası,,tr,MODE_GRAMMAR,RULE_SELECTED,PENDING_EMPIRICAL,UNKNOWN,PENDING,NOT_YET_TESTED,PENDING_DOM_EXTRACTION,,COMPOSED,,,,,,N/A,,ORIGIN-NOUN-COMPOSED-1.0,NOT_REQUIRED,,PENDING_EMPIRICAL_VALIDATION,,,,,,https://trends.google.com/trends/explore?date=2018-01-01%202026-08-09&geo=TR&q=Kore%20kozmetik%20markas%C4%B1&hl=en,한국 화장품 브랜드 · 소비양식 문법 · 튀르키예(tr) 조합,,,한국 화장품 브랜드,KCONSUMER_COMPOSED_V1
TR|KBEAUTY|KBEAUTY_G05,TR,KBEAUTY,KBEAUTY_G05,,keyword,Kore makyaj eğitimi,,tr,EXPORT_REFERENCED,RULE_SELECTED,PENDING_EMPIRICAL,UNKNOWN,PENDING,NOT_YET_TESTED,PENDING_DOM_EXTRACTION,,COMPOSED,,,,,,N/A,,ORIGIN-NOUN-COMPOSED-1.0,NOT_REQUIRED,,PENDING_EMPIRICAL_VALIDATION,,,,,,https://trends.google.com/trends/explore?date=2018-01-01%202026-08-09&geo=TR&q=Kore%20makyaj%20e%C4%9Fitimi&hl=en,한국 메이크업 · 수출 참고 HS 330410·330420 · 튀르키예(tr) 조합,,,한국 메이크업,KCONSUMER_COMPOSED_V1
TR|KBEAUTY|KBEAUTY_G06,TR,KBEAUTY,KBEAUTY_G06,,keyword,glass skin,,tr,MODE_GRAMMAR,RULE_SELECTED,PENDING_EMPIRICAL,UNKNOWN,PENDING,NOT_YET_TESTED,PENDING_TOPIC_EXTRACTION,,ATOMIC_LEXEME,,,,,,N/A,,ATOMIC-LEXEME-1.0,NOT_REQUIRED,,PENDING_EMPIRICAL_VALIDATION,,,,,,https://trends.google.com/trends/explore?date=2018-01-01%202026-08-09&geo=TR&q=glass%20skin&hl=en,글래스 스킨 · 소비양식 문법 · 튀르키예(tr) 외래어,,'glass skin' 은 한국 기원이나 글로벌 뷰티 용어로 확산돼 도메인 귀속이 약하다,글래스 스킨 · TOPIC 후보,KCONSUMER_COMPOSED_V1
TR|KBEAUTY|KBEAUTY_E01,TR,KBEAUTY,KBEAUTY_E01,,keyword,Kore serumu,,tr,EXPORT_REFERENCED,RULE_SELECTED,PENDING_EMPIRICAL,UNKNOWN,PENDING,NOT_YET_TESTED,PENDING_DOM_EXTRACTION,,COMPOSED,,,,,,N/A,,ORIGIN-NOUN-COMPOSED-1.0,NOT_REQUIRED,,PENDING_EMPIRICAL_VALIDATION,,,,,,https://trends.google.com/trends/explore?date=2018-01-01%202026-08-09&geo=TR&q=Kore%20serumu&hl=en,세럼·에센스 · 수출 참고 HS 330499 · 튀르키예(tr) 조합,,,세럼·에센스,KCONSUMER_COMPOSED_V1
TR|KBEAUTY|KBEAUTY_E02,TR,KBEAUTY,KBEAUTY_E02,,keyword,Kore kağıt maske,,tr,EXPORT_REFERENCED,RULE_SELECTED,PENDING_EMPIRICAL,UNKNOWN,PENDING,NOT_YET_TESTED,PENDING_DOM_EXTRACTION,,COMPOSED,,,,,,N/A,,ORIGIN-NOUN-COMPOSED-1.0,NOT_REQUIRED,,PENDING_EMPIRICAL_VALIDATION,,,,,,https://trends.google.com/trends/explore?date=2018-01-01%202026-08-09&geo=TR&q=Kore%20ka%C4%9F%C4%B1t%20maske&hl=en,시트마스크 · 수출 참고 HS 330499 · 튀르키예(tr) 조합,,,시트마스크,KCONSUMER_COMPOSED_V1
TR|KBEAUTY|KBEAUTY_E03,TR,KBEAUTY,KBEAUTY_E03,,keyword,Kore güneş kremi,,tr,EXPORT_REFERENCED,RULE_SELECTED,PENDING_EMPIRICAL,UNKNOWN,PENDING,NOT_YET_TESTED,PENDING_DOM_EXTRACTION,,COMPOSED,,,,,,N/A,,ORIGIN-NOUN-COMPOSED-1.0,NOT_REQUIRED,,PENDING_EMPIRICAL_VALIDATION,,,,,,https://trends.google.com/trends/explore?date=2018-01-01%202026-08-09&geo=TR&q=Kore%20g%C3%BCne%C5%9F%20kremi&hl=en,선크림 · 수출 참고 HS 330499 · 튀르키예(tr) 조합,,,선크림,KCONSUMER_COMPOSED_V1
TR|KBEAUTY|KBEAUTY_E04,TR,KBEAUTY,KBEAUTY_E04,,keyword,Kore cushion fondöten,,tr,EXPORT_REFERENCED,RULE_SELECTED,PENDING_EMPIRICAL,UNKNOWN,PENDING,NOT_YET_TESTED,PENDING_DOM_EXTRACTION,,COMPOSED,,,,,,N/A,,ORIGIN-NOUN-COMPOSED-1.0,NOT_REQUIRED,,PENDING_EMPIRICAL_VALIDATION,,,,,,https://trends.google.com/trends/explore?date=2018-01-01%202026-08-09&geo=TR&q=Kore%20cushion%20fond%C3%B6ten&hl=en,쿠션 파운데이션 · 수출 참고 HS 330491·961620 · 튀르키예(tr) 조합,,쿠션은 한국이 만든 제형이라 원산지 수식 없이도 한국 신호일 수 있다 — 수식어를 붙여 과소측정될 위험,쿠션 파운데이션,KCONSUMER_COMPOSED_V1
TR|KBEAUTY|KBEAUTY_E05,TR,KBEAUTY,KBEAUTY_E05,,keyword,Kore lip tint,,tr,EXPORT_REFERENCED,RULE_SELECTED,PENDING_EMPIRICAL,UNKNOWN,PENDING,NOT_YET_TESTED,PENDING_DOM_EXTRACTION,,COMPOSED,,,,,,N/A,,ORIGIN-NOUN-COMPOSED-1.0,NOT_REQUIRED,,PENDING_EMPIRICAL_VALIDATION,,,,,,https://trends.google.com/trends/explore?date=2018-01-01%202026-08-09&geo=TR&q=Kore%20lip%20tint&hl=en,립틴트 · 수출 참고 HS 330410 · 튀르키예(tr) 조합,,,립틴트,KCONSUMER_COMPOSED_V1
TR|KBEAUTY|KBEAUTY_E06,TR,KBEAUTY,KBEAUTY_E06,,keyword,Kore yüz temizleyici,,tr,EXPORT_REFERENCED,RULE_SELECTED,PENDING_EMPIRICAL,UNKNOWN,PENDING,NOT_YET_TESTED,PENDING_DOM_EXTRACTION,,COMPOSED,,,,,,N/A,,ORIGIN-NOUN-COMPOSED-1.0,NOT_REQUIRED,,PENDING_EMPIRICAL_VALIDATION,,,,,,https://trends.google.com/trends/explore?date=2018-01-01%202026-08-09&geo=TR&q=Kore%20y%C3%BCz%20temizleyici&hl=en,클렌징 · 수출 참고 HS 340130 · 튀르키예(tr) 조합,,,클렌징,KCONSUMER_COMPOSED_V1
TR|KBEAUTY|KBEAUTY_E07,TR,KBEAUTY,KBEAUTY_E07,,keyword,Kore saç bakımı,,tr,EXPORT_REFERENCED,RULE_SELECTED,PENDING_EMPIRICAL,UNKNOWN,PENDING,NOT_YET_TESTED,PENDING_DOM_EXTRACTION,,COMPOSED,,,,,,N/A,,ORIGIN-NOUN-COMPOSED-1.0,NOT_REQUIRED,,PENDING_EMPIRICAL_VALIDATION,,,,,,https://trends.google.com/trends/explore?date=2018-01-01%202026-08-09&geo=TR&q=Kore%20sa%C3%A7%20bak%C4%B1m%C4%B1&hl=en,헤어케어 · 수출 참고 HS 330590·330510 · 튀르키예(tr) 조합,,,헤어케어,KCONSUMER_COMPOSED_V1
TR|KBEAUTY|KBEAUTY_E08,TR,KBEAUTY,KBEAUTY_E08,,keyword,Kore parfümü,,tr,EXPORT_REFERENCED,RULE_SELECTED,PENDING_EMPIRICAL,UNKNOWN,PENDING,NOT_YET_TESTED,PENDING_DOM_EXTRACTION,,COMPOSED,,,,,,N/A,,ORIGIN-NOUN-COMPOSED-1.0,NOT_REQUIRED,,PENDING_EMPIRICAL_VALIDATION,,,,,,https://trends.google.com/trends/explore?date=2018-01-01%202026-08-09&geo=TR&q=Kore%20parf%C3%BCm%C3%BC&hl=en,향수 · 수출 참고 HS 330300·330790 · 튀르키예(tr) 조합,,,향수,KCONSUMER_COMPOSED_V1
TR|KBEAUTY|KBEAUTY_P01,TR,KBEAUTY,KBEAUTY_P01,,keyword,Japon kozmetik,,tr,MODE_GRAMMAR,RULE_SELECTED,PENDING_EMPIRICAL,UNKNOWN,PENDING,NOT_YET_TESTED,PENDING_TOPIC_EXTRACTION,,COMPOSED,,,,,,N/A,,ORIGIN-NOUN-COMPOSED-1.0,NOT_REQUIRED,,PENDING_EMPIRICAL_VALIDATION,,,,,,https://trends.google.com/trends/explore?date=2018-01-01%202026-08-09&geo=TR&q=Japon%20kozmetik&hl=en,[위약] 일본 화장품 · 소비양식 문법 · 튀르키예(tr) 조합,,,[위약] 일본 화장품 · TOPIC 후보,KCONSUMER_COMPOSED_V1
TR|KBEAUTY|KBEAUTY_P02,TR,KBEAUTY,KBEAUTY_P02,,keyword,Fransız kozmetik,,tr,MODE_GRAMMAR,RULE_SELECTED,PENDING_EMPIRICAL,UNKNOWN,PENDING,NOT_YET_TESTED,PENDING_TOPIC_EXTRACTION,,COMPOSED,,,,,,N/A,,ORIGIN-NOUN-COMPOSED-1.0,NOT_REQUIRED,,PENDING_EMPIRICAL_VALIDATION,,,,,,https://trends.google.com/trends/explore?date=2018-01-01%202026-08-09&geo=TR&q=Frans%C4%B1z%20kozmetik&hl=en,[위약] 프랑스 화장품 · 소비양식 문법 · 튀르키예(tr) 조합,,,[위약] 프랑스 화장품 · TOPIC 후보,KCONSUMER_COMPOSED_V1
TR|KFASHION|KFASHION_G01,TR,KFASHION,KFASHION_G01,,keyword,Kore moda,,tr,MODE_GRAMMAR,RULE_SELECTED,PENDING_EMPIRICAL,UNKNOWN,PENDING,NOT_YET_TESTED,PENDING_TOPIC_EXTRACTION,,COMPOSED,,,,,,N/A,,ORIGIN-NOUN-COMPOSED-1.0,NOT_REQUIRED,,PENDING_EMPIRICAL_VALIDATION,,,,,,https://trends.google.com/trends/explore?date=2018-01-01%202026-08-09&geo=TR&q=Kore%20moda&hl=en,한국 패션 · 소비양식 문법 · 튀르키예(tr) 조합,,,한국 패션 · TOPIC 후보,KCONSUMER_COMPOSED_V1
TR|KFASHION|KFASHION_G02,TR,KFASHION,KFASHION_G02,,keyword,K-fashion,,tr,MODE_GRAMMAR,RULE_SELECTED,PENDING_EMPIRICAL,UNKNOWN,PENDING,NOT_YET_TESTED,PENDING_TOPIC_EXTRACTION,,ATOMIC_LEXEME,,,,,,N/A,,ATOMIC-LEXEME-1.0,NOT_REQUIRED,,PENDING_EMPIRICAL_VALIDATION,,,,,,https://trends.google.com/trends/explore?date=2018-01-01%202026-08-09&geo=TR&q=K-fashion&hl=en,K-fashion · 소비양식 문법 · 튀르키예(tr) 외래어,,,K-fashion · TOPIC 후보,KCONSUMER_COMPOSED_V1
TR|KFASHION|KFASHION_G03,TR,KFASHION,KFASHION_G03,,keyword,Kore tarzı,,tr,MODE_GRAMMAR,RULE_SELECTED,PENDING_EMPIRICAL,UNKNOWN,PENDING,NOT_YET_TESTED,PENDING_DOM_EXTRACTION,,COMPOSED,,,,,,N/A,,ORIGIN-NOUN-COMPOSED-1.0,NOT_REQUIRED,,PENDING_EMPIRICAL_VALIDATION,,,,,,https://trends.google.com/trends/explore?date=2018-01-01%202026-08-09&geo=TR&q=Kore%20tarz%C4%B1&hl=en,한국 스타일 코디 · 소비양식 문법 · 튀르키예(tr) 조합,,,한국 스타일 코디,KCONSUMER_COMPOSED_V1
TR|KFASHION|KFASHION_G04,TR,KFASHION,KFASHION_G04,,keyword,Kore moda markası,,tr,MODE_GRAMMAR,RULE_SELECTED,PENDING_EMPIRICAL,UNKNOWN,PENDING,NOT_YET_TESTED,PENDING_DOM_EXTRACTION,,COMPOSED,,,,,,N/A,,ORIGIN-NOUN-COMPOSED-1.0,NOT_REQUIRED,,PENDING_EMPIRICAL_VALIDATION,,,,,,https://trends.google.com/trends/explore?date=2018-01-01%202026-08-09&geo=TR&q=Kore%20moda%20markas%C4%B1&hl=en,한국 패션 브랜드 · 소비양식 문법 · 튀르키예(tr) 조합,,,한국 패션 브랜드,KCONSUMER_COMPOSED_V1
TR|KFASHION|KFASHION_G05,TR,KFASHION,KFASHION_G05,,keyword,Kore idol modası,,tr,MODE_GRAMMAR,RULE_SELECTED,PENDING_EMPIRICAL,UNKNOWN,PENDING,NOT_YET_TESTED,PENDING_DOM_EXTRACTION,,COMPOSED,,,,,,N/A,,ORIGIN-NOUN-COMPOSED-1.0,NOT_REQUIRED,,PENDING_EMPIRICAL_VALIDATION,,,,,,https://trends.google.com/trends/explore?date=2018-01-01%202026-08-09&geo=TR&q=Kore%20idol%20modas%C4%B1&hl=en,아이돌 패션 · 소비양식 문법 · 튀르키예(tr) 조합,,아이돌 패션은 K-Pop 도메인과 겹친다. KPOP 계열과의 상관을 먼저 확인할 것,아이돌 패션,KCONSUMER_COMPOSED_V1
TR|KFASHION|KFASHION_G06,TR,KFASHION,KFASHION_G06,,keyword,Kore streetwear,,tr,MODE_GRAMMAR,RULE_SELECTED,PENDING_EMPIRICAL,UNKNOWN,PENDING,NOT_YET_TESTED,PENDING_DOM_EXTRACTION,,COMPOSED,,,,,,N/A,,ORIGIN-NOUN-COMPOSED-1.0,NOT_REQUIRED,,PENDING_EMPIRICAL_VALIDATION,,,,,,https://trends.google.com/trends/explore?date=2018-01-01%202026-08-09&geo=TR&q=Kore%20streetwear&hl=en,한국 스트릿웨어 · 소비양식 문법 · 튀르키예(tr) 조합,,,한국 스트릿웨어,KCONSUMER_COMPOSED_V1
TR|KFASHION|KFASHION_G07,TR,KFASHION,KFASHION_G07,,keyword,Kore online giyim mağazası,,tr,MODE_GRAMMAR,RULE_SELECTED,PENDING_EMPIRICAL,UNKNOWN,PENDING,NOT_YET_TESTED,PENDING_DOM_EXTRACTION,,COMPOSED,,,,,,N/A,,ORIGIN-NOUN-COMPOSED-1.0,NOT_REQUIRED,,PENDING_EMPIRICAL_VALIDATION,,,,,,https://trends.google.com/trends/explore?date=2018-01-01%202026-08-09&geo=TR&q=Kore%20online%20giyim%20ma%C4%9Fazas%C4%B1&hl=en,한국 옷 쇼핑몰 · 소비양식 문법 · 튀르키예(tr) 조합,,'한국 옷 쇼핑몰'은 플랫폼 브랜드명(무신사 등)으로 검색이 분산될 수 있음,한국 옷 쇼핑몰,KCONSUMER_COMPOSED_V1
TR|KFASHION|KFASHION_E01,TR,KFASHION,KFASHION_E01,,keyword,Kore çantası,,tr,EXPORT_REFERENCED,RULE_SELECTED,PENDING_EMPIRICAL,UNKNOWN,PENDING,NOT_YET_TESTED,PENDING_DOM_EXTRACTION,,COMPOSED,,,,,,N/A,,ORIGIN-NOUN-COMPOSED-1.0,NOT_REQUIRED,,PENDING_EMPIRICAL_VALIDATION,,,,,,https://trends.google.com/trends/explore?date=2018-01-01%202026-08-09&geo=TR&q=Kore%20%C3%A7antas%C4%B1&hl=en,가방 · 수출 참고 HS 420222·420221·420292 · 튀르키예(tr) 조합,,,가방,KCONSUMER_COMPOSED_V1
TR|KFASHION|KFASHION_E02,TR,KFASHION,KFASHION_E02,,keyword,Kore güneş gözlüğü,,tr,EXPORT_REFERENCED,RULE_SELECTED,PENDING_EMPIRICAL,UNKNOWN,PENDING,NOT_YET_TESTED,PENDING_DOM_EXTRACTION,,COMPOSED,,,,,,N/A,,ORIGIN-NOUN-COMPOSED-1.0,NOT_REQUIRED,,PENDING_EMPIRICAL_VALIDATION,,,,,,https://trends.google.com/trends/explore?date=2018-01-01%202026-08-09&geo=TR&q=Kore%20g%C3%BCne%C5%9F%20g%C3%B6zl%C3%BC%C4%9F%C3%BC&hl=en,선글라스 · 수출 참고 HS 900410 · 튀르키예(tr) 조합,,,선글라스,KCONSUMER_COMPOSED_V1
TR|KFASHION|KFASHION_E03,TR,KFASHION,KFASHION_E03,,keyword,Kore spor ayakkabı,,tr,EXPORT_REFERENCED,RULE_SELECTED,PENDING_EMPIRICAL,UNKNOWN,PENDING,NOT_YET_TESTED,PENDING_DOM_EXTRACTION,,COMPOSED,,,,,,N/A,,ORIGIN-NOUN-COMPOSED-1.0,NOT_REQUIRED,,PENDING_EMPIRICAL_VALIDATION,,,,,,https://trends.google.com/trends/explore?date=2018-01-01%202026-08-09&geo=TR&q=Kore%20spor%20ayakkab%C4%B1&hl=en,스니커즈 · 수출 참고 HS 640411·640419 · 튀르키예(tr) 조합,,,스니커즈,KCONSUMER_COMPOSED_V1
TR|KFASHION|KFASHION_E04,TR,KFASHION,KFASHION_E04,,keyword,Kore tişörtü,,tr,EXPORT_REFERENCED,RULE_SELECTED,PENDING_EMPIRICAL,UNKNOWN,PENDING,NOT_YET_TESTED,PENDING_DOM_EXTRACTION,,COMPOSED,,,,,,N/A,,ORIGIN-NOUN-COMPOSED-1.0,NOT_REQUIRED,,PENDING_EMPIRICAL_VALIDATION,,,,,,https://trends.google.com/trends/explore?date=2018-01-01%202026-08-09&geo=TR&q=Kore%20ti%C5%9F%C3%B6rt%C3%BC&hl=en,티셔츠 · 수출 참고 HS 610910·610990 · 튀르키예(tr) 조합,,,티셔츠,KCONSUMER_COMPOSED_V1
TR|KFASHION|KFASHION_E05,TR,KFASHION,KFASHION_E05,,keyword,Kore takısı,,tr,EXPORT_REFERENCED,RULE_SELECTED,PENDING_EMPIRICAL,UNKNOWN,PENDING,NOT_YET_TESTED,PENDING_DOM_EXTRACTION,,COMPOSED,,,,,,N/A,,ORIGIN-NOUN-COMPOSED-1.0,NOT_REQUIRED,,PENDING_EMPIRICAL_VALIDATION,,,,,,https://trends.google.com/trends/explore?date=2018-01-01%202026-08-09&geo=TR&q=Kore%20tak%C4%B1s%C4%B1&hl=en,주얼리 · 수출 참고 HS 711319·711719 · 튀르키예(tr) 조합,,주얼리 대역의 L1 대응 품목 711319 는 금 시세에 좌우된다 — L1 과 L3 의 괴리가 클 것으로 예상,주얼리,KCONSUMER_COMPOSED_V1
TR|KFASHION|KFASHION_E06,TR,KFASHION,KFASHION_E06,,keyword,Kore şapkası,,tr,EXPORT_REFERENCED,RULE_SELECTED,PENDING_EMPIRICAL,UNKNOWN,PENDING,NOT_YET_TESTED,PENDING_DOM_EXTRACTION,,COMPOSED,,,,,,N/A,,ORIGIN-NOUN-COMPOSED-1.0,NOT_REQUIRED,,PENDING_EMPIRICAL_VALIDATION,,,,,,https://trends.google.com/trends/explore?date=2018-01-01%202026-08-09&geo=TR&q=Kore%20%C5%9Fapkas%C4%B1&hl=en,모자 · 수출 참고 HS 650500 · 튀르키예(tr) 조합,,,모자,KCONSUMER_COMPOSED_V1
TR|KFASHION|KFASHION_E07,TR,KFASHION,KFASHION_E07,,keyword,Kore montu,,tr,EXPORT_REFERENCED,RULE_SELECTED,PENDING_EMPIRICAL,UNKNOWN,PENDING,NOT_YET_TESTED,PENDING_DOM_EXTRACTION,,COMPOSED,,,,,,N/A,,ORIGIN-NOUN-COMPOSED-1.0,NOT_REQUIRED,,PENDING_EMPIRICAL_VALIDATION,,,,,,https://trends.google.com/trends/explore?date=2018-01-01%202026-08-09&geo=TR&q=Kore%20montu&hl=en,아우터 · 수출 참고 HS 620240 · 튀르키예(tr) 조합,,,아우터,KCONSUMER_COMPOSED_V1
TR|KFASHION|KFASHION_P01,TR,KFASHION,KFASHION_P01,,keyword,Japon moda,,tr,MODE_GRAMMAR,RULE_SELECTED,PENDING_EMPIRICAL,UNKNOWN,PENDING,NOT_YET_TESTED,PENDING_TOPIC_EXTRACTION,,COMPOSED,,,,,,N/A,,ORIGIN-NOUN-COMPOSED-1.0,NOT_REQUIRED,,PENDING_EMPIRICAL_VALIDATION,,,,,,https://trends.google.com/trends/explore?date=2018-01-01%202026-08-09&geo=TR&q=Japon%20moda&hl=en,[위약] 일본 패션 · 소비양식 문법 · 튀르키예(tr) 조합,,,[위약] 일본 패션 · TOPIC 후보,KCONSUMER_COMPOSED_V1
TR|KFASHION|KFASHION_P02,TR,KFASHION,KFASHION_P02,,keyword,İtalyan moda,,tr,MODE_GRAMMAR,RULE_SELECTED,PENDING_EMPIRICAL,UNKNOWN,PENDING,NOT_YET_TESTED,PENDING_TOPIC_EXTRACTION,,COMPOSED,,,,,,N/A,,ORIGIN-NOUN-COMPOSED-1.0,NOT_REQUIRED,,PENDING_EMPIRICAL_VALIDATION,,,,,,https://trends.google.com/trends/explore?date=2018-01-01%202026-08-09&geo=TR&q=%C4%B0talyan%20moda&hl=en,[위약] 이탈리아 패션 · 소비양식 문법 · 튀르키예(tr) 조합,,,[위약] 이탈리아 패션 · TOPIC 후보,KCONSUMER_COMPOSED_V1
AE|KFOOD|KFOOD_G01,AE,KFOOD,KFOOD_G01,,keyword,الطعام الكوري,,ar,MODE_GRAMMAR,RULE_SELECTED,PENDING_EMPIRICAL,UNKNOWN,PENDING,NOT_YET_TESTED,PENDING_TOPIC_EXTRACTION,,COMPOSED,,,,,,N/A,,ORIGIN-NOUN-COMPOSED-1.0,NOT_REQUIRED,,PENDING_EMPIRICAL_VALIDATION,,,,,,https://trends.google.com/trends/explore?date=2018-01-01%202026-08-09&geo=AE&q=%D8%A7%D9%84%D8%B7%D8%B9%D8%A7%D9%85%20%D8%A7%D9%84%D9%83%D9%88%D8%B1%D9%8A&hl=en,한국 음식 · 소비양식 문법 · 아랍에미리트(ar) 조합,,,한국 음식 · TOPIC 후보,KCONSUMER_COMPOSED_V1
AE|KFOOD|KFOOD_G02,AE,KFOOD,KFOOD_G02,,keyword,K-food,,ar,MODE_GRAMMAR,RULE_SELECTED,PENDING_EMPIRICAL,UNKNOWN,PENDING,NOT_YET_TESTED,PENDING_TOPIC_EXTRACTION,,ATOMIC_LEXEME,,,,,,N/A,,ATOMIC-LEXEME-1.0,NOT_REQUIRED,,PENDING_EMPIRICAL_VALIDATION,,,,,,https://trends.google.com/trends/explore?date=2018-01-01%202026-08-09&geo=AE&q=K-food&hl=en,K-food · 소비양식 문법 · 아랍에미리트(ar) 외래어,,,K-food · TOPIC 후보,KCONSUMER_COMPOSED_V1
AE|KFOOD|KFOOD_G03,AE,KFOOD,KFOOD_G03,,keyword,وصفات الكورية,,ar,MODE_GRAMMAR,RULE_SELECTED,PENDING_EMPIRICAL,UNKNOWN,PENDING,NOT_YET_TESTED,PENDING_DOM_EXTRACTION,,COMPOSED,,,,,,N/A,,ORIGIN-NOUN-COMPOSED-1.0,NOT_REQUIRED,,PENDING_EMPIRICAL_VALIDATION,,,,,,https://trends.google.com/trends/explore?date=2018-01-01%202026-08-09&geo=AE&q=%D9%88%D8%B5%D9%81%D8%A7%D8%AA%20%D8%A7%D9%84%D9%83%D9%88%D8%B1%D9%8A%D8%A9&hl=en,한국 요리법 · 소비양식 문법 · 아랍에미리트(ar) 조합,,,한국 요리법,KCONSUMER_COMPOSED_V1
AE|KFOOD|KFOOD_G04,AE,KFOOD,KFOOD_G04,,keyword,مطعم الكوري,,ar,MODE_GRAMMAR,RULE_SELECTED,PENDING_EMPIRICAL,UNKNOWN,PENDING,NOT_YET_TESTED,PENDING_DOM_EXTRACTION,,COMPOSED,,,,,,N/A,,ORIGIN-NOUN-COMPOSED-1.0,NOT_REQUIRED,,PENDING_EMPIRICAL_VALIDATION,,,,,,https://trends.google.com/trends/explore?date=2018-01-01%202026-08-09&geo=AE&q=%D9%85%D8%B7%D8%B9%D9%85%20%D8%A7%D9%84%D9%83%D9%88%D8%B1%D9%8A&hl=en,한식당 · 소비양식 문법 · 아랍에미리트(ar) 조합,,,한식당,KCONSUMER_COMPOSED_V1
AE|KFOOD|KFOOD_G05,AE,KFOOD,KFOOD_G05,,keyword,موكبانغ,,ar,MODE_GRAMMAR,RULE_SELECTED,PENDING_EMPIRICAL,UNKNOWN,PENDING,NOT_YET_TESTED,PENDING_TOPIC_EXTRACTION,,ATOMIC_LEXEME,,,,,,N/A,,ATOMIC-LEXEME-1.0,NOT_REQUIRED,,PENDING_EMPIRICAL_VALIDATION,,,,,,https://trends.google.com/trends/explore?date=2018-01-01%202026-08-09&geo=AE&q=%D9%85%D9%88%D9%83%D8%A8%D8%A7%D9%86%D8%BA&hl=en,먹방 · 소비양식 문법 · 아랍에미리트(ar) 외래어,,먹방은 한국 기원어지만 이미 국제 장르명이 되어 비한국 콘텐츠를 포함한다 — 도메인 귀속이 약해지는 방향,먹방 · TOPIC 후보,KCONSUMER_COMPOSED_V1
AE|KFOOD|KFOOD_G06,AE,KFOOD,KFOOD_G06,,keyword,طعام الشارع الكوري,,ar,MODE_GRAMMAR,RULE_SELECTED,PENDING_EMPIRICAL,UNKNOWN,PENDING,NOT_YET_TESTED,PENDING_DOM_EXTRACTION,,COMPOSED,,,,,,N/A,,ORIGIN-NOUN-COMPOSED-1.0,NOT_REQUIRED,,PENDING_EMPIRICAL_VALIDATION,,,,,,https://trends.google.com/trends/explore?date=2018-01-01%202026-08-09&geo=AE&q=%D8%B7%D8%B9%D8%A7%D9%85%20%D8%A7%D9%84%D8%B4%D8%A7%D8%B1%D8%B9%20%D8%A7%D9%84%D9%83%D9%88%D8%B1%D9%8A&hl=en,한국 길거리음식 · 소비양식 문법 · 아랍에미리트(ar) 조합,,,한국 길거리음식,KCONSUMER_COMPOSED_V1
AE|KFOOD|KFOOD_E01,AE,KFOOD,KFOOD_E01,,keyword,كيمتشي,,ar,EXPORT_REFERENCED,RULE_SELECTED,PENDING_EMPIRICAL,UNKNOWN,PENDING,NOT_YET_TESTED,PENDING_TOPIC_EXTRACTION,,ATOMIC_LEXEME,,,,,,N/A,,ATOMIC-LEXEME-1.0,NOT_REQUIRED,,PENDING_EMPIRICAL_VALIDATION,,,,,,https://trends.google.com/trends/explore?date=2018-01-01%202026-08-09&geo=AE&q=%D9%83%D9%8A%D9%85%D8%AA%D8%B4%D9%8A&hl=en,김치 · 수출 참고 HS 200599 · 아랍에미리트(ar) 외래어,,일본은 자국산 김치를 대량 생산해 JP 신호에 국산 수요가 섞인다,김치 · TOPIC 후보,KCONSUMER_COMPOSED_V1
AE|KFOOD|KFOOD_E02,AE,KFOOD,KFOOD_E02,,keyword,راميون الكوري,,ar,EXPORT_REFERENCED,RULE_SELECTED,PENDING_EMPIRICAL,UNKNOWN,PENDING,NOT_YET_TESTED,PENDING_TOPIC_EXTRACTION,,COMPOSED,,,,,,N/A,,ORIGIN-NOUN-COMPOSED-1.0,NOT_REQUIRED,,PENDING_EMPIRICAL_VALIDATION,,,,,,https://trends.google.com/trends/explore?date=2018-01-01%202026-08-09&geo=AE&q=%D8%B1%D8%A7%D9%85%D9%8A%D9%88%D9%86%20%D8%A7%D9%84%D9%83%D9%88%D8%B1%D9%8A&hl=en,라면 · 수출 참고 HS 190230 · 아랍에미리트(ar) 조합,,'ramen' 단독은 일식이다. 전 언어에서 한국 수식어를 붙였으나 그만큼 검색량이 줄어 과소측정 가능,라면 · TOPIC 후보,KCONSUMER_COMPOSED_V1
AE|KFOOD|KFOOD_E03,AE,KFOOD,KFOOD_E03,,keyword,سوجو,,ar,EXPORT_REFERENCED,RULE_SELECTED,PENDING_EMPIRICAL,UNKNOWN,PENDING,NOT_YET_TESTED,PENDING_TOPIC_EXTRACTION,,ATOMIC_LEXEME,,,,,,N/A,,ATOMIC-LEXEME-1.0,NOT_REQUIRED,,PENDING_EMPIRICAL_VALIDATION,,,,,,https://trends.google.com/trends/explore?date=2018-01-01%202026-08-09&geo=AE&q=%D8%B3%D9%88%D8%AC%D9%88&hl=en,소주 · 수출 참고 HS 220890·220870 · 아랍에미리트(ar) 외래어,,일본어 焼酎 는 일본 소주다. 韓国焼酎 로 한정했으나 ソジュ 표기와 분산될 수 있음,소주 · TOPIC 후보,KCONSUMER_COMPOSED_V1
AE|KFOOD|KFOOD_E04,AE,KFOOD,KFOOD_E04,,keyword,توكبوكي,,ar,MODE_GRAMMAR,RULE_SELECTED,PENDING_EMPIRICAL,UNKNOWN,PENDING,NOT_YET_TESTED,PENDING_TOPIC_EXTRACTION,,ATOMIC_LEXEME,,,,,,N/A,,ATOMIC-LEXEME-1.0,NOT_REQUIRED,,PENDING_EMPIRICAL_VALIDATION,,,,,,https://trends.google.com/trends/explore?date=2018-01-01%202026-08-09&geo=AE&q=%D8%AA%D9%88%D9%83%D8%A8%D9%88%D9%83%D9%8A&hl=en,떡볶이 · 소비양식 문법 · 아랍에미리트(ar) 외래어,,,떡볶이 · TOPIC 후보,KCONSUMER_COMPOSED_V1
AE|KFOOD|KFOOD_E05,AE,KFOOD,KFOOD_E05,,keyword,دجاج مقلي الكوري,,ar,MODE_GRAMMAR,RULE_SELECTED,PENDING_EMPIRICAL,UNKNOWN,PENDING,NOT_YET_TESTED,PENDING_DOM_EXTRACTION,,COMPOSED,,,,,,N/A,,ORIGIN-NOUN-COMPOSED-1.0,NOT_REQUIRED,,PENDING_EMPIRICAL_VALIDATION,,,,,,https://trends.google.com/trends/explore?date=2018-01-01%202026-08-09&geo=AE&q=%D8%AF%D8%AC%D8%A7%D8%AC%20%D9%85%D9%82%D9%84%D9%8A%20%D8%A7%D9%84%D9%83%D9%88%D8%B1%D9%8A&hl=en,한국 치킨 · 소비양식 문법 · 아랍에미리트(ar) 조합,,,한국 치킨,KCONSUMER_COMPOSED_V1
AE|KFOOD|KFOOD_E06,AE,KFOOD,KFOOD_E06,,keyword,وجبات خفيفة الكورية,,ar,EXPORT_REFERENCED,RULE_SELECTED,PENDING_EMPIRICAL,UNKNOWN,PENDING,NOT_YET_TESTED,PENDING_DOM_EXTRACTION,,COMPOSED,,,,,,N/A,,ORIGIN-NOUN-COMPOSED-1.0,NOT_REQUIRED,,PENDING_EMPIRICAL_VALIDATION,,,,,,https://trends.google.com/trends/explore?date=2018-01-01%202026-08-09&geo=AE&q=%D9%88%D8%AC%D8%A8%D8%A7%D8%AA%20%D8%AE%D9%81%D9%8A%D9%81%D8%A9%20%D8%A7%D9%84%D9%83%D9%88%D8%B1%D9%8A%D8%A9&hl=en,한국 과자 · 수출 참고 HS 190590·170490 · 아랍에미리트(ar) 조합,,,한국 과자,KCONSUMER_COMPOSED_V1
AE|KFOOD|KFOOD_E07,AE,KFOOD,KFOOD_E07,,keyword,أعشاب بحرية الكورية,,ar,EXPORT_REFERENCED,RULE_SELECTED,PENDING_EMPIRICAL,UNKNOWN,PENDING,NOT_YET_TESTED,PENDING_DOM_EXTRACTION,,COMPOSED,,,,,,N/A,,ORIGIN-NOUN-COMPOSED-1.0,NOT_REQUIRED,,PENDING_EMPIRICAL_VALIDATION,,,,,,https://trends.google.com/trends/explore?date=2018-01-01%202026-08-09&geo=AE&q=%D8%A3%D8%B9%D8%B4%D8%A7%D8%A8%20%D8%A8%D8%AD%D8%B1%D9%8A%D8%A9%20%D8%A7%D9%84%D9%83%D9%88%D8%B1%D9%8A%D8%A9&hl=en,김 · 수출 참고 HS 121221 · 아랍에미리트(ar) 조합,,일본어 のり 단독은 일본산 김. 韓国のり 로 한정,김,KCONSUMER_COMPOSED_V1
AE|KFOOD|KFOOD_E08,AE,KFOOD,KFOOD_E08,,keyword,غوتشوجانغ,,ar,EXPORT_REFERENCED,RULE_SELECTED,PENDING_EMPIRICAL,UNKNOWN,PENDING,NOT_YET_TESTED,PENDING_TOPIC_EXTRACTION,,ATOMIC_LEXEME,,,,,,N/A,,ATOMIC-LEXEME-1.0,NOT_REQUIRED,,PENDING_EMPIRICAL_VALIDATION,,,,,,https://trends.google.com/trends/explore?date=2018-01-01%202026-08-09&geo=AE&q=%D8%BA%D9%88%D8%AA%D8%B4%D9%88%D8%AC%D8%A7%D9%86%D8%BA&hl=en,고추장 · 수출 참고 HS 210390 · 아랍에미리트(ar) 외래어,,,고추장 · TOPIC 후보,KCONSUMER_COMPOSED_V1
AE|KFOOD|KFOOD_E09,AE,KFOOD,KFOOD_E09,,keyword,جينسنغ كوري,,ar,EXPORT_REFERENCED,RULE_SELECTED,PENDING_EMPIRICAL,UNKNOWN,PENDING,NOT_YET_TESTED,PENDING_TOPIC_EXTRACTION,,ATOMIC_LEXEME,,,,,,N/A,,ATOMIC-LEXEME-1.0,NOT_REQUIRED,,PENDING_EMPIRICAL_VALIDATION,,,,,,https://trends.google.com/trends/explore?date=2018-01-01%202026-08-09&geo=AE&q=%D8%AC%D9%8A%D9%86%D8%B3%D9%86%D8%BA%20%D9%83%D9%88%D8%B1%D9%8A&hl=en,인삼 · 수출 참고 HS 121120 · 아랍에미리트(ar) 외래어,,,인삼 · TOPIC 후보,KCONSUMER_COMPOSED_V1
AE|KFOOD|KFOOD_P01,AE,KFOOD,KFOOD_P01,,keyword,الطعام الياباني,,ar,MODE_GRAMMAR,RULE_SELECTED,PENDING_EMPIRICAL,UNKNOWN,PENDING,NOT_YET_TESTED,PENDING_TOPIC_EXTRACTION,,COMPOSED,,,,,,N/A,,ORIGIN-NOUN-COMPOSED-1.0,NOT_REQUIRED,,PENDING_EMPIRICAL_VALIDATION,,,,,,https://trends.google.com/trends/explore?date=2018-01-01%202026-08-09&geo=AE&q=%D8%A7%D9%84%D8%B7%D8%B9%D8%A7%D9%85%20%D8%A7%D9%84%D9%8A%D8%A7%D8%A8%D8%A7%D9%86%D9%8A&hl=en,[위약] 일식 · 소비양식 문법 · 아랍에미리트(ar) 조합,,위약이지만 한식·일식은 대체재이자 보완재라 부호가 양쪽 다 가능 — 계수 부호까지 함께 볼 것,[위약] 일식 · TOPIC 후보,KCONSUMER_COMPOSED_V1
AE|KFOOD|KFOOD_P02,AE,KFOOD,KFOOD_P02,,keyword,الطعام الصيني,,ar,MODE_GRAMMAR,RULE_SELECTED,PENDING_EMPIRICAL,UNKNOWN,PENDING,NOT_YET_TESTED,PENDING_TOPIC_EXTRACTION,,COMPOSED,,,,,,N/A,,ORIGIN-NOUN-COMPOSED-1.0,NOT_REQUIRED,,PENDING_EMPIRICAL_VALIDATION,,,,,,https://trends.google.com/trends/explore?date=2018-01-01%202026-08-09&geo=AE&q=%D8%A7%D9%84%D8%B7%D8%B9%D8%A7%D9%85%20%D8%A7%D9%84%D8%B5%D9%8A%D9%86%D9%8A&hl=en,[위약] 중식 · 소비양식 문법 · 아랍에미리트(ar) 조합,,,[위약] 중식 · TOPIC 후보,KCONSUMER_COMPOSED_V1
AE|KFOOD|KFOOD_P03,AE,KFOOD,KFOOD_P03,,keyword,الطعام التايلاندي,,ar,MODE_GRAMMAR,RULE_SELECTED,PENDING_EMPIRICAL,UNKNOWN,PENDING,NOT_YET_TESTED,PENDING_TOPIC_EXTRACTION,,COMPOSED,,,,,,N/A,,ORIGIN-NOUN-COMPOSED-1.0,NOT_REQUIRED,,PENDING_EMPIRICAL_VALIDATION,,,,,,https://trends.google.com/trends/explore?date=2018-01-01%202026-08-09&geo=AE&q=%D8%A7%D9%84%D8%B7%D8%B9%D8%A7%D9%85%20%D8%A7%D9%84%D8%AA%D8%A7%D9%8A%D9%84%D8%A7%D9%86%D8%AF%D9%8A&hl=en,[위약] 태국음식 · 소비양식 문법 · 아랍에미리트(ar) 조합,,,[위약] 태국음식 · TOPIC 후보,KCONSUMER_COMPOSED_V1
AE|KBEAUTY|KBEAUTY_G01,AE,KBEAUTY,KBEAUTY_G01,,keyword,مستحضرات التجميل الكورية,,ar,MODE_GRAMMAR,RULE_SELECTED,PENDING_EMPIRICAL,UNKNOWN,PENDING,NOT_YET_TESTED,PENDING_TOPIC_EXTRACTION,,COMPOSED,,,,,,N/A,,ORIGIN-NOUN-COMPOSED-1.0,NOT_REQUIRED,,PENDING_EMPIRICAL_VALIDATION,,,,,,https://trends.google.com/trends/explore?date=2018-01-01%202026-08-09&geo=AE&q=%D9%85%D8%B3%D8%AA%D8%AD%D8%B6%D8%B1%D8%A7%D8%AA%20%D8%A7%D9%84%D8%AA%D8%AC%D9%85%D9%8A%D9%84%20%D8%A7%D9%84%D9%83%D9%88%D8%B1%D9%8A%D8%A9&hl=en,한국 화장품 · 소비양식 문법 · 아랍에미리트(ar) 조합,,,한국 화장품 · TOPIC 후보,KCONSUMER_COMPOSED_V1
AE|KBEAUTY|KBEAUTY_G02,AE,KBEAUTY,KBEAUTY_G02,,keyword,K-beauty,,ar,MODE_GRAMMAR,RULE_SELECTED,PENDING_EMPIRICAL,UNKNOWN,PENDING,NOT_YET_TESTED,PENDING_TOPIC_EXTRACTION,,ATOMIC_LEXEME,,,,,,N/A,,ATOMIC-LEXEME-1.0,NOT_REQUIRED,,PENDING_EMPIRICAL_VALIDATION,,,,,,https://trends.google.com/trends/explore?date=2018-01-01%202026-08-09&geo=AE&q=K-beauty&hl=en,K-beauty · 소비양식 문법 · 아랍에미리트(ar) 외래어,,,K-beauty · TOPIC 후보,KCONSUMER_COMPOSED_V1
AE|KBEAUTY|KBEAUTY_G03,AE,KBEAUTY,KBEAUTY_G03,,keyword,روتين العناية بالبشرة الكوري,,ar,EXPORT_REFERENCED,RULE_SELECTED,PENDING_EMPIRICAL,UNKNOWN,PENDING,NOT_YET_TESTED,PENDING_DOM_EXTRACTION,,COMPOSED,,,,,,N/A,,ORIGIN-NOUN-COMPOSED-1.0,NOT_REQUIRED,,PENDING_EMPIRICAL_VALIDATION,,,,,,https://trends.google.com/trends/explore?date=2018-01-01%202026-08-09&geo=AE&q=%D8%B1%D9%88%D8%AA%D9%8A%D9%86%20%D8%A7%D9%84%D8%B9%D9%86%D8%A7%D9%8A%D8%A9%20%D8%A8%D8%A7%D9%84%D8%A8%D8%B4%D8%B1%D8%A9%20%D8%A7%D9%84%D9%83%D9%88%D8%B1%D9%8A&hl=en,한국 스킨케어 루틴 · 수출 참고 HS 330499 · 아랍에미리트(ar) 조합,,,한국 스킨케어 루틴,KCONSUMER_COMPOSED_V1
AE|KBEAUTY|KBEAUTY_G04,AE,KBEAUTY,KBEAUTY_G04,,keyword,علامة تجميل الكورية,,ar,MODE_GRAMMAR,RULE_SELECTED,PENDING_EMPIRICAL,UNKNOWN,PENDING,NOT_YET_TESTED,PENDING_DOM_EXTRACTION,,COMPOSED,,,,,,N/A,,ORIGIN-NOUN-COMPOSED-1.0,NOT_REQUIRED,,PENDING_EMPIRICAL_VALIDATION,,,,,,https://trends.google.com/trends/explore?date=2018-01-01%202026-08-09&geo=AE&q=%D8%B9%D9%84%D8%A7%D9%85%D8%A9%20%D8%AA%D8%AC%D9%85%D9%8A%D9%84%20%D8%A7%D9%84%D9%83%D9%88%D8%B1%D9%8A%D8%A9&hl=en,한국 화장품 브랜드 · 소비양식 문법 · 아랍에미리트(ar) 조합,,,한국 화장품 브랜드,KCONSUMER_COMPOSED_V1
AE|KBEAUTY|KBEAUTY_G05,AE,KBEAUTY,KBEAUTY_G05,,keyword,دروس مكياج الكورية,,ar,EXPORT_REFERENCED,RULE_SELECTED,PENDING_EMPIRICAL,UNKNOWN,PENDING,NOT_YET_TESTED,PENDING_DOM_EXTRACTION,,COMPOSED,,,,,,N/A,,ORIGIN-NOUN-COMPOSED-1.0,NOT_REQUIRED,,PENDING_EMPIRICAL_VALIDATION,,,,,,https://trends.google.com/trends/explore?date=2018-01-01%202026-08-09&geo=AE&q=%D8%AF%D8%B1%D9%88%D8%B3%20%D9%85%D9%83%D9%8A%D8%A7%D8%AC%20%D8%A7%D9%84%D9%83%D9%88%D8%B1%D9%8A%D8%A9&hl=en,한국 메이크업 · 수출 참고 HS 330410·330420 · 아랍에미리트(ar) 조합,,,한국 메이크업,KCONSUMER_COMPOSED_V1
AE|KBEAUTY|KBEAUTY_G06,AE,KBEAUTY,KBEAUTY_G06,,keyword,بشرة زجاجية,,ar,MODE_GRAMMAR,RULE_SELECTED,PENDING_EMPIRICAL,UNKNOWN,PENDING,NOT_YET_TESTED,PENDING_TOPIC_EXTRACTION,,ATOMIC_LEXEME,,,,,,N/A,,ATOMIC-LEXEME-1.0,NOT_REQUIRED,,PENDING_EMPIRICAL_VALIDATION,,,,,,https://trends.google.com/trends/explore?date=2018-01-01%202026-08-09&geo=AE&q=%D8%A8%D8%B4%D8%B1%D8%A9%20%D8%B2%D8%AC%D8%A7%D8%AC%D9%8A%D8%A9&hl=en,글래스 스킨 · 소비양식 문법 · 아랍에미리트(ar) 외래어,,'glass skin' 은 한국 기원이나 글로벌 뷰티 용어로 확산돼 도메인 귀속이 약하다,글래스 스킨 · TOPIC 후보,KCONSUMER_COMPOSED_V1
AE|KBEAUTY|KBEAUTY_E01,AE,KBEAUTY,KBEAUTY_E01,,keyword,سيروم الكوري,,ar,EXPORT_REFERENCED,RULE_SELECTED,PENDING_EMPIRICAL,UNKNOWN,PENDING,NOT_YET_TESTED,PENDING_DOM_EXTRACTION,,COMPOSED,,,,,,N/A,,ORIGIN-NOUN-COMPOSED-1.0,NOT_REQUIRED,,PENDING_EMPIRICAL_VALIDATION,,,,,,https://trends.google.com/trends/explore?date=2018-01-01%202026-08-09&geo=AE&q=%D8%B3%D9%8A%D8%B1%D9%88%D9%85%20%D8%A7%D9%84%D9%83%D9%88%D8%B1%D9%8A&hl=en,세럼·에센스 · 수출 참고 HS 330499 · 아랍에미리트(ar) 조합,,,세럼·에센스,KCONSUMER_COMPOSED_V1
AE|KBEAUTY|KBEAUTY_E02,AE,KBEAUTY,KBEAUTY_E02,,keyword,قناع ورقي الكوري,,ar,EXPORT_REFERENCED,RULE_SELECTED,PENDING_EMPIRICAL,UNKNOWN,PENDING,NOT_YET_TESTED,PENDING_DOM_EXTRACTION,,COMPOSED,,,,,,N/A,,ORIGIN-NOUN-COMPOSED-1.0,NOT_REQUIRED,,PENDING_EMPIRICAL_VALIDATION,,,,,,https://trends.google.com/trends/explore?date=2018-01-01%202026-08-09&geo=AE&q=%D9%82%D9%86%D8%A7%D8%B9%20%D9%88%D8%B1%D9%82%D9%8A%20%D8%A7%D9%84%D9%83%D9%88%D8%B1%D9%8A&hl=en,시트마스크 · 수출 참고 HS 330499 · 아랍에미리트(ar) 조합,,,시트마스크,KCONSUMER_COMPOSED_V1
AE|KBEAUTY|KBEAUTY_E03,AE,KBEAUTY,KBEAUTY_E03,,keyword,واقي الشمس الكوري,,ar,EXPORT_REFERENCED,RULE_SELECTED,PENDING_EMPIRICAL,UNKNOWN,PENDING,NOT_YET_TESTED,PENDING_DOM_EXTRACTION,,COMPOSED,,,,,,N/A,,ORIGIN-NOUN-COMPOSED-1.0,NOT_REQUIRED,,PENDING_EMPIRICAL_VALIDATION,,,,,,https://trends.google.com/trends/explore?date=2018-01-01%202026-08-09&geo=AE&q=%D9%88%D8%A7%D9%82%D9%8A%20%D8%A7%D9%84%D8%B4%D9%85%D8%B3%20%D8%A7%D9%84%D9%83%D9%88%D8%B1%D9%8A&hl=en,선크림 · 수출 참고 HS 330499 · 아랍에미리트(ar) 조합,,,선크림,KCONSUMER_COMPOSED_V1
AE|KBEAUTY|KBEAUTY_E04,AE,KBEAUTY,KBEAUTY_E04,,keyword,كوشن الكوري,,ar,EXPORT_REFERENCED,RULE_SELECTED,PENDING_EMPIRICAL,UNKNOWN,PENDING,NOT_YET_TESTED,PENDING_DOM_EXTRACTION,,COMPOSED,,,,,,N/A,,ORIGIN-NOUN-COMPOSED-1.0,NOT_REQUIRED,,PENDING_EMPIRICAL_VALIDATION,,,,,,https://trends.google.com/trends/explore?date=2018-01-01%202026-08-09&geo=AE&q=%D9%83%D9%88%D8%B4%D9%86%20%D8%A7%D9%84%D9%83%D9%88%D8%B1%D9%8A&hl=en,쿠션 파운데이션 · 수출 참고 HS 330491·961620 · 아랍에미리트(ar) 조합,,쿠션은 한국이 만든 제형이라 원산지 수식 없이도 한국 신호일 수 있다 — 수식어를 붙여 과소측정될 위험,쿠션 파운데이션,KCONSUMER_COMPOSED_V1
AE|KBEAUTY|KBEAUTY_E05,AE,KBEAUTY,KBEAUTY_E05,,keyword,تنت الشفاه الكوري,,ar,EXPORT_REFERENCED,RULE_SELECTED,PENDING_EMPIRICAL,UNKNOWN,PENDING,NOT_YET_TESTED,PENDING_DOM_EXTRACTION,,COMPOSED,,,,,,N/A,,ORIGIN-NOUN-COMPOSED-1.0,NOT_REQUIRED,,PENDING_EMPIRICAL_VALIDATION,,,,,,https://trends.google.com/trends/explore?date=2018-01-01%202026-08-09&geo=AE&q=%D8%AA%D9%86%D8%AA%20%D8%A7%D9%84%D8%B4%D9%81%D8%A7%D9%87%20%D8%A7%D9%84%D9%83%D9%88%D8%B1%D9%8A&hl=en,립틴트 · 수출 참고 HS 330410 · 아랍에미리트(ar) 조합,,,립틴트,KCONSUMER_COMPOSED_V1
AE|KBEAUTY|KBEAUTY_E06,AE,KBEAUTY,KBEAUTY_E06,,keyword,غسول الوجه الكوري,,ar,EXPORT_REFERENCED,RULE_SELECTED,PENDING_EMPIRICAL,UNKNOWN,PENDING,NOT_YET_TESTED,PENDING_DOM_EXTRACTION,,COMPOSED,,,,,,N/A,,ORIGIN-NOUN-COMPOSED-1.0,NOT_REQUIRED,,PENDING_EMPIRICAL_VALIDATION,,,,,,https://trends.google.com/trends/explore?date=2018-01-01%202026-08-09&geo=AE&q=%D8%BA%D8%B3%D9%88%D9%84%20%D8%A7%D9%84%D9%88%D8%AC%D9%87%20%D8%A7%D9%84%D9%83%D9%88%D8%B1%D9%8A&hl=en,클렌징 · 수출 참고 HS 340130 · 아랍에미리트(ar) 조합,,,클렌징,KCONSUMER_COMPOSED_V1
AE|KBEAUTY|KBEAUTY_E07,AE,KBEAUTY,KBEAUTY_E07,,keyword,العناية بالشعر الكورية,,ar,EXPORT_REFERENCED,RULE_SELECTED,PENDING_EMPIRICAL,UNKNOWN,PENDING,NOT_YET_TESTED,PENDING_DOM_EXTRACTION,,COMPOSED,,,,,,N/A,,ORIGIN-NOUN-COMPOSED-1.0,NOT_REQUIRED,,PENDING_EMPIRICAL_VALIDATION,,,,,,https://trends.google.com/trends/explore?date=2018-01-01%202026-08-09&geo=AE&q=%D8%A7%D9%84%D8%B9%D9%86%D8%A7%D9%8A%D8%A9%20%D8%A8%D8%A7%D9%84%D8%B4%D8%B9%D8%B1%20%D8%A7%D9%84%D9%83%D9%88%D8%B1%D9%8A%D8%A9&hl=en,헤어케어 · 수출 참고 HS 330590·330510 · 아랍에미리트(ar) 조합,,,헤어케어,KCONSUMER_COMPOSED_V1
AE|KBEAUTY|KBEAUTY_E08,AE,KBEAUTY,KBEAUTY_E08,,keyword,عطر الكوري,,ar,EXPORT_REFERENCED,RULE_SELECTED,PENDING_EMPIRICAL,UNKNOWN,PENDING,NOT_YET_TESTED,PENDING_DOM_EXTRACTION,,COMPOSED,,,,,,N/A,,ORIGIN-NOUN-COMPOSED-1.0,NOT_REQUIRED,,PENDING_EMPIRICAL_VALIDATION,,,,,,https://trends.google.com/trends/explore?date=2018-01-01%202026-08-09&geo=AE&q=%D8%B9%D8%B7%D8%B1%20%D8%A7%D9%84%D9%83%D9%88%D8%B1%D9%8A&hl=en,향수 · 수출 참고 HS 330300·330790 · 아랍에미리트(ar) 조합,,,향수,KCONSUMER_COMPOSED_V1
AE|KBEAUTY|KBEAUTY_P01,AE,KBEAUTY,KBEAUTY_P01,,keyword,مستحضرات التجميل اليابانية,,ar,MODE_GRAMMAR,RULE_SELECTED,PENDING_EMPIRICAL,UNKNOWN,PENDING,NOT_YET_TESTED,PENDING_TOPIC_EXTRACTION,,COMPOSED,,,,,,N/A,,ORIGIN-NOUN-COMPOSED-1.0,NOT_REQUIRED,,PENDING_EMPIRICAL_VALIDATION,,,,,,https://trends.google.com/trends/explore?date=2018-01-01%202026-08-09&geo=AE&q=%D9%85%D8%B3%D8%AA%D8%AD%D8%B6%D8%B1%D8%A7%D8%AA%20%D8%A7%D9%84%D8%AA%D8%AC%D9%85%D9%8A%D9%84%20%D8%A7%D9%84%D9%8A%D8%A7%D8%A8%D8%A7%D9%86%D9%8A%D8%A9&hl=en,[위약] 일본 화장품 · 소비양식 문법 · 아랍에미리트(ar) 조합,,,[위약] 일본 화장품 · TOPIC 후보,KCONSUMER_COMPOSED_V1
AE|KBEAUTY|KBEAUTY_P02,AE,KBEAUTY,KBEAUTY_P02,,keyword,مستحضرات التجميل الفرنسية,,ar,MODE_GRAMMAR,RULE_SELECTED,PENDING_EMPIRICAL,UNKNOWN,PENDING,NOT_YET_TESTED,PENDING_TOPIC_EXTRACTION,,COMPOSED,,,,,,N/A,,ORIGIN-NOUN-COMPOSED-1.0,NOT_REQUIRED,,PENDING_EMPIRICAL_VALIDATION,,,,,,https://trends.google.com/trends/explore?date=2018-01-01%202026-08-09&geo=AE&q=%D9%85%D8%B3%D8%AA%D8%AD%D8%B6%D8%B1%D8%A7%D8%AA%20%D8%A7%D9%84%D8%AA%D8%AC%D9%85%D9%8A%D9%84%20%D8%A7%D9%84%D9%81%D8%B1%D9%86%D8%B3%D9%8A%D8%A9&hl=en,[위약] 프랑스 화장품 · 소비양식 문법 · 아랍에미리트(ar) 조합,,,[위약] 프랑스 화장품 · TOPIC 후보,KCONSUMER_COMPOSED_V1
AE|KFASHION|KFASHION_G01,AE,KFASHION,KFASHION_G01,,keyword,الأزياء الكورية,,ar,MODE_GRAMMAR,RULE_SELECTED,PENDING_EMPIRICAL,UNKNOWN,PENDING,NOT_YET_TESTED,PENDING_TOPIC_EXTRACTION,,COMPOSED,,,,,,N/A,,ORIGIN-NOUN-COMPOSED-1.0,NOT_REQUIRED,,PENDING_EMPIRICAL_VALIDATION,,,,,,https://trends.google.com/trends/explore?date=2018-01-01%202026-08-09&geo=AE&q=%D8%A7%D9%84%D8%A3%D8%B2%D9%8A%D8%A7%D8%A1%20%D8%A7%D9%84%D9%83%D9%88%D8%B1%D9%8A%D8%A9&hl=en,한국 패션 · 소비양식 문법 · 아랍에미리트(ar) 조합,,,한국 패션 · TOPIC 후보,KCONSUMER_COMPOSED_V1
AE|KFASHION|KFASHION_G02,AE,KFASHION,KFASHION_G02,,keyword,K-fashion,,ar,MODE_GRAMMAR,RULE_SELECTED,PENDING_EMPIRICAL,UNKNOWN,PENDING,NOT_YET_TESTED,PENDING_TOPIC_EXTRACTION,,ATOMIC_LEXEME,,,,,,N/A,,ATOMIC-LEXEME-1.0,NOT_REQUIRED,,PENDING_EMPIRICAL_VALIDATION,,,,,,https://trends.google.com/trends/explore?date=2018-01-01%202026-08-09&geo=AE&q=K-fashion&hl=en,K-fashion · 소비양식 문법 · 아랍에미리트(ar) 외래어,,,K-fashion · TOPIC 후보,KCONSUMER_COMPOSED_V1
AE|KFASHION|KFASHION_G03,AE,KFASHION,KFASHION_G03,,keyword,أسلوب الكوري,,ar,MODE_GRAMMAR,RULE_SELECTED,PENDING_EMPIRICAL,UNKNOWN,PENDING,NOT_YET_TESTED,PENDING_DOM_EXTRACTION,,COMPOSED,,,,,,N/A,,ORIGIN-NOUN-COMPOSED-1.0,NOT_REQUIRED,,PENDING_EMPIRICAL_VALIDATION,,,,,,https://trends.google.com/trends/explore?date=2018-01-01%202026-08-09&geo=AE&q=%D8%A3%D8%B3%D9%84%D9%88%D8%A8%20%D8%A7%D9%84%D9%83%D9%88%D8%B1%D9%8A&hl=en,한국 스타일 코디 · 소비양식 문법 · 아랍에미리트(ar) 조합,,,한국 스타일 코디,KCONSUMER_COMPOSED_V1
AE|KFASHION|KFASHION_G04,AE,KFASHION,KFASHION_G04,,keyword,علامة أزياء الكورية,,ar,MODE_GRAMMAR,RULE_SELECTED,PENDING_EMPIRICAL,UNKNOWN,PENDING,NOT_YET_TESTED,PENDING_DOM_EXTRACTION,,COMPOSED,,,,,,N/A,,ORIGIN-NOUN-COMPOSED-1.0,NOT_REQUIRED,,PENDING_EMPIRICAL_VALIDATION,,,,,,https://trends.google.com/trends/explore?date=2018-01-01%202026-08-09&geo=AE&q=%D8%B9%D9%84%D8%A7%D9%85%D8%A9%20%D8%A3%D8%B2%D9%8A%D8%A7%D8%A1%20%D8%A7%D9%84%D9%83%D9%88%D8%B1%D9%8A%D8%A9&hl=en,한국 패션 브랜드 · 소비양식 문법 · 아랍에미리트(ar) 조합,,,한국 패션 브랜드,KCONSUMER_COMPOSED_V1
AE|KFASHION|KFASHION_G05,AE,KFASHION,KFASHION_G05,,keyword,أزياء الأيدول الكورية,,ar,MODE_GRAMMAR,RULE_SELECTED,PENDING_EMPIRICAL,UNKNOWN,PENDING,NOT_YET_TESTED,PENDING_DOM_EXTRACTION,,COMPOSED,,,,,,N/A,,ORIGIN-NOUN-COMPOSED-1.0,NOT_REQUIRED,,PENDING_EMPIRICAL_VALIDATION,,,,,,https://trends.google.com/trends/explore?date=2018-01-01%202026-08-09&geo=AE&q=%D8%A3%D8%B2%D9%8A%D8%A7%D8%A1%20%D8%A7%D9%84%D8%A3%D9%8A%D8%AF%D9%88%D9%84%20%D8%A7%D9%84%D9%83%D9%88%D8%B1%D9%8A%D8%A9&hl=en,아이돌 패션 · 소비양식 문법 · 아랍에미리트(ar) 조합,,아이돌 패션은 K-Pop 도메인과 겹친다. KPOP 계열과의 상관을 먼저 확인할 것,아이돌 패션,KCONSUMER_COMPOSED_V1
AE|KFASHION|KFASHION_G06,AE,KFASHION,KFASHION_G06,,keyword,ملابس الشارع الكورية,,ar,MODE_GRAMMAR,RULE_SELECTED,PENDING_EMPIRICAL,UNKNOWN,PENDING,NOT_YET_TESTED,PENDING_DOM_EXTRACTION,,COMPOSED,,,,,,N/A,,ORIGIN-NOUN-COMPOSED-1.0,NOT_REQUIRED,,PENDING_EMPIRICAL_VALIDATION,,,,,,https://trends.google.com/trends/explore?date=2018-01-01%202026-08-09&geo=AE&q=%D9%85%D9%84%D8%A7%D8%A8%D8%B3%20%D8%A7%D9%84%D8%B4%D8%A7%D8%B1%D8%B9%20%D8%A7%D9%84%D9%83%D9%88%D8%B1%D9%8A%D8%A9&hl=en,한국 스트릿웨어 · 소비양식 문법 · 아랍에미리트(ar) 조합,,,한국 스트릿웨어,KCONSUMER_COMPOSED_V1
AE|KFASHION|KFASHION_G07,AE,KFASHION,KFASHION_G07,,keyword,متجر ملابس إلكتروني الكوري,,ar,MODE_GRAMMAR,RULE_SELECTED,PENDING_EMPIRICAL,UNKNOWN,PENDING,NOT_YET_TESTED,PENDING_DOM_EXTRACTION,,COMPOSED,,,,,,N/A,,ORIGIN-NOUN-COMPOSED-1.0,NOT_REQUIRED,,PENDING_EMPIRICAL_VALIDATION,,,,,,https://trends.google.com/trends/explore?date=2018-01-01%202026-08-09&geo=AE&q=%D9%85%D8%AA%D8%AC%D8%B1%20%D9%85%D9%84%D8%A7%D8%A8%D8%B3%20%D8%A5%D9%84%D9%83%D8%AA%D8%B1%D9%88%D9%86%D9%8A%20%D8%A7%D9%84%D9%83%D9%88%D8%B1%D9%8A&hl=en,한국 옷 쇼핑몰 · 소비양식 문법 · 아랍에미리트(ar) 조합,,'한국 옷 쇼핑몰'은 플랫폼 브랜드명(무신사 등)으로 검색이 분산될 수 있음,한국 옷 쇼핑몰,KCONSUMER_COMPOSED_V1
AE|KFASHION|KFASHION_E01,AE,KFASHION,KFASHION_E01,,keyword,حقيبة الكورية,,ar,EXPORT_REFERENCED,RULE_SELECTED,PENDING_EMPIRICAL,UNKNOWN,PENDING,NOT_YET_TESTED,PENDING_DOM_EXTRACTION,,COMPOSED,,,,,,N/A,,ORIGIN-NOUN-COMPOSED-1.0,NOT_REQUIRED,,PENDING_EMPIRICAL_VALIDATION,,,,,,https://trends.google.com/trends/explore?date=2018-01-01%202026-08-09&geo=AE&q=%D8%AD%D9%82%D9%8A%D8%A8%D8%A9%20%D8%A7%D9%84%D9%83%D9%88%D8%B1%D9%8A%D8%A9&hl=en,가방 · 수출 참고 HS 420222·420221·420292 · 아랍에미리트(ar) 조합,,,가방,KCONSUMER_COMPOSED_V1
AE|KFASHION|KFASHION_E02,AE,KFASHION,KFASHION_E02,,keyword,نظارات شمسية الكورية,,ar,EXPORT_REFERENCED,RULE_SELECTED,PENDING_EMPIRICAL,UNKNOWN,PENDING,NOT_YET_TESTED,PENDING_DOM_EXTRACTION,,COMPOSED,,,,,,N/A,,ORIGIN-NOUN-COMPOSED-1.0,NOT_REQUIRED,,PENDING_EMPIRICAL_VALIDATION,,,,,,https://trends.google.com/trends/explore?date=2018-01-01%202026-08-09&geo=AE&q=%D9%86%D8%B8%D8%A7%D8%B1%D8%A7%D8%AA%20%D8%B4%D9%85%D8%B3%D9%8A%D8%A9%20%D8%A7%D9%84%D9%83%D9%88%D8%B1%D9%8A%D8%A9&hl=en,선글라스 · 수출 참고 HS 900410 · 아랍에미리트(ar) 조합,,,선글라스,KCONSUMER_COMPOSED_V1
AE|KFASHION|KFASHION_E03,AE,KFASHION,KFASHION_E03,,keyword,أحذية رياضية الكورية,,ar,EXPORT_REFERENCED,RULE_SELECTED,PENDING_EMPIRICAL,UNKNOWN,PENDING,NOT_YET_TESTED,PENDING_DOM_EXTRACTION,,COMPOSED,,,,,,N/A,,ORIGIN-NOUN-COMPOSED-1.0,NOT_REQUIRED,,PENDING_EMPIRICAL_VALIDATION,,,,,,https://trends.google.com/trends/explore?date=2018-01-01%202026-08-09&geo=AE&q=%D8%A3%D8%AD%D8%B0%D9%8A%D8%A9%20%D8%B1%D9%8A%D8%A7%D8%B6%D9%8A%D8%A9%20%D8%A7%D9%84%D9%83%D9%88%D8%B1%D9%8A%D8%A9&hl=en,스니커즈 · 수출 참고 HS 640411·640419 · 아랍에미리트(ar) 조합,,,스니커즈,KCONSUMER_COMPOSED_V1
AE|KFASHION|KFASHION_E04,AE,KFASHION,KFASHION_E04,,keyword,تيشيرت الكوري,,ar,EXPORT_REFERENCED,RULE_SELECTED,PENDING_EMPIRICAL,UNKNOWN,PENDING,NOT_YET_TESTED,PENDING_DOM_EXTRACTION,,COMPOSED,,,,,,N/A,,ORIGIN-NOUN-COMPOSED-1.0,NOT_REQUIRED,,PENDING_EMPIRICAL_VALIDATION,,,,,,https://trends.google.com/trends/explore?date=2018-01-01%202026-08-09&geo=AE&q=%D8%AA%D9%8A%D8%B4%D9%8A%D8%B1%D8%AA%20%D8%A7%D9%84%D9%83%D9%88%D8%B1%D9%8A&hl=en,티셔츠 · 수출 참고 HS 610910·610990 · 아랍에미리트(ar) 조합,,,티셔츠,KCONSUMER_COMPOSED_V1
AE|KFASHION|KFASHION_E05,AE,KFASHION,KFASHION_E05,,keyword,مجوهرات الكورية,,ar,EXPORT_REFERENCED,RULE_SELECTED,PENDING_EMPIRICAL,UNKNOWN,PENDING,NOT_YET_TESTED,PENDING_DOM_EXTRACTION,,COMPOSED,,,,,,N/A,,ORIGIN-NOUN-COMPOSED-1.0,NOT_REQUIRED,,PENDING_EMPIRICAL_VALIDATION,,,,,,https://trends.google.com/trends/explore?date=2018-01-01%202026-08-09&geo=AE&q=%D9%85%D8%AC%D9%88%D9%87%D8%B1%D8%A7%D8%AA%20%D8%A7%D9%84%D9%83%D9%88%D8%B1%D9%8A%D8%A9&hl=en,주얼리 · 수출 참고 HS 711319·711719 · 아랍에미리트(ar) 조합,,주얼리 대역의 L1 대응 품목 711319 는 금 시세에 좌우된다 — L1 과 L3 의 괴리가 클 것으로 예상,주얼리,KCONSUMER_COMPOSED_V1
AE|KFASHION|KFASHION_E06,AE,KFASHION,KFASHION_E06,,keyword,قبعة الكورية,,ar,EXPORT_REFERENCED,RULE_SELECTED,PENDING_EMPIRICAL,UNKNOWN,PENDING,NOT_YET_TESTED,PENDING_DOM_EXTRACTION,,COMPOSED,,,,,,N/A,,ORIGIN-NOUN-COMPOSED-1.0,NOT_REQUIRED,,PENDING_EMPIRICAL_VALIDATION,,,,,,https://trends.google.com/trends/explore?date=2018-01-01%202026-08-09&geo=AE&q=%D9%82%D8%A8%D8%B9%D8%A9%20%D8%A7%D9%84%D9%83%D9%88%D8%B1%D9%8A%D8%A9&hl=en,모자 · 수출 참고 HS 650500 · 아랍에미리트(ar) 조합,,,모자,KCONSUMER_COMPOSED_V1
AE|KFASHION|KFASHION_E07,AE,KFASHION,KFASHION_E07,,keyword,معطف الكوري,,ar,EXPORT_REFERENCED,RULE_SELECTED,PENDING_EMPIRICAL,UNKNOWN,PENDING,NOT_YET_TESTED,PENDING_DOM_EXTRACTION,,COMPOSED,,,,,,N/A,,ORIGIN-NOUN-COMPOSED-1.0,NOT_REQUIRED,,PENDING_EMPIRICAL_VALIDATION,,,,,,https://trends.google.com/trends/explore?date=2018-01-01%202026-08-09&geo=AE&q=%D9%85%D8%B9%D8%B7%D9%81%20%D8%A7%D9%84%D9%83%D9%88%D8%B1%D9%8A&hl=en,아우터 · 수출 참고 HS 620240 · 아랍에미리트(ar) 조합,,,아우터,KCONSUMER_COMPOSED_V1
AE|KFASHION|KFASHION_P01,AE,KFASHION,KFASHION_P01,,keyword,الأزياء اليابانية,,ar,MODE_GRAMMAR,RULE_SELECTED,PENDING_EMPIRICAL,UNKNOWN,PENDING,NOT_YET_TESTED,PENDING_TOPIC_EXTRACTION,,COMPOSED,,,,,,N/A,,ORIGIN-NOUN-COMPOSED-1.0,NOT_REQUIRED,,PENDING_EMPIRICAL_VALIDATION,,,,,,https://trends.google.com/trends/explore?date=2018-01-01%202026-08-09&geo=AE&q=%D8%A7%D9%84%D8%A3%D8%B2%D9%8A%D8%A7%D8%A1%20%D8%A7%D9%84%D9%8A%D8%A7%D8%A8%D8%A7%D9%86%D9%8A%D8%A9&hl=en,[위약] 일본 패션 · 소비양식 문법 · 아랍에미리트(ar) 조합,,,[위약] 일본 패션 · TOPIC 후보,KCONSUMER_COMPOSED_V1
AE|KFASHION|KFASHION_P02,AE,KFASHION,KFASHION_P02,,keyword,الأزياء الإيطالية,,ar,MODE_GRAMMAR,RULE_SELECTED,PENDING_EMPIRICAL,UNKNOWN,PENDING,NOT_YET_TESTED,PENDING_TOPIC_EXTRACTION,,COMPOSED,,,,,,N/A,,ORIGIN-NOUN-COMPOSED-1.0,NOT_REQUIRED,,PENDING_EMPIRICAL_VALIDATION,,,,,,https://trends.google.com/trends/explore?date=2018-01-01%202026-08-09&geo=AE&q=%D8%A7%D9%84%D8%A3%D8%B2%D9%8A%D8%A7%D8%A1%20%D8%A7%D9%84%D8%A5%D9%8A%D8%B7%D8%A7%D9%84%D9%8A%D8%A9&hl=en,[위약] 이탈리아 패션 · 소비양식 문법 · 아랍에미리트(ar) 조합,,,[위약] 이탈리아 패션 · TOPIC 후보,KCONSUMER_COMPOSED_V1
SA|KFOOD|KFOOD_G01,SA,KFOOD,KFOOD_G01,,keyword,الطعام الكوري,,ar,MODE_GRAMMAR,RULE_SELECTED,PENDING_EMPIRICAL,UNKNOWN,PENDING,NOT_YET_TESTED,PENDING_TOPIC_EXTRACTION,,COMPOSED,,,,,,N/A,,ORIGIN-NOUN-COMPOSED-1.0,NOT_REQUIRED,,PENDING_EMPIRICAL_VALIDATION,,,,,,https://trends.google.com/trends/explore?date=2018-01-01%202026-08-09&geo=SA&q=%D8%A7%D9%84%D8%B7%D8%B9%D8%A7%D9%85%20%D8%A7%D9%84%D9%83%D9%88%D8%B1%D9%8A&hl=en,한국 음식 · 소비양식 문법 · 사우디아라비아(ar) 조합,,,한국 음식 · TOPIC 후보,KCONSUMER_COMPOSED_V1
SA|KFOOD|KFOOD_G02,SA,KFOOD,KFOOD_G02,,keyword,K-food,,ar,MODE_GRAMMAR,RULE_SELECTED,PENDING_EMPIRICAL,UNKNOWN,PENDING,NOT_YET_TESTED,PENDING_TOPIC_EXTRACTION,,ATOMIC_LEXEME,,,,,,N/A,,ATOMIC-LEXEME-1.0,NOT_REQUIRED,,PENDING_EMPIRICAL_VALIDATION,,,,,,https://trends.google.com/trends/explore?date=2018-01-01%202026-08-09&geo=SA&q=K-food&hl=en,K-food · 소비양식 문법 · 사우디아라비아(ar) 외래어,,,K-food · TOPIC 후보,KCONSUMER_COMPOSED_V1
SA|KFOOD|KFOOD_G03,SA,KFOOD,KFOOD_G03,,keyword,وصفات الكورية,,ar,MODE_GRAMMAR,RULE_SELECTED,PENDING_EMPIRICAL,UNKNOWN,PENDING,NOT_YET_TESTED,PENDING_DOM_EXTRACTION,,COMPOSED,,,,,,N/A,,ORIGIN-NOUN-COMPOSED-1.0,NOT_REQUIRED,,PENDING_EMPIRICAL_VALIDATION,,,,,,https://trends.google.com/trends/explore?date=2018-01-01%202026-08-09&geo=SA&q=%D9%88%D8%B5%D9%81%D8%A7%D8%AA%20%D8%A7%D9%84%D9%83%D9%88%D8%B1%D9%8A%D8%A9&hl=en,한국 요리법 · 소비양식 문법 · 사우디아라비아(ar) 조합,,,한국 요리법,KCONSUMER_COMPOSED_V1
SA|KFOOD|KFOOD_G04,SA,KFOOD,KFOOD_G04,,keyword,مطعم الكوري,,ar,MODE_GRAMMAR,RULE_SELECTED,PENDING_EMPIRICAL,UNKNOWN,PENDING,NOT_YET_TESTED,PENDING_DOM_EXTRACTION,,COMPOSED,,,,,,N/A,,ORIGIN-NOUN-COMPOSED-1.0,NOT_REQUIRED,,PENDING_EMPIRICAL_VALIDATION,,,,,,https://trends.google.com/trends/explore?date=2018-01-01%202026-08-09&geo=SA&q=%D9%85%D8%B7%D8%B9%D9%85%20%D8%A7%D9%84%D9%83%D9%88%D8%B1%D9%8A&hl=en,한식당 · 소비양식 문법 · 사우디아라비아(ar) 조합,,,한식당,KCONSUMER_COMPOSED_V1
SA|KFOOD|KFOOD_G05,SA,KFOOD,KFOOD_G05,,keyword,موكبانغ,,ar,MODE_GRAMMAR,RULE_SELECTED,PENDING_EMPIRICAL,UNKNOWN,PENDING,NOT_YET_TESTED,PENDING_TOPIC_EXTRACTION,,ATOMIC_LEXEME,,,,,,N/A,,ATOMIC-LEXEME-1.0,NOT_REQUIRED,,PENDING_EMPIRICAL_VALIDATION,,,,,,https://trends.google.com/trends/explore?date=2018-01-01%202026-08-09&geo=SA&q=%D9%85%D9%88%D9%83%D8%A8%D8%A7%D9%86%D8%BA&hl=en,먹방 · 소비양식 문법 · 사우디아라비아(ar) 외래어,,먹방은 한국 기원어지만 이미 국제 장르명이 되어 비한국 콘텐츠를 포함한다 — 도메인 귀속이 약해지는 방향,먹방 · TOPIC 후보,KCONSUMER_COMPOSED_V1
SA|KFOOD|KFOOD_G06,SA,KFOOD,KFOOD_G06,,keyword,طعام الشارع الكوري,,ar,MODE_GRAMMAR,RULE_SELECTED,PENDING_EMPIRICAL,UNKNOWN,PENDING,NOT_YET_TESTED,PENDING_DOM_EXTRACTION,,COMPOSED,,,,,,N/A,,ORIGIN-NOUN-COMPOSED-1.0,NOT_REQUIRED,,PENDING_EMPIRICAL_VALIDATION,,,,,,https://trends.google.com/trends/explore?date=2018-01-01%202026-08-09&geo=SA&q=%D8%B7%D8%B9%D8%A7%D9%85%20%D8%A7%D9%84%D8%B4%D8%A7%D8%B1%D8%B9%20%D8%A7%D9%84%D9%83%D9%88%D8%B1%D9%8A&hl=en,한국 길거리음식 · 소비양식 문법 · 사우디아라비아(ar) 조합,,,한국 길거리음식,KCONSUMER_COMPOSED_V1
SA|KFOOD|KFOOD_E01,SA,KFOOD,KFOOD_E01,,keyword,كيمتشي,,ar,EXPORT_REFERENCED,RULE_SELECTED,PENDING_EMPIRICAL,UNKNOWN,PENDING,NOT_YET_TESTED,PENDING_TOPIC_EXTRACTION,,ATOMIC_LEXEME,,,,,,N/A,,ATOMIC-LEXEME-1.0,NOT_REQUIRED,,PENDING_EMPIRICAL_VALIDATION,,,,,,https://trends.google.com/trends/explore?date=2018-01-01%202026-08-09&geo=SA&q=%D9%83%D9%8A%D9%85%D8%AA%D8%B4%D9%8A&hl=en,김치 · 수출 참고 HS 200599 · 사우디아라비아(ar) 외래어,,일본은 자국산 김치를 대량 생산해 JP 신호에 국산 수요가 섞인다,김치 · TOPIC 후보,KCONSUMER_COMPOSED_V1
SA|KFOOD|KFOOD_E02,SA,KFOOD,KFOOD_E02,,keyword,راميون الكوري,,ar,EXPORT_REFERENCED,RULE_SELECTED,PENDING_EMPIRICAL,UNKNOWN,PENDING,NOT_YET_TESTED,PENDING_TOPIC_EXTRACTION,,COMPOSED,,,,,,N/A,,ORIGIN-NOUN-COMPOSED-1.0,NOT_REQUIRED,,PENDING_EMPIRICAL_VALIDATION,,,,,,https://trends.google.com/trends/explore?date=2018-01-01%202026-08-09&geo=SA&q=%D8%B1%D8%A7%D9%85%D9%8A%D9%88%D9%86%20%D8%A7%D9%84%D9%83%D9%88%D8%B1%D9%8A&hl=en,라면 · 수출 참고 HS 190230 · 사우디아라비아(ar) 조합,,'ramen' 단독은 일식이다. 전 언어에서 한국 수식어를 붙였으나 그만큼 검색량이 줄어 과소측정 가능,라면 · TOPIC 후보,KCONSUMER_COMPOSED_V1
SA|KFOOD|KFOOD_E03,SA,KFOOD,KFOOD_E03,,keyword,سوجو,,ar,EXPORT_REFERENCED,RULE_SELECTED,PENDING_EMPIRICAL,UNKNOWN,PENDING,NOT_YET_TESTED,PENDING_TOPIC_EXTRACTION,,ATOMIC_LEXEME,,,,,,N/A,,ATOMIC-LEXEME-1.0,NOT_REQUIRED,,PENDING_EMPIRICAL_VALIDATION,,,,,,https://trends.google.com/trends/explore?date=2018-01-01%202026-08-09&geo=SA&q=%D8%B3%D9%88%D8%AC%D9%88&hl=en,소주 · 수출 참고 HS 220890·220870 · 사우디아라비아(ar) 외래어,,일본어 焼酎 는 일본 소주다. 韓国焼酎 로 한정했으나 ソジュ 표기와 분산될 수 있음,소주 · TOPIC 후보,KCONSUMER_COMPOSED_V1
SA|KFOOD|KFOOD_E04,SA,KFOOD,KFOOD_E04,,keyword,توكبوكي,,ar,MODE_GRAMMAR,RULE_SELECTED,PENDING_EMPIRICAL,UNKNOWN,PENDING,NOT_YET_TESTED,PENDING_TOPIC_EXTRACTION,,ATOMIC_LEXEME,,,,,,N/A,,ATOMIC-LEXEME-1.0,NOT_REQUIRED,,PENDING_EMPIRICAL_VALIDATION,,,,,,https://trends.google.com/trends/explore?date=2018-01-01%202026-08-09&geo=SA&q=%D8%AA%D9%88%D9%83%D8%A8%D9%88%D9%83%D9%8A&hl=en,떡볶이 · 소비양식 문법 · 사우디아라비아(ar) 외래어,,,떡볶이 · TOPIC 후보,KCONSUMER_COMPOSED_V1
SA|KFOOD|KFOOD_E05,SA,KFOOD,KFOOD_E05,,keyword,دجاج مقلي الكوري,,ar,MODE_GRAMMAR,RULE_SELECTED,PENDING_EMPIRICAL,UNKNOWN,PENDING,NOT_YET_TESTED,PENDING_DOM_EXTRACTION,,COMPOSED,,,,,,N/A,,ORIGIN-NOUN-COMPOSED-1.0,NOT_REQUIRED,,PENDING_EMPIRICAL_VALIDATION,,,,,,https://trends.google.com/trends/explore?date=2018-01-01%202026-08-09&geo=SA&q=%D8%AF%D8%AC%D8%A7%D8%AC%20%D9%85%D9%82%D9%84%D9%8A%20%D8%A7%D9%84%D9%83%D9%88%D8%B1%D9%8A&hl=en,한국 치킨 · 소비양식 문법 · 사우디아라비아(ar) 조합,,,한국 치킨,KCONSUMER_COMPOSED_V1
SA|KFOOD|KFOOD_E06,SA,KFOOD,KFOOD_E06,,keyword,وجبات خفيفة الكورية,,ar,EXPORT_REFERENCED,RULE_SELECTED,PENDING_EMPIRICAL,UNKNOWN,PENDING,NOT_YET_TESTED,PENDING_DOM_EXTRACTION,,COMPOSED,,,,,,N/A,,ORIGIN-NOUN-COMPOSED-1.0,NOT_REQUIRED,,PENDING_EMPIRICAL_VALIDATION,,,,,,https://trends.google.com/trends/explore?date=2018-01-01%202026-08-09&geo=SA&q=%D9%88%D8%AC%D8%A8%D8%A7%D8%AA%20%D8%AE%D9%81%D9%8A%D9%81%D8%A9%20%D8%A7%D9%84%D9%83%D9%88%D8%B1%D9%8A%D8%A9&hl=en,한국 과자 · 수출 참고 HS 190590·170490 · 사우디아라비아(ar) 조합,,,한국 과자,KCONSUMER_COMPOSED_V1
SA|KFOOD|KFOOD_E07,SA,KFOOD,KFOOD_E07,,keyword,أعشاب بحرية الكورية,,ar,EXPORT_REFERENCED,RULE_SELECTED,PENDING_EMPIRICAL,UNKNOWN,PENDING,NOT_YET_TESTED,PENDING_DOM_EXTRACTION,,COMPOSED,,,,,,N/A,,ORIGIN-NOUN-COMPOSED-1.0,NOT_REQUIRED,,PENDING_EMPIRICAL_VALIDATION,,,,,,https://trends.google.com/trends/explore?date=2018-01-01%202026-08-09&geo=SA&q=%D8%A3%D8%B9%D8%B4%D8%A7%D8%A8%20%D8%A8%D8%AD%D8%B1%D9%8A%D8%A9%20%D8%A7%D9%84%D9%83%D9%88%D8%B1%D9%8A%D8%A9&hl=en,김 · 수출 참고 HS 121221 · 사우디아라비아(ar) 조합,,일본어 のり 단독은 일본산 김. 韓国のり 로 한정,김,KCONSUMER_COMPOSED_V1
SA|KFOOD|KFOOD_E08,SA,KFOOD,KFOOD_E08,,keyword,غوتشوجانغ,,ar,EXPORT_REFERENCED,RULE_SELECTED,PENDING_EMPIRICAL,UNKNOWN,PENDING,NOT_YET_TESTED,PENDING_TOPIC_EXTRACTION,,ATOMIC_LEXEME,,,,,,N/A,,ATOMIC-LEXEME-1.0,NOT_REQUIRED,,PENDING_EMPIRICAL_VALIDATION,,,,,,https://trends.google.com/trends/explore?date=2018-01-01%202026-08-09&geo=SA&q=%D8%BA%D9%88%D8%AA%D8%B4%D9%88%D8%AC%D8%A7%D9%86%D8%BA&hl=en,고추장 · 수출 참고 HS 210390 · 사우디아라비아(ar) 외래어,,,고추장 · TOPIC 후보,KCONSUMER_COMPOSED_V1
SA|KFOOD|KFOOD_E09,SA,KFOOD,KFOOD_E09,,keyword,جينسنغ كوري,,ar,EXPORT_REFERENCED,RULE_SELECTED,PENDING_EMPIRICAL,UNKNOWN,PENDING,NOT_YET_TESTED,PENDING_TOPIC_EXTRACTION,,ATOMIC_LEXEME,,,,,,N/A,,ATOMIC-LEXEME-1.0,NOT_REQUIRED,,PENDING_EMPIRICAL_VALIDATION,,,,,,https://trends.google.com/trends/explore?date=2018-01-01%202026-08-09&geo=SA&q=%D8%AC%D9%8A%D9%86%D8%B3%D9%86%D8%BA%20%D9%83%D9%88%D8%B1%D9%8A&hl=en,인삼 · 수출 참고 HS 121120 · 사우디아라비아(ar) 외래어,,,인삼 · TOPIC 후보,KCONSUMER_COMPOSED_V1
SA|KFOOD|KFOOD_P01,SA,KFOOD,KFOOD_P01,,keyword,الطعام الياباني,,ar,MODE_GRAMMAR,RULE_SELECTED,PENDING_EMPIRICAL,UNKNOWN,PENDING,NOT_YET_TESTED,PENDING_TOPIC_EXTRACTION,,COMPOSED,,,,,,N/A,,ORIGIN-NOUN-COMPOSED-1.0,NOT_REQUIRED,,PENDING_EMPIRICAL_VALIDATION,,,,,,https://trends.google.com/trends/explore?date=2018-01-01%202026-08-09&geo=SA&q=%D8%A7%D9%84%D8%B7%D8%B9%D8%A7%D9%85%20%D8%A7%D9%84%D9%8A%D8%A7%D8%A8%D8%A7%D9%86%D9%8A&hl=en,[위약] 일식 · 소비양식 문법 · 사우디아라비아(ar) 조합,,위약이지만 한식·일식은 대체재이자 보완재라 부호가 양쪽 다 가능 — 계수 부호까지 함께 볼 것,[위약] 일식 · TOPIC 후보,KCONSUMER_COMPOSED_V1
SA|KFOOD|KFOOD_P02,SA,KFOOD,KFOOD_P02,,keyword,الطعام الصيني,,ar,MODE_GRAMMAR,RULE_SELECTED,PENDING_EMPIRICAL,UNKNOWN,PENDING,NOT_YET_TESTED,PENDING_TOPIC_EXTRACTION,,COMPOSED,,,,,,N/A,,ORIGIN-NOUN-COMPOSED-1.0,NOT_REQUIRED,,PENDING_EMPIRICAL_VALIDATION,,,,,,https://trends.google.com/trends/explore?date=2018-01-01%202026-08-09&geo=SA&q=%D8%A7%D9%84%D8%B7%D8%B9%D8%A7%D9%85%20%D8%A7%D9%84%D8%B5%D9%8A%D9%86%D9%8A&hl=en,[위약] 중식 · 소비양식 문법 · 사우디아라비아(ar) 조합,,,[위약] 중식 · TOPIC 후보,KCONSUMER_COMPOSED_V1
SA|KFOOD|KFOOD_P03,SA,KFOOD,KFOOD_P03,,keyword,الطعام التايلاندي,,ar,MODE_GRAMMAR,RULE_SELECTED,PENDING_EMPIRICAL,UNKNOWN,PENDING,NOT_YET_TESTED,PENDING_TOPIC_EXTRACTION,,COMPOSED,,,,,,N/A,,ORIGIN-NOUN-COMPOSED-1.0,NOT_REQUIRED,,PENDING_EMPIRICAL_VALIDATION,,,,,,https://trends.google.com/trends/explore?date=2018-01-01%202026-08-09&geo=SA&q=%D8%A7%D9%84%D8%B7%D8%B9%D8%A7%D9%85%20%D8%A7%D9%84%D8%AA%D8%A7%D9%8A%D9%84%D8%A7%D9%86%D8%AF%D9%8A&hl=en,[위약] 태국음식 · 소비양식 문법 · 사우디아라비아(ar) 조합,,,[위약] 태국음식 · TOPIC 후보,KCONSUMER_COMPOSED_V1
SA|KBEAUTY|KBEAUTY_G01,SA,KBEAUTY,KBEAUTY_G01,,keyword,مستحضرات التجميل الكورية,,ar,MODE_GRAMMAR,RULE_SELECTED,PENDING_EMPIRICAL,UNKNOWN,PENDING,NOT_YET_TESTED,PENDING_TOPIC_EXTRACTION,,COMPOSED,,,,,,N/A,,ORIGIN-NOUN-COMPOSED-1.0,NOT_REQUIRED,,PENDING_EMPIRICAL_VALIDATION,,,,,,https://trends.google.com/trends/explore?date=2018-01-01%202026-08-09&geo=SA&q=%D9%85%D8%B3%D8%AA%D8%AD%D8%B6%D8%B1%D8%A7%D8%AA%20%D8%A7%D9%84%D8%AA%D8%AC%D9%85%D9%8A%D9%84%20%D8%A7%D9%84%D9%83%D9%88%D8%B1%D9%8A%D8%A9&hl=en,한국 화장품 · 소비양식 문법 · 사우디아라비아(ar) 조합,,,한국 화장품 · TOPIC 후보,KCONSUMER_COMPOSED_V1
SA|KBEAUTY|KBEAUTY_G02,SA,KBEAUTY,KBEAUTY_G02,,keyword,K-beauty,,ar,MODE_GRAMMAR,RULE_SELECTED,PENDING_EMPIRICAL,UNKNOWN,PENDING,NOT_YET_TESTED,PENDING_TOPIC_EXTRACTION,,ATOMIC_LEXEME,,,,,,N/A,,ATOMIC-LEXEME-1.0,NOT_REQUIRED,,PENDING_EMPIRICAL_VALIDATION,,,,,,https://trends.google.com/trends/explore?date=2018-01-01%202026-08-09&geo=SA&q=K-beauty&hl=en,K-beauty · 소비양식 문법 · 사우디아라비아(ar) 외래어,,,K-beauty · TOPIC 후보,KCONSUMER_COMPOSED_V1
SA|KBEAUTY|KBEAUTY_G03,SA,KBEAUTY,KBEAUTY_G03,,keyword,روتين العناية بالبشرة الكوري,,ar,EXPORT_REFERENCED,RULE_SELECTED,PENDING_EMPIRICAL,UNKNOWN,PENDING,NOT_YET_TESTED,PENDING_DOM_EXTRACTION,,COMPOSED,,,,,,N/A,,ORIGIN-NOUN-COMPOSED-1.0,NOT_REQUIRED,,PENDING_EMPIRICAL_VALIDATION,,,,,,https://trends.google.com/trends/explore?date=2018-01-01%202026-08-09&geo=SA&q=%D8%B1%D9%88%D8%AA%D9%8A%D9%86%20%D8%A7%D9%84%D8%B9%D9%86%D8%A7%D9%8A%D8%A9%20%D8%A8%D8%A7%D9%84%D8%A8%D8%B4%D8%B1%D8%A9%20%D8%A7%D9%84%D9%83%D9%88%D8%B1%D9%8A&hl=en,한국 스킨케어 루틴 · 수출 참고 HS 330499 · 사우디아라비아(ar) 조합,,,한국 스킨케어 루틴,KCONSUMER_COMPOSED_V1
SA|KBEAUTY|KBEAUTY_G04,SA,KBEAUTY,KBEAUTY_G04,,keyword,علامة تجميل الكورية,,ar,MODE_GRAMMAR,RULE_SELECTED,PENDING_EMPIRICAL,UNKNOWN,PENDING,NOT_YET_TESTED,PENDING_DOM_EXTRACTION,,COMPOSED,,,,,,N/A,,ORIGIN-NOUN-COMPOSED-1.0,NOT_REQUIRED,,PENDING_EMPIRICAL_VALIDATION,,,,,,https://trends.google.com/trends/explore?date=2018-01-01%202026-08-09&geo=SA&q=%D8%B9%D9%84%D8%A7%D9%85%D8%A9%20%D8%AA%D8%AC%D9%85%D9%8A%D9%84%20%D8%A7%D9%84%D9%83%D9%88%D8%B1%D9%8A%D8%A9&hl=en,한국 화장품 브랜드 · 소비양식 문법 · 사우디아라비아(ar) 조합,,,한국 화장품 브랜드,KCONSUMER_COMPOSED_V1
SA|KBEAUTY|KBEAUTY_G05,SA,KBEAUTY,KBEAUTY_G05,,keyword,دروس مكياج الكورية,,ar,EXPORT_REFERENCED,RULE_SELECTED,PENDING_EMPIRICAL,UNKNOWN,PENDING,NOT_YET_TESTED,PENDING_DOM_EXTRACTION,,COMPOSED,,,,,,N/A,,ORIGIN-NOUN-COMPOSED-1.0,NOT_REQUIRED,,PENDING_EMPIRICAL_VALIDATION,,,,,,https://trends.google.com/trends/explore?date=2018-01-01%202026-08-09&geo=SA&q=%D8%AF%D8%B1%D9%88%D8%B3%20%D9%85%D9%83%D9%8A%D8%A7%D8%AC%20%D8%A7%D9%84%D9%83%D9%88%D8%B1%D9%8A%D8%A9&hl=en,한국 메이크업 · 수출 참고 HS 330410·330420 · 사우디아라비아(ar) 조합,,,한국 메이크업,KCONSUMER_COMPOSED_V1
SA|KBEAUTY|KBEAUTY_G06,SA,KBEAUTY,KBEAUTY_G06,,keyword,بشرة زجاجية,,ar,MODE_GRAMMAR,RULE_SELECTED,PENDING_EMPIRICAL,UNKNOWN,PENDING,NOT_YET_TESTED,PENDING_TOPIC_EXTRACTION,,ATOMIC_LEXEME,,,,,,N/A,,ATOMIC-LEXEME-1.0,NOT_REQUIRED,,PENDING_EMPIRICAL_VALIDATION,,,,,,https://trends.google.com/trends/explore?date=2018-01-01%202026-08-09&geo=SA&q=%D8%A8%D8%B4%D8%B1%D8%A9%20%D8%B2%D8%AC%D8%A7%D8%AC%D9%8A%D8%A9&hl=en,글래스 스킨 · 소비양식 문법 · 사우디아라비아(ar) 외래어,,'glass skin' 은 한국 기원이나 글로벌 뷰티 용어로 확산돼 도메인 귀속이 약하다,글래스 스킨 · TOPIC 후보,KCONSUMER_COMPOSED_V1
SA|KBEAUTY|KBEAUTY_E01,SA,KBEAUTY,KBEAUTY_E01,,keyword,سيروم الكوري,,ar,EXPORT_REFERENCED,RULE_SELECTED,PENDING_EMPIRICAL,UNKNOWN,PENDING,NOT_YET_TESTED,PENDING_DOM_EXTRACTION,,COMPOSED,,,,,,N/A,,ORIGIN-NOUN-COMPOSED-1.0,NOT_REQUIRED,,PENDING_EMPIRICAL_VALIDATION,,,,,,https://trends.google.com/trends/explore?date=2018-01-01%202026-08-09&geo=SA&q=%D8%B3%D9%8A%D8%B1%D9%88%D9%85%20%D8%A7%D9%84%D9%83%D9%88%D8%B1%D9%8A&hl=en,세럼·에센스 · 수출 참고 HS 330499 · 사우디아라비아(ar) 조합,,,세럼·에센스,KCONSUMER_COMPOSED_V1
SA|KBEAUTY|KBEAUTY_E02,SA,KBEAUTY,KBEAUTY_E02,,keyword,قناع ورقي الكوري,,ar,EXPORT_REFERENCED,RULE_SELECTED,PENDING_EMPIRICAL,UNKNOWN,PENDING,NOT_YET_TESTED,PENDING_DOM_EXTRACTION,,COMPOSED,,,,,,N/A,,ORIGIN-NOUN-COMPOSED-1.0,NOT_REQUIRED,,PENDING_EMPIRICAL_VALIDATION,,,,,,https://trends.google.com/trends/explore?date=2018-01-01%202026-08-09&geo=SA&q=%D9%82%D9%86%D8%A7%D8%B9%20%D9%88%D8%B1%D9%82%D9%8A%20%D8%A7%D9%84%D9%83%D9%88%D8%B1%D9%8A&hl=en,시트마스크 · 수출 참고 HS 330499 · 사우디아라비아(ar) 조합,,,시트마스크,KCONSUMER_COMPOSED_V1
SA|KBEAUTY|KBEAUTY_E03,SA,KBEAUTY,KBEAUTY_E03,,keyword,واقي الشمس الكوري,,ar,EXPORT_REFERENCED,RULE_SELECTED,PENDING_EMPIRICAL,UNKNOWN,PENDING,NOT_YET_TESTED,PENDING_DOM_EXTRACTION,,COMPOSED,,,,,,N/A,,ORIGIN-NOUN-COMPOSED-1.0,NOT_REQUIRED,,PENDING_EMPIRICAL_VALIDATION,,,,,,https://trends.google.com/trends/explore?date=2018-01-01%202026-08-09&geo=SA&q=%D9%88%D8%A7%D9%82%D9%8A%20%D8%A7%D9%84%D8%B4%D9%85%D8%B3%20%D8%A7%D9%84%D9%83%D9%88%D8%B1%D9%8A&hl=en,선크림 · 수출 참고 HS 330499 · 사우디아라비아(ar) 조합,,,선크림,KCONSUMER_COMPOSED_V1
SA|KBEAUTY|KBEAUTY_E04,SA,KBEAUTY,KBEAUTY_E04,,keyword,كوشن الكوري,,ar,EXPORT_REFERENCED,RULE_SELECTED,PENDING_EMPIRICAL,UNKNOWN,PENDING,NOT_YET_TESTED,PENDING_DOM_EXTRACTION,,COMPOSED,,,,,,N/A,,ORIGIN-NOUN-COMPOSED-1.0,NOT_REQUIRED,,PENDING_EMPIRICAL_VALIDATION,,,,,,https://trends.google.com/trends/explore?date=2018-01-01%202026-08-09&geo=SA&q=%D9%83%D9%88%D8%B4%D9%86%20%D8%A7%D9%84%D9%83%D9%88%D8%B1%D9%8A&hl=en,쿠션 파운데이션 · 수출 참고 HS 330491·961620 · 사우디아라비아(ar) 조합,,쿠션은 한국이 만든 제형이라 원산지 수식 없이도 한국 신호일 수 있다 — 수식어를 붙여 과소측정될 위험,쿠션 파운데이션,KCONSUMER_COMPOSED_V1
SA|KBEAUTY|KBEAUTY_E05,SA,KBEAUTY,KBEAUTY_E05,,keyword,تنت الشفاه الكوري,,ar,EXPORT_REFERENCED,RULE_SELECTED,PENDING_EMPIRICAL,UNKNOWN,PENDING,NOT_YET_TESTED,PENDING_DOM_EXTRACTION,,COMPOSED,,,,,,N/A,,ORIGIN-NOUN-COMPOSED-1.0,NOT_REQUIRED,,PENDING_EMPIRICAL_VALIDATION,,,,,,https://trends.google.com/trends/explore?date=2018-01-01%202026-08-09&geo=SA&q=%D8%AA%D9%86%D8%AA%20%D8%A7%D9%84%D8%B4%D9%81%D8%A7%D9%87%20%D8%A7%D9%84%D9%83%D9%88%D8%B1%D9%8A&hl=en,립틴트 · 수출 참고 HS 330410 · 사우디아라비아(ar) 조합,,,립틴트,KCONSUMER_COMPOSED_V1
SA|KBEAUTY|KBEAUTY_E06,SA,KBEAUTY,KBEAUTY_E06,,keyword,غسول الوجه الكوري,,ar,EXPORT_REFERENCED,RULE_SELECTED,PENDING_EMPIRICAL,UNKNOWN,PENDING,NOT_YET_TESTED,PENDING_DOM_EXTRACTION,,COMPOSED,,,,,,N/A,,ORIGIN-NOUN-COMPOSED-1.0,NOT_REQUIRED,,PENDING_EMPIRICAL_VALIDATION,,,,,,https://trends.google.com/trends/explore?date=2018-01-01%202026-08-09&geo=SA&q=%D8%BA%D8%B3%D9%88%D9%84%20%D8%A7%D9%84%D9%88%D8%AC%D9%87%20%D8%A7%D9%84%D9%83%D9%88%D8%B1%D9%8A&hl=en,클렌징 · 수출 참고 HS 340130 · 사우디아라비아(ar) 조합,,,클렌징,KCONSUMER_COMPOSED_V1
SA|KBEAUTY|KBEAUTY_E07,SA,KBEAUTY,KBEAUTY_E07,,keyword,العناية بالشعر الكورية,,ar,EXPORT_REFERENCED,RULE_SELECTED,PENDING_EMPIRICAL,UNKNOWN,PENDING,NOT_YET_TESTED,PENDING_DOM_EXTRACTION,,COMPOSED,,,,,,N/A,,ORIGIN-NOUN-COMPOSED-1.0,NOT_REQUIRED,,PENDING_EMPIRICAL_VALIDATION,,,,,,https://trends.google.com/trends/explore?date=2018-01-01%202026-08-09&geo=SA&q=%D8%A7%D9%84%D8%B9%D9%86%D8%A7%D9%8A%D8%A9%20%D8%A8%D8%A7%D9%84%D8%B4%D8%B9%D8%B1%20%D8%A7%D9%84%D9%83%D9%88%D8%B1%D9%8A%D8%A9&hl=en,헤어케어 · 수출 참고 HS 330590·330510 · 사우디아라비아(ar) 조합,,,헤어케어,KCONSUMER_COMPOSED_V1
SA|KBEAUTY|KBEAUTY_E08,SA,KBEAUTY,KBEAUTY_E08,,keyword,عطر الكوري,,ar,EXPORT_REFERENCED,RULE_SELECTED,PENDING_EMPIRICAL,UNKNOWN,PENDING,NOT_YET_TESTED,PENDING_DOM_EXTRACTION,,COMPOSED,,,,,,N/A,,ORIGIN-NOUN-COMPOSED-1.0,NOT_REQUIRED,,PENDING_EMPIRICAL_VALIDATION,,,,,,https://trends.google.com/trends/explore?date=2018-01-01%202026-08-09&geo=SA&q=%D8%B9%D8%B7%D8%B1%20%D8%A7%D9%84%D9%83%D9%88%D8%B1%D9%8A&hl=en,향수 · 수출 참고 HS 330300·330790 · 사우디아라비아(ar) 조합,,,향수,KCONSUMER_COMPOSED_V1
SA|KBEAUTY|KBEAUTY_P01,SA,KBEAUTY,KBEAUTY_P01,,keyword,مستحضرات التجميل اليابانية,,ar,MODE_GRAMMAR,RULE_SELECTED,PENDING_EMPIRICAL,UNKNOWN,PENDING,NOT_YET_TESTED,PENDING_TOPIC_EXTRACTION,,COMPOSED,,,,,,N/A,,ORIGIN-NOUN-COMPOSED-1.0,NOT_REQUIRED,,PENDING_EMPIRICAL_VALIDATION,,,,,,https://trends.google.com/trends/explore?date=2018-01-01%202026-08-09&geo=SA&q=%D9%85%D8%B3%D8%AA%D8%AD%D8%B6%D8%B1%D8%A7%D8%AA%20%D8%A7%D9%84%D8%AA%D8%AC%D9%85%D9%8A%D9%84%20%D8%A7%D9%84%D9%8A%D8%A7%D8%A8%D8%A7%D9%86%D9%8A%D8%A9&hl=en,[위약] 일본 화장품 · 소비양식 문법 · 사우디아라비아(ar) 조합,,,[위약] 일본 화장품 · TOPIC 후보,KCONSUMER_COMPOSED_V1
SA|KBEAUTY|KBEAUTY_P02,SA,KBEAUTY,KBEAUTY_P02,,keyword,مستحضرات التجميل الفرنسية,,ar,MODE_GRAMMAR,RULE_SELECTED,PENDING_EMPIRICAL,UNKNOWN,PENDING,NOT_YET_TESTED,PENDING_TOPIC_EXTRACTION,,COMPOSED,,,,,,N/A,,ORIGIN-NOUN-COMPOSED-1.0,NOT_REQUIRED,,PENDING_EMPIRICAL_VALIDATION,,,,,,https://trends.google.com/trends/explore?date=2018-01-01%202026-08-09&geo=SA&q=%D9%85%D8%B3%D8%AA%D8%AD%D8%B6%D8%B1%D8%A7%D8%AA%20%D8%A7%D9%84%D8%AA%D8%AC%D9%85%D9%8A%D9%84%20%D8%A7%D9%84%D9%81%D8%B1%D9%86%D8%B3%D9%8A%D8%A9&hl=en,[위약] 프랑스 화장품 · 소비양식 문법 · 사우디아라비아(ar) 조합,,,[위약] 프랑스 화장품 · TOPIC 후보,KCONSUMER_COMPOSED_V1
SA|KFASHION|KFASHION_G01,SA,KFASHION,KFASHION_G01,,keyword,الأزياء الكورية,,ar,MODE_GRAMMAR,RULE_SELECTED,PENDING_EMPIRICAL,UNKNOWN,PENDING,NOT_YET_TESTED,PENDING_TOPIC_EXTRACTION,,COMPOSED,,,,,,N/A,,ORIGIN-NOUN-COMPOSED-1.0,NOT_REQUIRED,,PENDING_EMPIRICAL_VALIDATION,,,,,,https://trends.google.com/trends/explore?date=2018-01-01%202026-08-09&geo=SA&q=%D8%A7%D9%84%D8%A3%D8%B2%D9%8A%D8%A7%D8%A1%20%D8%A7%D9%84%D9%83%D9%88%D8%B1%D9%8A%D8%A9&hl=en,한국 패션 · 소비양식 문법 · 사우디아라비아(ar) 조합,,,한국 패션 · TOPIC 후보,KCONSUMER_COMPOSED_V1
SA|KFASHION|KFASHION_G02,SA,KFASHION,KFASHION_G02,,keyword,K-fashion,,ar,MODE_GRAMMAR,RULE_SELECTED,PENDING_EMPIRICAL,UNKNOWN,PENDING,NOT_YET_TESTED,PENDING_TOPIC_EXTRACTION,,ATOMIC_LEXEME,,,,,,N/A,,ATOMIC-LEXEME-1.0,NOT_REQUIRED,,PENDING_EMPIRICAL_VALIDATION,,,,,,https://trends.google.com/trends/explore?date=2018-01-01%202026-08-09&geo=SA&q=K-fashion&hl=en,K-fashion · 소비양식 문법 · 사우디아라비아(ar) 외래어,,,K-fashion · TOPIC 후보,KCONSUMER_COMPOSED_V1
SA|KFASHION|KFASHION_G03,SA,KFASHION,KFASHION_G03,,keyword,أسلوب الكوري,,ar,MODE_GRAMMAR,RULE_SELECTED,PENDING_EMPIRICAL,UNKNOWN,PENDING,NOT_YET_TESTED,PENDING_DOM_EXTRACTION,,COMPOSED,,,,,,N/A,,ORIGIN-NOUN-COMPOSED-1.0,NOT_REQUIRED,,PENDING_EMPIRICAL_VALIDATION,,,,,,https://trends.google.com/trends/explore?date=2018-01-01%202026-08-09&geo=SA&q=%D8%A3%D8%B3%D9%84%D9%88%D8%A8%20%D8%A7%D9%84%D9%83%D9%88%D8%B1%D9%8A&hl=en,한국 스타일 코디 · 소비양식 문법 · 사우디아라비아(ar) 조합,,,한국 스타일 코디,KCONSUMER_COMPOSED_V1
SA|KFASHION|KFASHION_G04,SA,KFASHION,KFASHION_G04,,keyword,علامة أزياء الكورية,,ar,MODE_GRAMMAR,RULE_SELECTED,PENDING_EMPIRICAL,UNKNOWN,PENDING,NOT_YET_TESTED,PENDING_DOM_EXTRACTION,,COMPOSED,,,,,,N/A,,ORIGIN-NOUN-COMPOSED-1.0,NOT_REQUIRED,,PENDING_EMPIRICAL_VALIDATION,,,,,,https://trends.google.com/trends/explore?date=2018-01-01%202026-08-09&geo=SA&q=%D8%B9%D9%84%D8%A7%D9%85%D8%A9%20%D8%A3%D8%B2%D9%8A%D8%A7%D8%A1%20%D8%A7%D9%84%D9%83%D9%88%D8%B1%D9%8A%D8%A9&hl=en,한국 패션 브랜드 · 소비양식 문법 · 사우디아라비아(ar) 조합,,,한국 패션 브랜드,KCONSUMER_COMPOSED_V1
SA|KFASHION|KFASHION_G05,SA,KFASHION,KFASHION_G05,,keyword,أزياء الأيدول الكورية,,ar,MODE_GRAMMAR,RULE_SELECTED,PENDING_EMPIRICAL,UNKNOWN,PENDING,NOT_YET_TESTED,PENDING_DOM_EXTRACTION,,COMPOSED,,,,,,N/A,,ORIGIN-NOUN-COMPOSED-1.0,NOT_REQUIRED,,PENDING_EMPIRICAL_VALIDATION,,,,,,https://trends.google.com/trends/explore?date=2018-01-01%202026-08-09&geo=SA&q=%D8%A3%D8%B2%D9%8A%D8%A7%D8%A1%20%D8%A7%D9%84%D8%A3%D9%8A%D8%AF%D9%88%D9%84%20%D8%A7%D9%84%D9%83%D9%88%D8%B1%D9%8A%D8%A9&hl=en,아이돌 패션 · 소비양식 문법 · 사우디아라비아(ar) 조합,,아이돌 패션은 K-Pop 도메인과 겹친다. KPOP 계열과의 상관을 먼저 확인할 것,아이돌 패션,KCONSUMER_COMPOSED_V1
SA|KFASHION|KFASHION_G06,SA,KFASHION,KFASHION_G06,,keyword,ملابس الشارع الكورية,,ar,MODE_GRAMMAR,RULE_SELECTED,PENDING_EMPIRICAL,UNKNOWN,PENDING,NOT_YET_TESTED,PENDING_DOM_EXTRACTION,,COMPOSED,,,,,,N/A,,ORIGIN-NOUN-COMPOSED-1.0,NOT_REQUIRED,,PENDING_EMPIRICAL_VALIDATION,,,,,,https://trends.google.com/trends/explore?date=2018-01-01%202026-08-09&geo=SA&q=%D9%85%D9%84%D8%A7%D8%A8%D8%B3%20%D8%A7%D9%84%D8%B4%D8%A7%D8%B1%D8%B9%20%D8%A7%D9%84%D9%83%D9%88%D8%B1%D9%8A%D8%A9&hl=en,한국 스트릿웨어 · 소비양식 문법 · 사우디아라비아(ar) 조합,,,한국 스트릿웨어,KCONSUMER_COMPOSED_V1
SA|KFASHION|KFASHION_G07,SA,KFASHION,KFASHION_G07,,keyword,متجر ملابس إلكتروني الكوري,,ar,MODE_GRAMMAR,RULE_SELECTED,PENDING_EMPIRICAL,UNKNOWN,PENDING,NOT_YET_TESTED,PENDING_DOM_EXTRACTION,,COMPOSED,,,,,,N/A,,ORIGIN-NOUN-COMPOSED-1.0,NOT_REQUIRED,,PENDING_EMPIRICAL_VALIDATION,,,,,,https://trends.google.com/trends/explore?date=2018-01-01%202026-08-09&geo=SA&q=%D9%85%D8%AA%D8%AC%D8%B1%20%D9%85%D9%84%D8%A7%D8%A8%D8%B3%20%D8%A5%D9%84%D9%83%D8%AA%D8%B1%D9%88%D9%86%D9%8A%20%D8%A7%D9%84%D9%83%D9%88%D8%B1%D9%8A&hl=en,한국 옷 쇼핑몰 · 소비양식 문법 · 사우디아라비아(ar) 조합,,'한국 옷 쇼핑몰'은 플랫폼 브랜드명(무신사 등)으로 검색이 분산될 수 있음,한국 옷 쇼핑몰,KCONSUMER_COMPOSED_V1
SA|KFASHION|KFASHION_E01,SA,KFASHION,KFASHION_E01,,keyword,حقيبة الكورية,,ar,EXPORT_REFERENCED,RULE_SELECTED,PENDING_EMPIRICAL,UNKNOWN,PENDING,NOT_YET_TESTED,PENDING_DOM_EXTRACTION,,COMPOSED,,,,,,N/A,,ORIGIN-NOUN-COMPOSED-1.0,NOT_REQUIRED,,PENDING_EMPIRICAL_VALIDATION,,,,,,https://trends.google.com/trends/explore?date=2018-01-01%202026-08-09&geo=SA&q=%D8%AD%D9%82%D9%8A%D8%A8%D8%A9%20%D8%A7%D9%84%D9%83%D9%88%D8%B1%D9%8A%D8%A9&hl=en,가방 · 수출 참고 HS 420222·420221·420292 · 사우디아라비아(ar) 조합,,,가방,KCONSUMER_COMPOSED_V1
SA|KFASHION|KFASHION_E02,SA,KFASHION,KFASHION_E02,,keyword,نظارات شمسية الكورية,,ar,EXPORT_REFERENCED,RULE_SELECTED,PENDING_EMPIRICAL,UNKNOWN,PENDING,NOT_YET_TESTED,PENDING_DOM_EXTRACTION,,COMPOSED,,,,,,N/A,,ORIGIN-NOUN-COMPOSED-1.0,NOT_REQUIRED,,PENDING_EMPIRICAL_VALIDATION,,,,,,https://trends.google.com/trends/explore?date=2018-01-01%202026-08-09&geo=SA&q=%D9%86%D8%B8%D8%A7%D8%B1%D8%A7%D8%AA%20%D8%B4%D9%85%D8%B3%D9%8A%D8%A9%20%D8%A7%D9%84%D9%83%D9%88%D8%B1%D9%8A%D8%A9&hl=en,선글라스 · 수출 참고 HS 900410 · 사우디아라비아(ar) 조합,,,선글라스,KCONSUMER_COMPOSED_V1
SA|KFASHION|KFASHION_E03,SA,KFASHION,KFASHION_E03,,keyword,أحذية رياضية الكورية,,ar,EXPORT_REFERENCED,RULE_SELECTED,PENDING_EMPIRICAL,UNKNOWN,PENDING,NOT_YET_TESTED,PENDING_DOM_EXTRACTION,,COMPOSED,,,,,,N/A,,ORIGIN-NOUN-COMPOSED-1.0,NOT_REQUIRED,,PENDING_EMPIRICAL_VALIDATION,,,,,,https://trends.google.com/trends/explore?date=2018-01-01%202026-08-09&geo=SA&q=%D8%A3%D8%AD%D8%B0%D9%8A%D8%A9%20%D8%B1%D9%8A%D8%A7%D8%B6%D9%8A%D8%A9%20%D8%A7%D9%84%D9%83%D9%88%D8%B1%D9%8A%D8%A9&hl=en,스니커즈 · 수출 참고 HS 640411·640419 · 사우디아라비아(ar) 조합,,,스니커즈,KCONSUMER_COMPOSED_V1
SA|KFASHION|KFASHION_E04,SA,KFASHION,KFASHION_E04,,keyword,تيشيرت الكوري,,ar,EXPORT_REFERENCED,RULE_SELECTED,PENDING_EMPIRICAL,UNKNOWN,PENDING,NOT_YET_TESTED,PENDING_DOM_EXTRACTION,,COMPOSED,,,,,,N/A,,ORIGIN-NOUN-COMPOSED-1.0,NOT_REQUIRED,,PENDING_EMPIRICAL_VALIDATION,,,,,,https://trends.google.com/trends/explore?date=2018-01-01%202026-08-09&geo=SA&q=%D8%AA%D9%8A%D8%B4%D9%8A%D8%B1%D8%AA%20%D8%A7%D9%84%D9%83%D9%88%D8%B1%D9%8A&hl=en,티셔츠 · 수출 참고 HS 610910·610990 · 사우디아라비아(ar) 조합,,,티셔츠,KCONSUMER_COMPOSED_V1
SA|KFASHION|KFASHION_E05,SA,KFASHION,KFASHION_E05,,keyword,مجوهرات الكورية,,ar,EXPORT_REFERENCED,RULE_SELECTED,PENDING_EMPIRICAL,UNKNOWN,PENDING,NOT_YET_TESTED,PENDING_DOM_EXTRACTION,,COMPOSED,,,,,,N/A,,ORIGIN-NOUN-COMPOSED-1.0,NOT_REQUIRED,,PENDING_EMPIRICAL_VALIDATION,,,,,,https://trends.google.com/trends/explore?date=2018-01-01%202026-08-09&geo=SA&q=%D9%85%D8%AC%D9%88%D9%87%D8%B1%D8%A7%D8%AA%20%D8%A7%D9%84%D9%83%D9%88%D8%B1%D9%8A%D8%A9&hl=en,주얼리 · 수출 참고 HS 711319·711719 · 사우디아라비아(ar) 조합,,주얼리 대역의 L1 대응 품목 711319 는 금 시세에 좌우된다 — L1 과 L3 의 괴리가 클 것으로 예상,주얼리,KCONSUMER_COMPOSED_V1
SA|KFASHION|KFASHION_E06,SA,KFASHION,KFASHION_E06,,keyword,قبعة الكورية,,ar,EXPORT_REFERENCED,RULE_SELECTED,PENDING_EMPIRICAL,UNKNOWN,PENDING,NOT_YET_TESTED,PENDING_DOM_EXTRACTION,,COMPOSED,,,,,,N/A,,ORIGIN-NOUN-COMPOSED-1.0,NOT_REQUIRED,,PENDING_EMPIRICAL_VALIDATION,,,,,,https://trends.google.com/trends/explore?date=2018-01-01%202026-08-09&geo=SA&q=%D9%82%D8%A8%D8%B9%D8%A9%20%D8%A7%D9%84%D9%83%D9%88%D8%B1%D9%8A%D8%A9&hl=en,모자 · 수출 참고 HS 650500 · 사우디아라비아(ar) 조합,,,모자,KCONSUMER_COMPOSED_V1
SA|KFASHION|KFASHION_E07,SA,KFASHION,KFASHION_E07,,keyword,معطف الكوري,,ar,EXPORT_REFERENCED,RULE_SELECTED,PENDING_EMPIRICAL,UNKNOWN,PENDING,NOT_YET_TESTED,PENDING_DOM_EXTRACTION,,COMPOSED,,,,,,N/A,,ORIGIN-NOUN-COMPOSED-1.0,NOT_REQUIRED,,PENDING_EMPIRICAL_VALIDATION,,,,,,https://trends.google.com/trends/explore?date=2018-01-01%202026-08-09&geo=SA&q=%D9%85%D8%B9%D8%B7%D9%81%20%D8%A7%D9%84%D9%83%D9%88%D8%B1%D9%8A&hl=en,아우터 · 수출 참고 HS 620240 · 사우디아라비아(ar) 조합,,,아우터,KCONSUMER_COMPOSED_V1
SA|KFASHION|KFASHION_P01,SA,KFASHION,KFASHION_P01,,keyword,الأزياء اليابانية,,ar,MODE_GRAMMAR,RULE_SELECTED,PENDING_EMPIRICAL,UNKNOWN,PENDING,NOT_YET_TESTED,PENDING_TOPIC_EXTRACTION,,COMPOSED,,,,,,N/A,,ORIGIN-NOUN-COMPOSED-1.0,NOT_REQUIRED,,PENDING_EMPIRICAL_VALIDATION,,,,,,https://trends.google.com/trends/explore?date=2018-01-01%202026-08-09&geo=SA&q=%D8%A7%D9%84%D8%A3%D8%B2%D9%8A%D8%A7%D8%A1%20%D8%A7%D9%84%D9%8A%D8%A7%D8%A8%D8%A7%D9%86%D9%8A%D8%A9&hl=en,[위약] 일본 패션 · 소비양식 문법 · 사우디아라비아(ar) 조합,,,[위약] 일본 패션 · TOPIC 후보,KCONSUMER_COMPOSED_V1
SA|KFASHION|KFASHION_P02,SA,KFASHION,KFASHION_P02,,keyword,الأزياء الإيطالية,,ar,MODE_GRAMMAR,RULE_SELECTED,PENDING_EMPIRICAL,UNKNOWN,PENDING,NOT_YET_TESTED,PENDING_TOPIC_EXTRACTION,,COMPOSED,,,,,,N/A,,ORIGIN-NOUN-COMPOSED-1.0,NOT_REQUIRED,,PENDING_EMPIRICAL_VALIDATION,,,,,,https://trends.google.com/trends/explore?date=2018-01-01%202026-08-09&geo=SA&q=%D8%A7%D9%84%D8%A3%D8%B2%D9%8A%D8%A7%D8%A1%20%D8%A7%D9%84%D8%A5%D9%8A%D8%B7%D8%A7%D9%84%D9%8A%D8%A9&hl=en,[위약] 이탈리아 패션 · 소비양식 문법 · 사우디아라비아(ar) 조합,,,[위약] 이탈리아 패션 · TOPIC 후보,KCONSUMER_COMPOSED_V1
