measurement_unit_id,country_code,domain_code,concept_id,entity_id,final_unit_type,final_query,topic_mid,query_language,selection_basis,selection_status,validation_status,signal_status,confidence_level,empirical_validation_status,technical_status,technical_attempt_count,extraction_method,model_consensus,model_confidence,score_margin,exact_validated_other_countries,official_name_check,topic_mid_format_check,ambiguity_flag,selection_rule,second_pass_decision,second_pass_confidence,final_review_status,concept_valid_keyword_count,concept_low_keyword_count,concept_valid_keyword_countries,concept_low_keyword_countries,fallback_query,source_url,inclusion_reason,review_reason,remaining_risk,notes,source_record_set
US|KFOOD|KFOOD_C01,US,KFOOD,KFOOD_C01,,keyword,Korean food,,en,RULE_GRAMMAR,RULE_SELECTED,PENDING_EMPIRICAL,UNKNOWN,PENDING,NOT_YET_TESTED,PENDING_TOPIC_EXTRACTION,,RULE_GENERATED,,,,,,N/A,,GRAMMAR-LOCALIZED-1.0,NOT_REQUIRED,,PENDING_EMPIRICAL_VALIDATION,,,,,,https://trends.google.com/trends/explore?date=2018-01-01%202026-08-09&geo=US&q=Korean%20food&hl=en,의도어 문법 KFOOD_C01(한국 음식 일반) x 미국(en),,,한국 음식 일반 · TOPIC 후보,KFOOD_ITEM_MASTER_V1
US|KFOOD|KFOOD_C02,US,KFOOD,KFOOD_C02,,keyword,Korean recipe,,en,RULE_GRAMMAR,RULE_SELECTED,PENDING_EMPIRICAL,UNKNOWN,PENDING,NOT_YET_TESTED,PENDING_DOM_EXTRACTION,,RULE_GENERATED,,,,,,N/A,,GRAMMAR-LOCALIZED-1.0,NOT_REQUIRED,,PENDING_EMPIRICAL_VALIDATION,,,,,,https://trends.google.com/trends/explore?date=2018-01-01%202026-08-09&geo=US&q=Korean%20recipe&hl=en,의도어 문법 KFOOD_C02(한국 요리법 (가정조리)) x 미국(en),,,한국 요리법 (가정조리),KFOOD_ITEM_MASTER_V1
US|KFOOD|KFOOD_C03,US,KFOOD,KFOOD_C03,,keyword,Korean restaurant,,en,RULE_GRAMMAR,RULE_SELECTED,PENDING_EMPIRICAL,UNKNOWN,PENDING,NOT_YET_TESTED,PENDING_DOM_EXTRACTION,,RULE_GENERATED,,,,,,N/A,,GRAMMAR-LOCALIZED-1.0,NOT_REQUIRED,,PENDING_EMPIRICAL_VALIDATION,,,,,,https://trends.google.com/trends/explore?date=2018-01-01%202026-08-09&geo=US&q=Korean%20restaurant&hl=en,의도어 문법 KFOOD_C03(한식당 (외식)) x 미국(en),,,한식당 (외식),KFOOD_ITEM_MASTER_V1
US|KFOOD|KFOOD_I01,US,KFOOD,KFOOD_I01,,keyword,Korean ramen,,en,FROZEN_ITEM_MASTER,RULE_SELECTED,PENDING_EMPIRICAL,UNKNOWN,PENDING,NOT_YET_TESTED,PENDING_TOPIC_EXTRACTION,,RULE_GENERATED,,,,,,N/A,,ITEM-MASTER-TRANSLATED-1.0,NOT_REQUIRED,,PENDING_EMPIRICAL_VALIDATION,,,,,,https://trends.google.com/trends/explore?date=2018-01-01%202026-08-09&geo=US&q=Korean%20ramen&hl=en,동결 품목 190230 의 소비자 검색어 번역 x 미국(en),,'ramen' 단독은 일식을 가리킨다. 전 언어에서 한국 수식어를 붙였으나 그만큼 검색량이 줄어 과소측정 가능,라면 · TOPIC 후보,KFOOD_ITEM_MASTER_V1
US|KFOOD|KFOOD_I02,US,KFOOD,KFOOD_I02,,keyword,kimchi,,en,FROZEN_ITEM_MASTER,RULE_SELECTED,PENDING_EMPIRICAL,UNKNOWN,PENDING,NOT_YET_TESTED,PENDING_TOPIC_EXTRACTION,,RULE_GENERATED,,,,,,N/A,,ITEM-MASTER-TRANSLATED-1.0,NOT_REQUIRED,,PENDING_EMPIRICAL_VALIDATION,,,,,,https://trends.google.com/trends/explore?date=2018-01-01%202026-08-09&geo=US&q=kimchi&hl=en,동결 품목 200599 의 소비자 검색어 번역 x 미국(en),,일본은 자국산 김치를 대량 생산해 JP 신호에 국산 수요가 섞인다,김치 · TOPIC 후보,KFOOD_ITEM_MASTER_V1
US|KFOOD|KFOOD_I03,US,KFOOD,KFOOD_I03,,keyword,Korean seaweed snack,,en,FROZEN_ITEM_MASTER,RULE_SELECTED,PENDING_EMPIRICAL,UNKNOWN,PENDING,NOT_YET_TESTED,PENDING_DOM_EXTRACTION,,RULE_GENERATED,,,,,,N/A,,ITEM-MASTER-TRANSLATED-1.0,NOT_REQUIRED,,PENDING_EMPIRICAL_VALIDATION,,,,,,https://trends.google.com/trends/explore?date=2018-01-01%202026-08-09&geo=US&q=Korean%20seaweed%20snack&hl=en,동결 품목 121221 의 소비자 검색어 번역 x 미국(en),,일본어 のり 단독은 일본산 김. 韓国のり 로 한정,김 (조미김),KFOOD_ITEM_MASTER_V1
US|KFOOD|KFOOD_I04,US,KFOOD,KFOOD_I04,,keyword,gochujang,,en,FROZEN_ITEM_MASTER,RULE_SELECTED,PENDING_EMPIRICAL,UNKNOWN,PENDING,NOT_YET_TESTED,PENDING_TOPIC_EXTRACTION,,RULE_GENERATED,,,,,,N/A,,ITEM-MASTER-TRANSLATED-1.0,NOT_REQUIRED,,PENDING_EMPIRICAL_VALIDATION,,,,,,https://trends.google.com/trends/explore?date=2018-01-01%202026-08-09&geo=US&q=gochujang&hl=en,동결 품목 210390 의 소비자 검색어 번역 x 미국(en),,,고추장·소스 · TOPIC 후보,KFOOD_ITEM_MASTER_V1
US|KFOOD|KFOOD_I05,US,KFOOD,KFOOD_I05,,keyword,soju,,en,FROZEN_ITEM_MASTER,RULE_SELECTED,PENDING_EMPIRICAL,UNKNOWN,PENDING,NOT_YET_TESTED,PENDING_TOPIC_EXTRACTION,,RULE_GENERATED,,,,,,N/A,,ITEM-MASTER-TRANSLATED-1.0,NOT_REQUIRED,,PENDING_EMPIRICAL_VALIDATION,,,,,,https://trends.google.com/trends/explore?date=2018-01-01%202026-08-09&geo=US&q=soju&hl=en,동결 품목 220890·220870 의 소비자 검색어 번역 x 미국(en),,일본어 焼酎 는 일본 소주다. 韓国焼酎 로 한정했으나 ソジュ 표기와 분산될 수 있음,소주 · TOPIC 후보,KFOOD_ITEM_MASTER_V1
US|KFOOD|KFOOD_I06,US,KFOOD,KFOOD_I06,,keyword,Korean snacks,,en,FROZEN_ITEM_MASTER,RULE_SELECTED,PENDING_EMPIRICAL,UNKNOWN,PENDING,NOT_YET_TESTED,PENDING_DOM_EXTRACTION,,RULE_GENERATED,,,,,,N/A,,ITEM-MASTER-TRANSLATED-1.0,NOT_REQUIRED,,PENDING_EMPIRICAL_VALIDATION,,,,,,https://trends.google.com/trends/explore?date=2018-01-01%202026-08-09&geo=US&q=Korean%20snacks&hl=en,동결 품목 190590·190410·170490 의 소비자 검색어 번역 x 미국(en),,과자는 HS 3개 통합 개념이라 품목 대응이 1:1 이 아니다,한국 과자,KFOOD_ITEM_MASTER_V1
US|KFOOD|KFOOD_I07,US,KFOOD,KFOOD_I07,,keyword,Korean ginseng,,en,FROZEN_ITEM_MASTER,RULE_SELECTED,PENDING_EMPIRICAL,UNKNOWN,PENDING,NOT_YET_TESTED,PENDING_TOPIC_EXTRACTION,,RULE_GENERATED,,,,,,N/A,,ITEM-MASTER-TRANSLATED-1.0,NOT_REQUIRED,,PENDING_EMPIRICAL_VALIDATION,,,,,,https://trends.google.com/trends/explore?date=2018-01-01%202026-08-09&geo=US&q=Korean%20ginseng&hl=en,동결 품목 121120 의 소비자 검색어 번역 x 미국(en),,,인삼·홍삼 · TOPIC 후보,KFOOD_ITEM_MASTER_V1
US|KFOOD|KFOOD_I08,US,KFOOD,KFOOD_I08,,keyword,Korean instant coffee,,en,FROZEN_ITEM_MASTER,RULE_SELECTED,PENDING_EMPIRICAL,UNKNOWN,PENDING,NOT_YET_TESTED,PENDING_DOM_EXTRACTION,,RULE_GENERATED,,,,,,N/A,,ITEM-MASTER-TRANSLATED-1.0,NOT_REQUIRED,,PENDING_EMPIRICAL_VALIDATION,,,,,,https://trends.google.com/trends/explore?date=2018-01-01%202026-08-09&geo=US&q=Korean%20instant%20coffee&hl=en,동결 품목 210111 의 소비자 검색어 번역 x 미국(en),,,커피믹스,KFOOD_ITEM_MASTER_V1
US|KFOOD|KFOOD_I09,US,KFOOD,KFOOD_I09,,keyword,Korean fish cake,,en,FROZEN_ITEM_MASTER,RULE_SELECTED,PENDING_EMPIRICAL,UNKNOWN,PENDING,NOT_YET_TESTED,PENDING_DOM_EXTRACTION,,RULE_GENERATED,,,,,,N/A,,ITEM-MASTER-TRANSLATED-1.0,NOT_REQUIRED,,PENDING_EMPIRICAL_VALIDATION,,,,,,https://trends.google.com/trends/explore?date=2018-01-01%202026-08-09&geo=US&q=Korean%20fish%20cake&hl=en,동결 품목 160420 의 소비자 검색어 번역 x 미국(en),,직역어라 실제 검색되지 않을 가능성이 높다 — 실증에서 탈락 예상,어묵,KFOOD_ITEM_MASTER_V1
US|KFOOD|KFOOD_I10,US,KFOOD,KFOOD_I10,,keyword,Korean beer,,en,FROZEN_ITEM_MASTER,RULE_SELECTED,PENDING_EMPIRICAL,UNKNOWN,PENDING,NOT_YET_TESTED,PENDING_DOM_EXTRACTION,,RULE_GENERATED,,,,,,N/A,,ITEM-MASTER-TRANSLATED-1.0,NOT_REQUIRED,,PENDING_EMPIRICAL_VALIDATION,,,,,,https://trends.google.com/trends/explore?date=2018-01-01%202026-08-09&geo=US&q=Korean%20beer&hl=en,동결 품목 220300 의 소비자 검색어 번역 x 미국(en),,,한국 맥주,KFOOD_ITEM_MASTER_V1
US|KFOOD|KFOOD_I11,US,KFOOD,KFOOD_I11,,keyword,Korean instant rice,,en,FROZEN_ITEM_MASTER,RULE_SELECTED,PENDING_EMPIRICAL,UNKNOWN,PENDING,NOT_YET_TESTED,PENDING_DOM_EXTRACTION,,RULE_GENERATED,,,,,,N/A,,ITEM-MASTER-TRANSLATED-1.0,NOT_REQUIRED,,PENDING_EMPIRICAL_VALIDATION,,,,,,https://trends.google.com/trends/explore?date=2018-01-01%202026-08-09&geo=US&q=Korean%20instant%20rice&hl=en,동결 품목 190490 의 소비자 검색어 번역 x 미국(en),,,즉석밥,KFOOD_ITEM_MASTER_V1
US|KFOOD|KFOOD_I12,US,KFOOD,KFOOD_I12,,keyword,Korean strawberry,,en,FROZEN_ITEM_MASTER,RULE_SELECTED,PENDING_EMPIRICAL,UNKNOWN,PENDING,NOT_YET_TESTED,PENDING_DOM_EXTRACTION,,RULE_GENERATED,,,,,,N/A,,ITEM-MASTER-TRANSLATED-1.0,NOT_REQUIRED,,PENDING_EMPIRICAL_VALIDATION,,,,,,https://trends.google.com/trends/explore?date=2018-01-01%202026-08-09&geo=US&q=Korean%20strawberry&hl=en,동결 품목 081010 의 소비자 검색어 번역 x 미국(en),,신선 딸기는 계절성이 극단적이라 월별 원계열로는 추세 판독 불가,한국 딸기,KFOOD_ITEM_MASTER_V1
US|KFOOD|KFOOD_I13,US,KFOOD,KFOOD_I13,,keyword,Korean ice cream,,en,FROZEN_ITEM_MASTER,RULE_SELECTED,PENDING_EMPIRICAL,UNKNOWN,PENDING,NOT_YET_TESTED,PENDING_DOM_EXTRACTION,,RULE_GENERATED,,,,,,N/A,,ITEM-MASTER-TRANSLATED-1.0,NOT_REQUIRED,,PENDING_EMPIRICAL_VALIDATION,,,,,,https://trends.google.com/trends/explore?date=2018-01-01%202026-08-09&geo=US&q=Korean%20ice%20cream&hl=en,동결 품목 210500 의 소비자 검색어 번역 x 미국(en),,,한국 아이스크림,KFOOD_ITEM_MASTER_V1
US|KFOOD|KFOOD_I14,US,KFOOD,KFOOD_I14,,keyword,Korean drinks,,en,FROZEN_ITEM_MASTER,RULE_SELECTED,PENDING_EMPIRICAL,UNKNOWN,PENDING,NOT_YET_TESTED,PENDING_DOM_EXTRACTION,,RULE_GENERATED,,,,,,N/A,,ITEM-MASTER-TRANSLATED-1.0,NOT_REQUIRED,,PENDING_EMPIRICAL_VALIDATION,,,,,,https://trends.google.com/trends/explore?date=2018-01-01%202026-08-09&geo=US&q=Korean%20drinks&hl=en,동결 품목 220299·220210 의 소비자 검색어 번역 x 미국(en),,'한국 음료'는 총칭이라 특정 제품 검색과 어긋날 수 있음,한국 음료,KFOOD_ITEM_MASTER_V1
US|KFOOD|KFOOD_P01,US,KFOOD,KFOOD_P01,,keyword,Japanese food,,en,RULE_GRAMMAR,RULE_SELECTED,PENDING_EMPIRICAL,UNKNOWN,PENDING,NOT_YET_TESTED,PENDING_TOPIC_EXTRACTION,,RULE_GENERATED,,,,,,N/A,,GRAMMAR-LOCALIZED-1.0,NOT_REQUIRED,,PENDING_EMPIRICAL_VALIDATION,,,,,,https://trends.google.com/trends/explore?date=2018-01-01%202026-08-09&geo=US&q=Japanese%20food&hl=en,의도어 문법 KFOOD_P01([위약] 일식) x 미국(en),,위약이지만 한식·일식은 대체재이자 보완재라 부호가 양쪽 다 가능 — 계수 부호까지 함께 볼 것,[위약] 일식 · TOPIC 후보,KFOOD_ITEM_MASTER_V1
US|KFOOD|KFOOD_P02,US,KFOOD,KFOOD_P02,,keyword,Thai food,,en,RULE_GRAMMAR,RULE_SELECTED,PENDING_EMPIRICAL,UNKNOWN,PENDING,NOT_YET_TESTED,PENDING_TOPIC_EXTRACTION,,RULE_GENERATED,,,,,,N/A,,GRAMMAR-LOCALIZED-1.0,NOT_REQUIRED,,PENDING_EMPIRICAL_VALIDATION,,,,,,https://trends.google.com/trends/explore?date=2018-01-01%202026-08-09&geo=US&q=Thai%20food&hl=en,의도어 문법 KFOOD_P02([위약] 태국 음식) x 미국(en),,,[위약] 태국 음식 · TOPIC 후보,KFOOD_ITEM_MASTER_V1
US|KFOOD|KFOOD_P03,US,KFOOD,KFOOD_P03,,keyword,Chinese food,,en,RULE_GRAMMAR,RULE_SELECTED,PENDING_EMPIRICAL,UNKNOWN,PENDING,NOT_YET_TESTED,PENDING_TOPIC_EXTRACTION,,RULE_GENERATED,,,,,,N/A,,GRAMMAR-LOCALIZED-1.0,NOT_REQUIRED,,PENDING_EMPIRICAL_VALIDATION,,,,,,https://trends.google.com/trends/explore?date=2018-01-01%202026-08-09&geo=US&q=Chinese%20food&hl=en,의도어 문법 KFOOD_P03([위약] 중식) x 미국(en),,,[위약] 중식 · TOPIC 후보,KFOOD_ITEM_MASTER_V1
GB|KFOOD|KFOOD_C01,GB,KFOOD,KFOOD_C01,,keyword,Korean food,,en,RULE_GRAMMAR,RULE_SELECTED,PENDING_EMPIRICAL,UNKNOWN,PENDING,NOT_YET_TESTED,PENDING_TOPIC_EXTRACTION,,RULE_GENERATED,,,,,,N/A,,GRAMMAR-LOCALIZED-1.0,NOT_REQUIRED,,PENDING_EMPIRICAL_VALIDATION,,,,,,https://trends.google.com/trends/explore?date=2018-01-01%202026-08-09&geo=GB&q=Korean%20food&hl=en,의도어 문법 KFOOD_C01(한국 음식 일반) x 영국(en),,,한국 음식 일반 · TOPIC 후보,KFOOD_ITEM_MASTER_V1
GB|KFOOD|KFOOD_C02,GB,KFOOD,KFOOD_C02,,keyword,Korean recipe,,en,RULE_GRAMMAR,RULE_SELECTED,PENDING_EMPIRICAL,UNKNOWN,PENDING,NOT_YET_TESTED,PENDING_DOM_EXTRACTION,,RULE_GENERATED,,,,,,N/A,,GRAMMAR-LOCALIZED-1.0,NOT_REQUIRED,,PENDING_EMPIRICAL_VALIDATION,,,,,,https://trends.google.com/trends/explore?date=2018-01-01%202026-08-09&geo=GB&q=Korean%20recipe&hl=en,의도어 문법 KFOOD_C02(한국 요리법 (가정조리)) x 영국(en),,,한국 요리법 (가정조리),KFOOD_ITEM_MASTER_V1
GB|KFOOD|KFOOD_C03,GB,KFOOD,KFOOD_C03,,keyword,Korean restaurant,,en,RULE_GRAMMAR,RULE_SELECTED,PENDING_EMPIRICAL,UNKNOWN,PENDING,NOT_YET_TESTED,PENDING_DOM_EXTRACTION,,RULE_GENERATED,,,,,,N/A,,GRAMMAR-LOCALIZED-1.0,NOT_REQUIRED,,PENDING_EMPIRICAL_VALIDATION,,,,,,https://trends.google.com/trends/explore?date=2018-01-01%202026-08-09&geo=GB&q=Korean%20restaurant&hl=en,의도어 문법 KFOOD_C03(한식당 (외식)) x 영국(en),,,한식당 (외식),KFOOD_ITEM_MASTER_V1
GB|KFOOD|KFOOD_I01,GB,KFOOD,KFOOD_I01,,keyword,Korean ramen,,en,FROZEN_ITEM_MASTER,RULE_SELECTED,PENDING_EMPIRICAL,UNKNOWN,PENDING,NOT_YET_TESTED,PENDING_TOPIC_EXTRACTION,,RULE_GENERATED,,,,,,N/A,,ITEM-MASTER-TRANSLATED-1.0,NOT_REQUIRED,,PENDING_EMPIRICAL_VALIDATION,,,,,,https://trends.google.com/trends/explore?date=2018-01-01%202026-08-09&geo=GB&q=Korean%20ramen&hl=en,동결 품목 190230 의 소비자 검색어 번역 x 영국(en),,'ramen' 단독은 일식을 가리킨다. 전 언어에서 한국 수식어를 붙였으나 그만큼 검색량이 줄어 과소측정 가능,라면 · TOPIC 후보,KFOOD_ITEM_MASTER_V1
GB|KFOOD|KFOOD_I02,GB,KFOOD,KFOOD_I02,,keyword,kimchi,,en,FROZEN_ITEM_MASTER,RULE_SELECTED,PENDING_EMPIRICAL,UNKNOWN,PENDING,NOT_YET_TESTED,PENDING_TOPIC_EXTRACTION,,RULE_GENERATED,,,,,,N/A,,ITEM-MASTER-TRANSLATED-1.0,NOT_REQUIRED,,PENDING_EMPIRICAL_VALIDATION,,,,,,https://trends.google.com/trends/explore?date=2018-01-01%202026-08-09&geo=GB&q=kimchi&hl=en,동결 품목 200599 의 소비자 검색어 번역 x 영국(en),,일본은 자국산 김치를 대량 생산해 JP 신호에 국산 수요가 섞인다,김치 · TOPIC 후보,KFOOD_ITEM_MASTER_V1
GB|KFOOD|KFOOD_I03,GB,KFOOD,KFOOD_I03,,keyword,Korean seaweed snack,,en,FROZEN_ITEM_MASTER,RULE_SELECTED,PENDING_EMPIRICAL,UNKNOWN,PENDING,NOT_YET_TESTED,PENDING_DOM_EXTRACTION,,RULE_GENERATED,,,,,,N/A,,ITEM-MASTER-TRANSLATED-1.0,NOT_REQUIRED,,PENDING_EMPIRICAL_VALIDATION,,,,,,https://trends.google.com/trends/explore?date=2018-01-01%202026-08-09&geo=GB&q=Korean%20seaweed%20snack&hl=en,동결 품목 121221 의 소비자 검색어 번역 x 영국(en),,일본어 のり 단독은 일본산 김. 韓国のり 로 한정,김 (조미김),KFOOD_ITEM_MASTER_V1
GB|KFOOD|KFOOD_I04,GB,KFOOD,KFOOD_I04,,keyword,gochujang,,en,FROZEN_ITEM_MASTER,RULE_SELECTED,PENDING_EMPIRICAL,UNKNOWN,PENDING,NOT_YET_TESTED,PENDING_TOPIC_EXTRACTION,,RULE_GENERATED,,,,,,N/A,,ITEM-MASTER-TRANSLATED-1.0,NOT_REQUIRED,,PENDING_EMPIRICAL_VALIDATION,,,,,,https://trends.google.com/trends/explore?date=2018-01-01%202026-08-09&geo=GB&q=gochujang&hl=en,동결 품목 210390 의 소비자 검색어 번역 x 영국(en),,,고추장·소스 · TOPIC 후보,KFOOD_ITEM_MASTER_V1
GB|KFOOD|KFOOD_I05,GB,KFOOD,KFOOD_I05,,keyword,soju,,en,FROZEN_ITEM_MASTER,RULE_SELECTED,PENDING_EMPIRICAL,UNKNOWN,PENDING,NOT_YET_TESTED,PENDING_TOPIC_EXTRACTION,,RULE_GENERATED,,,,,,N/A,,ITEM-MASTER-TRANSLATED-1.0,NOT_REQUIRED,,PENDING_EMPIRICAL_VALIDATION,,,,,,https://trends.google.com/trends/explore?date=2018-01-01%202026-08-09&geo=GB&q=soju&hl=en,동결 품목 220890·220870 의 소비자 검색어 번역 x 영국(en),,일본어 焼酎 는 일본 소주다. 韓国焼酎 로 한정했으나 ソジュ 표기와 분산될 수 있음,소주 · TOPIC 후보,KFOOD_ITEM_MASTER_V1
GB|KFOOD|KFOOD_I06,GB,KFOOD,KFOOD_I06,,keyword,Korean snacks,,en,FROZEN_ITEM_MASTER,RULE_SELECTED,PENDING_EMPIRICAL,UNKNOWN,PENDING,NOT_YET_TESTED,PENDING_DOM_EXTRACTION,,RULE_GENERATED,,,,,,N/A,,ITEM-MASTER-TRANSLATED-1.0,NOT_REQUIRED,,PENDING_EMPIRICAL_VALIDATION,,,,,,https://trends.google.com/trends/explore?date=2018-01-01%202026-08-09&geo=GB&q=Korean%20snacks&hl=en,동결 품목 190590·190410·170490 의 소비자 검색어 번역 x 영국(en),,과자는 HS 3개 통합 개념이라 품목 대응이 1:1 이 아니다,한국 과자,KFOOD_ITEM_MASTER_V1
GB|KFOOD|KFOOD_I07,GB,KFOOD,KFOOD_I07,,keyword,Korean ginseng,,en,FROZEN_ITEM_MASTER,RULE_SELECTED,PENDING_EMPIRICAL,UNKNOWN,PENDING,NOT_YET_TESTED,PENDING_TOPIC_EXTRACTION,,RULE_GENERATED,,,,,,N/A,,ITEM-MASTER-TRANSLATED-1.0,NOT_REQUIRED,,PENDING_EMPIRICAL_VALIDATION,,,,,,https://trends.google.com/trends/explore?date=2018-01-01%202026-08-09&geo=GB&q=Korean%20ginseng&hl=en,동결 품목 121120 의 소비자 검색어 번역 x 영국(en),,,인삼·홍삼 · TOPIC 후보,KFOOD_ITEM_MASTER_V1
GB|KFOOD|KFOOD_I08,GB,KFOOD,KFOOD_I08,,keyword,Korean instant coffee,,en,FROZEN_ITEM_MASTER,RULE_SELECTED,PENDING_EMPIRICAL,UNKNOWN,PENDING,NOT_YET_TESTED,PENDING_DOM_EXTRACTION,,RULE_GENERATED,,,,,,N/A,,ITEM-MASTER-TRANSLATED-1.0,NOT_REQUIRED,,PENDING_EMPIRICAL_VALIDATION,,,,,,https://trends.google.com/trends/explore?date=2018-01-01%202026-08-09&geo=GB&q=Korean%20instant%20coffee&hl=en,동결 품목 210111 의 소비자 검색어 번역 x 영국(en),,,커피믹스,KFOOD_ITEM_MASTER_V1
GB|KFOOD|KFOOD_I09,GB,KFOOD,KFOOD_I09,,keyword,Korean fish cake,,en,FROZEN_ITEM_MASTER,RULE_SELECTED,PENDING_EMPIRICAL,UNKNOWN,PENDING,NOT_YET_TESTED,PENDING_DOM_EXTRACTION,,RULE_GENERATED,,,,,,N/A,,ITEM-MASTER-TRANSLATED-1.0,NOT_REQUIRED,,PENDING_EMPIRICAL_VALIDATION,,,,,,https://trends.google.com/trends/explore?date=2018-01-01%202026-08-09&geo=GB&q=Korean%20fish%20cake&hl=en,동결 품목 160420 의 소비자 검색어 번역 x 영국(en),,직역어라 실제 검색되지 않을 가능성이 높다 — 실증에서 탈락 예상,어묵,KFOOD_ITEM_MASTER_V1
GB|KFOOD|KFOOD_I10,GB,KFOOD,KFOOD_I10,,keyword,Korean beer,,en,FROZEN_ITEM_MASTER,RULE_SELECTED,PENDING_EMPIRICAL,UNKNOWN,PENDING,NOT_YET_TESTED,PENDING_DOM_EXTRACTION,,RULE_GENERATED,,,,,,N/A,,ITEM-MASTER-TRANSLATED-1.0,NOT_REQUIRED,,PENDING_EMPIRICAL_VALIDATION,,,,,,https://trends.google.com/trends/explore?date=2018-01-01%202026-08-09&geo=GB&q=Korean%20beer&hl=en,동결 품목 220300 의 소비자 검색어 번역 x 영국(en),,,한국 맥주,KFOOD_ITEM_MASTER_V1
GB|KFOOD|KFOOD_I11,GB,KFOOD,KFOOD_I11,,keyword,Korean instant rice,,en,FROZEN_ITEM_MASTER,RULE_SELECTED,PENDING_EMPIRICAL,UNKNOWN,PENDING,NOT_YET_TESTED,PENDING_DOM_EXTRACTION,,RULE_GENERATED,,,,,,N/A,,ITEM-MASTER-TRANSLATED-1.0,NOT_REQUIRED,,PENDING_EMPIRICAL_VALIDATION,,,,,,https://trends.google.com/trends/explore?date=2018-01-01%202026-08-09&geo=GB&q=Korean%20instant%20rice&hl=en,동결 품목 190490 의 소비자 검색어 번역 x 영국(en),,,즉석밥,KFOOD_ITEM_MASTER_V1
GB|KFOOD|KFOOD_I12,GB,KFOOD,KFOOD_I12,,keyword,Korean strawberry,,en,FROZEN_ITEM_MASTER,RULE_SELECTED,PENDING_EMPIRICAL,UNKNOWN,PENDING,NOT_YET_TESTED,PENDING_DOM_EXTRACTION,,RULE_GENERATED,,,,,,N/A,,ITEM-MASTER-TRANSLATED-1.0,NOT_REQUIRED,,PENDING_EMPIRICAL_VALIDATION,,,,,,https://trends.google.com/trends/explore?date=2018-01-01%202026-08-09&geo=GB&q=Korean%20strawberry&hl=en,동결 품목 081010 의 소비자 검색어 번역 x 영국(en),,신선 딸기는 계절성이 극단적이라 월별 원계열로는 추세 판독 불가,한국 딸기,KFOOD_ITEM_MASTER_V1
GB|KFOOD|KFOOD_I13,GB,KFOOD,KFOOD_I13,,keyword,Korean ice cream,,en,FROZEN_ITEM_MASTER,RULE_SELECTED,PENDING_EMPIRICAL,UNKNOWN,PENDING,NOT_YET_TESTED,PENDING_DOM_EXTRACTION,,RULE_GENERATED,,,,,,N/A,,ITEM-MASTER-TRANSLATED-1.0,NOT_REQUIRED,,PENDING_EMPIRICAL_VALIDATION,,,,,,https://trends.google.com/trends/explore?date=2018-01-01%202026-08-09&geo=GB&q=Korean%20ice%20cream&hl=en,동결 품목 210500 의 소비자 검색어 번역 x 영국(en),,,한국 아이스크림,KFOOD_ITEM_MASTER_V1
GB|KFOOD|KFOOD_I14,GB,KFOOD,KFOOD_I14,,keyword,Korean drinks,,en,FROZEN_ITEM_MASTER,RULE_SELECTED,PENDING_EMPIRICAL,UNKNOWN,PENDING,NOT_YET_TESTED,PENDING_DOM_EXTRACTION,,RULE_GENERATED,,,,,,N/A,,ITEM-MASTER-TRANSLATED-1.0,NOT_REQUIRED,,PENDING_EMPIRICAL_VALIDATION,,,,,,https://trends.google.com/trends/explore?date=2018-01-01%202026-08-09&geo=GB&q=Korean%20drinks&hl=en,동결 품목 220299·220210 의 소비자 검색어 번역 x 영국(en),,'한국 음료'는 총칭이라 특정 제품 검색과 어긋날 수 있음,한국 음료,KFOOD_ITEM_MASTER_V1
GB|KFOOD|KFOOD_P01,GB,KFOOD,KFOOD_P01,,keyword,Japanese food,,en,RULE_GRAMMAR,RULE_SELECTED,PENDING_EMPIRICAL,UNKNOWN,PENDING,NOT_YET_TESTED,PENDING_TOPIC_EXTRACTION,,RULE_GENERATED,,,,,,N/A,,GRAMMAR-LOCALIZED-1.0,NOT_REQUIRED,,PENDING_EMPIRICAL_VALIDATION,,,,,,https://trends.google.com/trends/explore?date=2018-01-01%202026-08-09&geo=GB&q=Japanese%20food&hl=en,의도어 문법 KFOOD_P01([위약] 일식) x 영국(en),,위약이지만 한식·일식은 대체재이자 보완재라 부호가 양쪽 다 가능 — 계수 부호까지 함께 볼 것,[위약] 일식 · TOPIC 후보,KFOOD_ITEM_MASTER_V1
GB|KFOOD|KFOOD_P02,GB,KFOOD,KFOOD_P02,,keyword,Thai food,,en,RULE_GRAMMAR,RULE_SELECTED,PENDING_EMPIRICAL,UNKNOWN,PENDING,NOT_YET_TESTED,PENDING_TOPIC_EXTRACTION,,RULE_GENERATED,,,,,,N/A,,GRAMMAR-LOCALIZED-1.0,NOT_REQUIRED,,PENDING_EMPIRICAL_VALIDATION,,,,,,https://trends.google.com/trends/explore?date=2018-01-01%202026-08-09&geo=GB&q=Thai%20food&hl=en,의도어 문법 KFOOD_P02([위약] 태국 음식) x 영국(en),,,[위약] 태국 음식 · TOPIC 후보,KFOOD_ITEM_MASTER_V1
GB|KFOOD|KFOOD_P03,GB,KFOOD,KFOOD_P03,,keyword,Chinese food,,en,RULE_GRAMMAR,RULE_SELECTED,PENDING_EMPIRICAL,UNKNOWN,PENDING,NOT_YET_TESTED,PENDING_TOPIC_EXTRACTION,,RULE_GENERATED,,,,,,N/A,,GRAMMAR-LOCALIZED-1.0,NOT_REQUIRED,,PENDING_EMPIRICAL_VALIDATION,,,,,,https://trends.google.com/trends/explore?date=2018-01-01%202026-08-09&geo=GB&q=Chinese%20food&hl=en,의도어 문법 KFOOD_P03([위약] 중식) x 영국(en),,,[위약] 중식 · TOPIC 후보,KFOOD_ITEM_MASTER_V1
AU|KFOOD|KFOOD_C01,AU,KFOOD,KFOOD_C01,,keyword,Korean food,,en,RULE_GRAMMAR,RULE_SELECTED,PENDING_EMPIRICAL,UNKNOWN,PENDING,NOT_YET_TESTED,PENDING_TOPIC_EXTRACTION,,RULE_GENERATED,,,,,,N/A,,GRAMMAR-LOCALIZED-1.0,NOT_REQUIRED,,PENDING_EMPIRICAL_VALIDATION,,,,,,https://trends.google.com/trends/explore?date=2018-01-01%202026-08-09&geo=AU&q=Korean%20food&hl=en,의도어 문법 KFOOD_C01(한국 음식 일반) x 호주(en),,,한국 음식 일반 · TOPIC 후보,KFOOD_ITEM_MASTER_V1
AU|KFOOD|KFOOD_C02,AU,KFOOD,KFOOD_C02,,keyword,Korean recipe,,en,RULE_GRAMMAR,RULE_SELECTED,PENDING_EMPIRICAL,UNKNOWN,PENDING,NOT_YET_TESTED,PENDING_DOM_EXTRACTION,,RULE_GENERATED,,,,,,N/A,,GRAMMAR-LOCALIZED-1.0,NOT_REQUIRED,,PENDING_EMPIRICAL_VALIDATION,,,,,,https://trends.google.com/trends/explore?date=2018-01-01%202026-08-09&geo=AU&q=Korean%20recipe&hl=en,의도어 문법 KFOOD_C02(한국 요리법 (가정조리)) x 호주(en),,,한국 요리법 (가정조리),KFOOD_ITEM_MASTER_V1
AU|KFOOD|KFOOD_C03,AU,KFOOD,KFOOD_C03,,keyword,Korean restaurant,,en,RULE_GRAMMAR,RULE_SELECTED,PENDING_EMPIRICAL,UNKNOWN,PENDING,NOT_YET_TESTED,PENDING_DOM_EXTRACTION,,RULE_GENERATED,,,,,,N/A,,GRAMMAR-LOCALIZED-1.0,NOT_REQUIRED,,PENDING_EMPIRICAL_VALIDATION,,,,,,https://trends.google.com/trends/explore?date=2018-01-01%202026-08-09&geo=AU&q=Korean%20restaurant&hl=en,의도어 문법 KFOOD_C03(한식당 (외식)) x 호주(en),,,한식당 (외식),KFOOD_ITEM_MASTER_V1
AU|KFOOD|KFOOD_I01,AU,KFOOD,KFOOD_I01,,keyword,Korean ramen,,en,FROZEN_ITEM_MASTER,RULE_SELECTED,PENDING_EMPIRICAL,UNKNOWN,PENDING,NOT_YET_TESTED,PENDING_TOPIC_EXTRACTION,,RULE_GENERATED,,,,,,N/A,,ITEM-MASTER-TRANSLATED-1.0,NOT_REQUIRED,,PENDING_EMPIRICAL_VALIDATION,,,,,,https://trends.google.com/trends/explore?date=2018-01-01%202026-08-09&geo=AU&q=Korean%20ramen&hl=en,동결 품목 190230 의 소비자 검색어 번역 x 호주(en),,'ramen' 단독은 일식을 가리킨다. 전 언어에서 한국 수식어를 붙였으나 그만큼 검색량이 줄어 과소측정 가능,라면 · TOPIC 후보,KFOOD_ITEM_MASTER_V1
AU|KFOOD|KFOOD_I02,AU,KFOOD,KFOOD_I02,,keyword,kimchi,,en,FROZEN_ITEM_MASTER,RULE_SELECTED,PENDING_EMPIRICAL,UNKNOWN,PENDING,NOT_YET_TESTED,PENDING_TOPIC_EXTRACTION,,RULE_GENERATED,,,,,,N/A,,ITEM-MASTER-TRANSLATED-1.0,NOT_REQUIRED,,PENDING_EMPIRICAL_VALIDATION,,,,,,https://trends.google.com/trends/explore?date=2018-01-01%202026-08-09&geo=AU&q=kimchi&hl=en,동결 품목 200599 의 소비자 검색어 번역 x 호주(en),,일본은 자국산 김치를 대량 생산해 JP 신호에 국산 수요가 섞인다,김치 · TOPIC 후보,KFOOD_ITEM_MASTER_V1
AU|KFOOD|KFOOD_I03,AU,KFOOD,KFOOD_I03,,keyword,Korean seaweed snack,,en,FROZEN_ITEM_MASTER,RULE_SELECTED,PENDING_EMPIRICAL,UNKNOWN,PENDING,NOT_YET_TESTED,PENDING_DOM_EXTRACTION,,RULE_GENERATED,,,,,,N/A,,ITEM-MASTER-TRANSLATED-1.0,NOT_REQUIRED,,PENDING_EMPIRICAL_VALIDATION,,,,,,https://trends.google.com/trends/explore?date=2018-01-01%202026-08-09&geo=AU&q=Korean%20seaweed%20snack&hl=en,동결 품목 121221 의 소비자 검색어 번역 x 호주(en),,일본어 のり 단독은 일본산 김. 韓国のり 로 한정,김 (조미김),KFOOD_ITEM_MASTER_V1
AU|KFOOD|KFOOD_I04,AU,KFOOD,KFOOD_I04,,keyword,gochujang,,en,FROZEN_ITEM_MASTER,RULE_SELECTED,PENDING_EMPIRICAL,UNKNOWN,PENDING,NOT_YET_TESTED,PENDING_TOPIC_EXTRACTION,,RULE_GENERATED,,,,,,N/A,,ITEM-MASTER-TRANSLATED-1.0,NOT_REQUIRED,,PENDING_EMPIRICAL_VALIDATION,,,,,,https://trends.google.com/trends/explore?date=2018-01-01%202026-08-09&geo=AU&q=gochujang&hl=en,동결 품목 210390 의 소비자 검색어 번역 x 호주(en),,,고추장·소스 · TOPIC 후보,KFOOD_ITEM_MASTER_V1
AU|KFOOD|KFOOD_I05,AU,KFOOD,KFOOD_I05,,keyword,soju,,en,FROZEN_ITEM_MASTER,RULE_SELECTED,PENDING_EMPIRICAL,UNKNOWN,PENDING,NOT_YET_TESTED,PENDING_TOPIC_EXTRACTION,,RULE_GENERATED,,,,,,N/A,,ITEM-MASTER-TRANSLATED-1.0,NOT_REQUIRED,,PENDING_EMPIRICAL_VALIDATION,,,,,,https://trends.google.com/trends/explore?date=2018-01-01%202026-08-09&geo=AU&q=soju&hl=en,동결 품목 220890·220870 의 소비자 검색어 번역 x 호주(en),,일본어 焼酎 는 일본 소주다. 韓国焼酎 로 한정했으나 ソジュ 표기와 분산될 수 있음,소주 · TOPIC 후보,KFOOD_ITEM_MASTER_V1
AU|KFOOD|KFOOD_I06,AU,KFOOD,KFOOD_I06,,keyword,Korean snacks,,en,FROZEN_ITEM_MASTER,RULE_SELECTED,PENDING_EMPIRICAL,UNKNOWN,PENDING,NOT_YET_TESTED,PENDING_DOM_EXTRACTION,,RULE_GENERATED,,,,,,N/A,,ITEM-MASTER-TRANSLATED-1.0,NOT_REQUIRED,,PENDING_EMPIRICAL_VALIDATION,,,,,,https://trends.google.com/trends/explore?date=2018-01-01%202026-08-09&geo=AU&q=Korean%20snacks&hl=en,동결 품목 190590·190410·170490 의 소비자 검색어 번역 x 호주(en),,과자는 HS 3개 통합 개념이라 품목 대응이 1:1 이 아니다,한국 과자,KFOOD_ITEM_MASTER_V1
AU|KFOOD|KFOOD_I07,AU,KFOOD,KFOOD_I07,,keyword,Korean ginseng,,en,FROZEN_ITEM_MASTER,RULE_SELECTED,PENDING_EMPIRICAL,UNKNOWN,PENDING,NOT_YET_TESTED,PENDING_TOPIC_EXTRACTION,,RULE_GENERATED,,,,,,N/A,,ITEM-MASTER-TRANSLATED-1.0,NOT_REQUIRED,,PENDING_EMPIRICAL_VALIDATION,,,,,,https://trends.google.com/trends/explore?date=2018-01-01%202026-08-09&geo=AU&q=Korean%20ginseng&hl=en,동결 품목 121120 의 소비자 검색어 번역 x 호주(en),,,인삼·홍삼 · TOPIC 후보,KFOOD_ITEM_MASTER_V1
AU|KFOOD|KFOOD_I08,AU,KFOOD,KFOOD_I08,,keyword,Korean instant coffee,,en,FROZEN_ITEM_MASTER,RULE_SELECTED,PENDING_EMPIRICAL,UNKNOWN,PENDING,NOT_YET_TESTED,PENDING_DOM_EXTRACTION,,RULE_GENERATED,,,,,,N/A,,ITEM-MASTER-TRANSLATED-1.0,NOT_REQUIRED,,PENDING_EMPIRICAL_VALIDATION,,,,,,https://trends.google.com/trends/explore?date=2018-01-01%202026-08-09&geo=AU&q=Korean%20instant%20coffee&hl=en,동결 품목 210111 의 소비자 검색어 번역 x 호주(en),,,커피믹스,KFOOD_ITEM_MASTER_V1
AU|KFOOD|KFOOD_I09,AU,KFOOD,KFOOD_I09,,keyword,Korean fish cake,,en,FROZEN_ITEM_MASTER,RULE_SELECTED,PENDING_EMPIRICAL,UNKNOWN,PENDING,NOT_YET_TESTED,PENDING_DOM_EXTRACTION,,RULE_GENERATED,,,,,,N/A,,ITEM-MASTER-TRANSLATED-1.0,NOT_REQUIRED,,PENDING_EMPIRICAL_VALIDATION,,,,,,https://trends.google.com/trends/explore?date=2018-01-01%202026-08-09&geo=AU&q=Korean%20fish%20cake&hl=en,동결 품목 160420 의 소비자 검색어 번역 x 호주(en),,직역어라 실제 검색되지 않을 가능성이 높다 — 실증에서 탈락 예상,어묵,KFOOD_ITEM_MASTER_V1
AU|KFOOD|KFOOD_I10,AU,KFOOD,KFOOD_I10,,keyword,Korean beer,,en,FROZEN_ITEM_MASTER,RULE_SELECTED,PENDING_EMPIRICAL,UNKNOWN,PENDING,NOT_YET_TESTED,PENDING_DOM_EXTRACTION,,RULE_GENERATED,,,,,,N/A,,ITEM-MASTER-TRANSLATED-1.0,NOT_REQUIRED,,PENDING_EMPIRICAL_VALIDATION,,,,,,https://trends.google.com/trends/explore?date=2018-01-01%202026-08-09&geo=AU&q=Korean%20beer&hl=en,동결 품목 220300 의 소비자 검색어 번역 x 호주(en),,,한국 맥주,KFOOD_ITEM_MASTER_V1
AU|KFOOD|KFOOD_I11,AU,KFOOD,KFOOD_I11,,keyword,Korean instant rice,,en,FROZEN_ITEM_MASTER,RULE_SELECTED,PENDING_EMPIRICAL,UNKNOWN,PENDING,NOT_YET_TESTED,PENDING_DOM_EXTRACTION,,RULE_GENERATED,,,,,,N/A,,ITEM-MASTER-TRANSLATED-1.0,NOT_REQUIRED,,PENDING_EMPIRICAL_VALIDATION,,,,,,https://trends.google.com/trends/explore?date=2018-01-01%202026-08-09&geo=AU&q=Korean%20instant%20rice&hl=en,동결 품목 190490 의 소비자 검색어 번역 x 호주(en),,,즉석밥,KFOOD_ITEM_MASTER_V1
AU|KFOOD|KFOOD_I12,AU,KFOOD,KFOOD_I12,,keyword,Korean strawberry,,en,FROZEN_ITEM_MASTER,RULE_SELECTED,PENDING_EMPIRICAL,UNKNOWN,PENDING,NOT_YET_TESTED,PENDING_DOM_EXTRACTION,,RULE_GENERATED,,,,,,N/A,,ITEM-MASTER-TRANSLATED-1.0,NOT_REQUIRED,,PENDING_EMPIRICAL_VALIDATION,,,,,,https://trends.google.com/trends/explore?date=2018-01-01%202026-08-09&geo=AU&q=Korean%20strawberry&hl=en,동결 품목 081010 의 소비자 검색어 번역 x 호주(en),,신선 딸기는 계절성이 극단적이라 월별 원계열로는 추세 판독 불가,한국 딸기,KFOOD_ITEM_MASTER_V1
AU|KFOOD|KFOOD_I13,AU,KFOOD,KFOOD_I13,,keyword,Korean ice cream,,en,FROZEN_ITEM_MASTER,RULE_SELECTED,PENDING_EMPIRICAL,UNKNOWN,PENDING,NOT_YET_TESTED,PENDING_DOM_EXTRACTION,,RULE_GENERATED,,,,,,N/A,,ITEM-MASTER-TRANSLATED-1.0,NOT_REQUIRED,,PENDING_EMPIRICAL_VALIDATION,,,,,,https://trends.google.com/trends/explore?date=2018-01-01%202026-08-09&geo=AU&q=Korean%20ice%20cream&hl=en,동결 품목 210500 의 소비자 검색어 번역 x 호주(en),,,한국 아이스크림,KFOOD_ITEM_MASTER_V1
AU|KFOOD|KFOOD_I14,AU,KFOOD,KFOOD_I14,,keyword,Korean drinks,,en,FROZEN_ITEM_MASTER,RULE_SELECTED,PENDING_EMPIRICAL,UNKNOWN,PENDING,NOT_YET_TESTED,PENDING_DOM_EXTRACTION,,RULE_GENERATED,,,,,,N/A,,ITEM-MASTER-TRANSLATED-1.0,NOT_REQUIRED,,PENDING_EMPIRICAL_VALIDATION,,,,,,https://trends.google.com/trends/explore?date=2018-01-01%202026-08-09&geo=AU&q=Korean%20drinks&hl=en,동결 품목 220299·220210 의 소비자 검색어 번역 x 호주(en),,'한국 음료'는 총칭이라 특정 제품 검색과 어긋날 수 있음,한국 음료,KFOOD_ITEM_MASTER_V1
AU|KFOOD|KFOOD_P01,AU,KFOOD,KFOOD_P01,,keyword,Japanese food,,en,RULE_GRAMMAR,RULE_SELECTED,PENDING_EMPIRICAL,UNKNOWN,PENDING,NOT_YET_TESTED,PENDING_TOPIC_EXTRACTION,,RULE_GENERATED,,,,,,N/A,,GRAMMAR-LOCALIZED-1.0,NOT_REQUIRED,,PENDING_EMPIRICAL_VALIDATION,,,,,,https://trends.google.com/trends/explore?date=2018-01-01%202026-08-09&geo=AU&q=Japanese%20food&hl=en,의도어 문법 KFOOD_P01([위약] 일식) x 호주(en),,위약이지만 한식·일식은 대체재이자 보완재라 부호가 양쪽 다 가능 — 계수 부호까지 함께 볼 것,[위약] 일식 · TOPIC 후보,KFOOD_ITEM_MASTER_V1
AU|KFOOD|KFOOD_P02,AU,KFOOD,KFOOD_P02,,keyword,Thai food,,en,RULE_GRAMMAR,RULE_SELECTED,PENDING_EMPIRICAL,UNKNOWN,PENDING,NOT_YET_TESTED,PENDING_TOPIC_EXTRACTION,,RULE_GENERATED,,,,,,N/A,,GRAMMAR-LOCALIZED-1.0,NOT_REQUIRED,,PENDING_EMPIRICAL_VALIDATION,,,,,,https://trends.google.com/trends/explore?date=2018-01-01%202026-08-09&geo=AU&q=Thai%20food&hl=en,의도어 문법 KFOOD_P02([위약] 태국 음식) x 호주(en),,,[위약] 태국 음식 · TOPIC 후보,KFOOD_ITEM_MASTER_V1
AU|KFOOD|KFOOD_P03,AU,KFOOD,KFOOD_P03,,keyword,Chinese food,,en,RULE_GRAMMAR,RULE_SELECTED,PENDING_EMPIRICAL,UNKNOWN,PENDING,NOT_YET_TESTED,PENDING_TOPIC_EXTRACTION,,RULE_GENERATED,,,,,,N/A,,GRAMMAR-LOCALIZED-1.0,NOT_REQUIRED,,PENDING_EMPIRICAL_VALIDATION,,,,,,https://trends.google.com/trends/explore?date=2018-01-01%202026-08-09&geo=AU&q=Chinese%20food&hl=en,의도어 문법 KFOOD_P03([위약] 중식) x 호주(en),,,[위약] 중식 · TOPIC 후보,KFOOD_ITEM_MASTER_V1
ZA|KFOOD|KFOOD_C01,ZA,KFOOD,KFOOD_C01,,keyword,Korean food,,en,RULE_GRAMMAR,RULE_SELECTED,PENDING_EMPIRICAL,UNKNOWN,PENDING,NOT_YET_TESTED,PENDING_TOPIC_EXTRACTION,,RULE_GENERATED,,,,,,N/A,,GRAMMAR-LOCALIZED-1.0,NOT_REQUIRED,,PENDING_EMPIRICAL_VALIDATION,,,,,,https://trends.google.com/trends/explore?date=2018-01-01%202026-08-09&geo=ZA&q=Korean%20food&hl=en,의도어 문법 KFOOD_C01(한국 음식 일반) x 남아공(en),,,한국 음식 일반 · TOPIC 후보,KFOOD_ITEM_MASTER_V1
ZA|KFOOD|KFOOD_C02,ZA,KFOOD,KFOOD_C02,,keyword,Korean recipe,,en,RULE_GRAMMAR,RULE_SELECTED,PENDING_EMPIRICAL,UNKNOWN,PENDING,NOT_YET_TESTED,PENDING_DOM_EXTRACTION,,RULE_GENERATED,,,,,,N/A,,GRAMMAR-LOCALIZED-1.0,NOT_REQUIRED,,PENDING_EMPIRICAL_VALIDATION,,,,,,https://trends.google.com/trends/explore?date=2018-01-01%202026-08-09&geo=ZA&q=Korean%20recipe&hl=en,의도어 문법 KFOOD_C02(한국 요리법 (가정조리)) x 남아공(en),,,한국 요리법 (가정조리),KFOOD_ITEM_MASTER_V1
ZA|KFOOD|KFOOD_C03,ZA,KFOOD,KFOOD_C03,,keyword,Korean restaurant,,en,RULE_GRAMMAR,RULE_SELECTED,PENDING_EMPIRICAL,UNKNOWN,PENDING,NOT_YET_TESTED,PENDING_DOM_EXTRACTION,,RULE_GENERATED,,,,,,N/A,,GRAMMAR-LOCALIZED-1.0,NOT_REQUIRED,,PENDING_EMPIRICAL_VALIDATION,,,,,,https://trends.google.com/trends/explore?date=2018-01-01%202026-08-09&geo=ZA&q=Korean%20restaurant&hl=en,의도어 문법 KFOOD_C03(한식당 (외식)) x 남아공(en),,,한식당 (외식),KFOOD_ITEM_MASTER_V1
ZA|KFOOD|KFOOD_I01,ZA,KFOOD,KFOOD_I01,,keyword,Korean ramen,,en,FROZEN_ITEM_MASTER,RULE_SELECTED,PENDING_EMPIRICAL,UNKNOWN,PENDING,NOT_YET_TESTED,PENDING_TOPIC_EXTRACTION,,RULE_GENERATED,,,,,,N/A,,ITEM-MASTER-TRANSLATED-1.0,NOT_REQUIRED,,PENDING_EMPIRICAL_VALIDATION,,,,,,https://trends.google.com/trends/explore?date=2018-01-01%202026-08-09&geo=ZA&q=Korean%20ramen&hl=en,동결 품목 190230 의 소비자 검색어 번역 x 남아공(en),,'ramen' 단독은 일식을 가리킨다. 전 언어에서 한국 수식어를 붙였으나 그만큼 검색량이 줄어 과소측정 가능,라면 · TOPIC 후보,KFOOD_ITEM_MASTER_V1
ZA|KFOOD|KFOOD_I02,ZA,KFOOD,KFOOD_I02,,keyword,kimchi,,en,FROZEN_ITEM_MASTER,RULE_SELECTED,PENDING_EMPIRICAL,UNKNOWN,PENDING,NOT_YET_TESTED,PENDING_TOPIC_EXTRACTION,,RULE_GENERATED,,,,,,N/A,,ITEM-MASTER-TRANSLATED-1.0,NOT_REQUIRED,,PENDING_EMPIRICAL_VALIDATION,,,,,,https://trends.google.com/trends/explore?date=2018-01-01%202026-08-09&geo=ZA&q=kimchi&hl=en,동결 품목 200599 의 소비자 검색어 번역 x 남아공(en),,일본은 자국산 김치를 대량 생산해 JP 신호에 국산 수요가 섞인다,김치 · TOPIC 후보,KFOOD_ITEM_MASTER_V1
ZA|KFOOD|KFOOD_I03,ZA,KFOOD,KFOOD_I03,,keyword,Korean seaweed snack,,en,FROZEN_ITEM_MASTER,RULE_SELECTED,PENDING_EMPIRICAL,UNKNOWN,PENDING,NOT_YET_TESTED,PENDING_DOM_EXTRACTION,,RULE_GENERATED,,,,,,N/A,,ITEM-MASTER-TRANSLATED-1.0,NOT_REQUIRED,,PENDING_EMPIRICAL_VALIDATION,,,,,,https://trends.google.com/trends/explore?date=2018-01-01%202026-08-09&geo=ZA&q=Korean%20seaweed%20snack&hl=en,동결 품목 121221 의 소비자 검색어 번역 x 남아공(en),,일본어 のり 단독은 일본산 김. 韓国のり 로 한정,김 (조미김),KFOOD_ITEM_MASTER_V1
ZA|KFOOD|KFOOD_I04,ZA,KFOOD,KFOOD_I04,,keyword,gochujang,,en,FROZEN_ITEM_MASTER,RULE_SELECTED,PENDING_EMPIRICAL,UNKNOWN,PENDING,NOT_YET_TESTED,PENDING_TOPIC_EXTRACTION,,RULE_GENERATED,,,,,,N/A,,ITEM-MASTER-TRANSLATED-1.0,NOT_REQUIRED,,PENDING_EMPIRICAL_VALIDATION,,,,,,https://trends.google.com/trends/explore?date=2018-01-01%202026-08-09&geo=ZA&q=gochujang&hl=en,동결 품목 210390 의 소비자 검색어 번역 x 남아공(en),,,고추장·소스 · TOPIC 후보,KFOOD_ITEM_MASTER_V1
ZA|KFOOD|KFOOD_I05,ZA,KFOOD,KFOOD_I05,,keyword,soju,,en,FROZEN_ITEM_MASTER,RULE_SELECTED,PENDING_EMPIRICAL,UNKNOWN,PENDING,NOT_YET_TESTED,PENDING_TOPIC_EXTRACTION,,RULE_GENERATED,,,,,,N/A,,ITEM-MASTER-TRANSLATED-1.0,NOT_REQUIRED,,PENDING_EMPIRICAL_VALIDATION,,,,,,https://trends.google.com/trends/explore?date=2018-01-01%202026-08-09&geo=ZA&q=soju&hl=en,동결 품목 220890·220870 의 소비자 검색어 번역 x 남아공(en),,일본어 焼酎 는 일본 소주다. 韓国焼酎 로 한정했으나 ソジュ 표기와 분산될 수 있음,소주 · TOPIC 후보,KFOOD_ITEM_MASTER_V1
ZA|KFOOD|KFOOD_I06,ZA,KFOOD,KFOOD_I06,,keyword,Korean snacks,,en,FROZEN_ITEM_MASTER,RULE_SELECTED,PENDING_EMPIRICAL,UNKNOWN,PENDING,NOT_YET_TESTED,PENDING_DOM_EXTRACTION,,RULE_GENERATED,,,,,,N/A,,ITEM-MASTER-TRANSLATED-1.0,NOT_REQUIRED,,PENDING_EMPIRICAL_VALIDATION,,,,,,https://trends.google.com/trends/explore?date=2018-01-01%202026-08-09&geo=ZA&q=Korean%20snacks&hl=en,동결 품목 190590·190410·170490 의 소비자 검색어 번역 x 남아공(en),,과자는 HS 3개 통합 개념이라 품목 대응이 1:1 이 아니다,한국 과자,KFOOD_ITEM_MASTER_V1
ZA|KFOOD|KFOOD_I07,ZA,KFOOD,KFOOD_I07,,keyword,Korean ginseng,,en,FROZEN_ITEM_MASTER,RULE_SELECTED,PENDING_EMPIRICAL,UNKNOWN,PENDING,NOT_YET_TESTED,PENDING_TOPIC_EXTRACTION,,RULE_GENERATED,,,,,,N/A,,ITEM-MASTER-TRANSLATED-1.0,NOT_REQUIRED,,PENDING_EMPIRICAL_VALIDATION,,,,,,https://trends.google.com/trends/explore?date=2018-01-01%202026-08-09&geo=ZA&q=Korean%20ginseng&hl=en,동결 품목 121120 의 소비자 검색어 번역 x 남아공(en),,,인삼·홍삼 · TOPIC 후보,KFOOD_ITEM_MASTER_V1
ZA|KFOOD|KFOOD_I08,ZA,KFOOD,KFOOD_I08,,keyword,Korean instant coffee,,en,FROZEN_ITEM_MASTER,RULE_SELECTED,PENDING_EMPIRICAL,UNKNOWN,PENDING,NOT_YET_TESTED,PENDING_DOM_EXTRACTION,,RULE_GENERATED,,,,,,N/A,,ITEM-MASTER-TRANSLATED-1.0,NOT_REQUIRED,,PENDING_EMPIRICAL_VALIDATION,,,,,,https://trends.google.com/trends/explore?date=2018-01-01%202026-08-09&geo=ZA&q=Korean%20instant%20coffee&hl=en,동결 품목 210111 의 소비자 검색어 번역 x 남아공(en),,,커피믹스,KFOOD_ITEM_MASTER_V1
ZA|KFOOD|KFOOD_I09,ZA,KFOOD,KFOOD_I09,,keyword,Korean fish cake,,en,FROZEN_ITEM_MASTER,RULE_SELECTED,PENDING_EMPIRICAL,UNKNOWN,PENDING,NOT_YET_TESTED,PENDING_DOM_EXTRACTION,,RULE_GENERATED,,,,,,N/A,,ITEM-MASTER-TRANSLATED-1.0,NOT_REQUIRED,,PENDING_EMPIRICAL_VALIDATION,,,,,,https://trends.google.com/trends/explore?date=2018-01-01%202026-08-09&geo=ZA&q=Korean%20fish%20cake&hl=en,동결 품목 160420 의 소비자 검색어 번역 x 남아공(en),,직역어라 실제 검색되지 않을 가능성이 높다 — 실증에서 탈락 예상,어묵,KFOOD_ITEM_MASTER_V1
ZA|KFOOD|KFOOD_I10,ZA,KFOOD,KFOOD_I10,,keyword,Korean beer,,en,FROZEN_ITEM_MASTER,RULE_SELECTED,PENDING_EMPIRICAL,UNKNOWN,PENDING,NOT_YET_TESTED,PENDING_DOM_EXTRACTION,,RULE_GENERATED,,,,,,N/A,,ITEM-MASTER-TRANSLATED-1.0,NOT_REQUIRED,,PENDING_EMPIRICAL_VALIDATION,,,,,,https://trends.google.com/trends/explore?date=2018-01-01%202026-08-09&geo=ZA&q=Korean%20beer&hl=en,동결 품목 220300 의 소비자 검색어 번역 x 남아공(en),,,한국 맥주,KFOOD_ITEM_MASTER_V1
ZA|KFOOD|KFOOD_I11,ZA,KFOOD,KFOOD_I11,,keyword,Korean instant rice,,en,FROZEN_ITEM_MASTER,RULE_SELECTED,PENDING_EMPIRICAL,UNKNOWN,PENDING,NOT_YET_TESTED,PENDING_DOM_EXTRACTION,,RULE_GENERATED,,,,,,N/A,,ITEM-MASTER-TRANSLATED-1.0,NOT_REQUIRED,,PENDING_EMPIRICAL_VALIDATION,,,,,,https://trends.google.com/trends/explore?date=2018-01-01%202026-08-09&geo=ZA&q=Korean%20instant%20rice&hl=en,동결 품목 190490 의 소비자 검색어 번역 x 남아공(en),,,즉석밥,KFOOD_ITEM_MASTER_V1
ZA|KFOOD|KFOOD_I12,ZA,KFOOD,KFOOD_I12,,keyword,Korean strawberry,,en,FROZEN_ITEM_MASTER,RULE_SELECTED,PENDING_EMPIRICAL,UNKNOWN,PENDING,NOT_YET_TESTED,PENDING_DOM_EXTRACTION,,RULE_GENERATED,,,,,,N/A,,ITEM-MASTER-TRANSLATED-1.0,NOT_REQUIRED,,PENDING_EMPIRICAL_VALIDATION,,,,,,https://trends.google.com/trends/explore?date=2018-01-01%202026-08-09&geo=ZA&q=Korean%20strawberry&hl=en,동결 품목 081010 의 소비자 검색어 번역 x 남아공(en),,신선 딸기는 계절성이 극단적이라 월별 원계열로는 추세 판독 불가,한국 딸기,KFOOD_ITEM_MASTER_V1
ZA|KFOOD|KFOOD_I13,ZA,KFOOD,KFOOD_I13,,keyword,Korean ice cream,,en,FROZEN_ITEM_MASTER,RULE_SELECTED,PENDING_EMPIRICAL,UNKNOWN,PENDING,NOT_YET_TESTED,PENDING_DOM_EXTRACTION,,RULE_GENERATED,,,,,,N/A,,ITEM-MASTER-TRANSLATED-1.0,NOT_REQUIRED,,PENDING_EMPIRICAL_VALIDATION,,,,,,https://trends.google.com/trends/explore?date=2018-01-01%202026-08-09&geo=ZA&q=Korean%20ice%20cream&hl=en,동결 품목 210500 의 소비자 검색어 번역 x 남아공(en),,,한국 아이스크림,KFOOD_ITEM_MASTER_V1
ZA|KFOOD|KFOOD_I14,ZA,KFOOD,KFOOD_I14,,keyword,Korean drinks,,en,FROZEN_ITEM_MASTER,RULE_SELECTED,PENDING_EMPIRICAL,UNKNOWN,PENDING,NOT_YET_TESTED,PENDING_DOM_EXTRACTION,,RULE_GENERATED,,,,,,N/A,,ITEM-MASTER-TRANSLATED-1.0,NOT_REQUIRED,,PENDING_EMPIRICAL_VALIDATION,,,,,,https://trends.google.com/trends/explore?date=2018-01-01%202026-08-09&geo=ZA&q=Korean%20drinks&hl=en,동결 품목 220299·220210 의 소비자 검색어 번역 x 남아공(en),,'한국 음료'는 총칭이라 특정 제품 검색과 어긋날 수 있음,한국 음료,KFOOD_ITEM_MASTER_V1
ZA|KFOOD|KFOOD_P01,ZA,KFOOD,KFOOD_P01,,keyword,Japanese food,,en,RULE_GRAMMAR,RULE_SELECTED,PENDING_EMPIRICAL,UNKNOWN,PENDING,NOT_YET_TESTED,PENDING_TOPIC_EXTRACTION,,RULE_GENERATED,,,,,,N/A,,GRAMMAR-LOCALIZED-1.0,NOT_REQUIRED,,PENDING_EMPIRICAL_VALIDATION,,,,,,https://trends.google.com/trends/explore?date=2018-01-01%202026-08-09&geo=ZA&q=Japanese%20food&hl=en,의도어 문법 KFOOD_P01([위약] 일식) x 남아공(en),,위약이지만 한식·일식은 대체재이자 보완재라 부호가 양쪽 다 가능 — 계수 부호까지 함께 볼 것,[위약] 일식 · TOPIC 후보,KFOOD_ITEM_MASTER_V1
ZA|KFOOD|KFOOD_P02,ZA,KFOOD,KFOOD_P02,,keyword,Thai food,,en,RULE_GRAMMAR,RULE_SELECTED,PENDING_EMPIRICAL,UNKNOWN,PENDING,NOT_YET_TESTED,PENDING_TOPIC_EXTRACTION,,RULE_GENERATED,,,,,,N/A,,GRAMMAR-LOCALIZED-1.0,NOT_REQUIRED,,PENDING_EMPIRICAL_VALIDATION,,,,,,https://trends.google.com/trends/explore?date=2018-01-01%202026-08-09&geo=ZA&q=Thai%20food&hl=en,의도어 문법 KFOOD_P02([위약] 태국 음식) x 남아공(en),,,[위약] 태국 음식 · TOPIC 후보,KFOOD_ITEM_MASTER_V1
ZA|KFOOD|KFOOD_P03,ZA,KFOOD,KFOOD_P03,,keyword,Chinese food,,en,RULE_GRAMMAR,RULE_SELECTED,PENDING_EMPIRICAL,UNKNOWN,PENDING,NOT_YET_TESTED,PENDING_TOPIC_EXTRACTION,,RULE_GENERATED,,,,,,N/A,,GRAMMAR-LOCALIZED-1.0,NOT_REQUIRED,,PENDING_EMPIRICAL_VALIDATION,,,,,,https://trends.google.com/trends/explore?date=2018-01-01%202026-08-09&geo=ZA&q=Chinese%20food&hl=en,의도어 문법 KFOOD_P03([위약] 중식) x 남아공(en),,,[위약] 중식 · TOPIC 후보,KFOOD_ITEM_MASTER_V1
IN|KFOOD|KFOOD_C01,IN,KFOOD,KFOOD_C01,,keyword,Korean food,,en,RULE_GRAMMAR,RULE_SELECTED,PENDING_EMPIRICAL,UNKNOWN,PENDING,NOT_YET_TESTED,PENDING_TOPIC_EXTRACTION,,RULE_GENERATED,,,,,,N/A,,GRAMMAR-LOCALIZED-1.0,NOT_REQUIRED,,PENDING_EMPIRICAL_VALIDATION,,,,,,https://trends.google.com/trends/explore?date=2018-01-01%202026-08-09&geo=IN&q=Korean%20food&hl=en,의도어 문법 KFOOD_C01(한국 음식 일반) x 인도(en),,,한국 음식 일반 · TOPIC 후보,KFOOD_ITEM_MASTER_V1
IN|KFOOD|KFOOD_C02,IN,KFOOD,KFOOD_C02,,keyword,Korean recipe,,en,RULE_GRAMMAR,RULE_SELECTED,PENDING_EMPIRICAL,UNKNOWN,PENDING,NOT_YET_TESTED,PENDING_DOM_EXTRACTION,,RULE_GENERATED,,,,,,N/A,,GRAMMAR-LOCALIZED-1.0,NOT_REQUIRED,,PENDING_EMPIRICAL_VALIDATION,,,,,,https://trends.google.com/trends/explore?date=2018-01-01%202026-08-09&geo=IN&q=Korean%20recipe&hl=en,의도어 문법 KFOOD_C02(한국 요리법 (가정조리)) x 인도(en),,,한국 요리법 (가정조리),KFOOD_ITEM_MASTER_V1
IN|KFOOD|KFOOD_C03,IN,KFOOD,KFOOD_C03,,keyword,Korean restaurant,,en,RULE_GRAMMAR,RULE_SELECTED,PENDING_EMPIRICAL,UNKNOWN,PENDING,NOT_YET_TESTED,PENDING_DOM_EXTRACTION,,RULE_GENERATED,,,,,,N/A,,GRAMMAR-LOCALIZED-1.0,NOT_REQUIRED,,PENDING_EMPIRICAL_VALIDATION,,,,,,https://trends.google.com/trends/explore?date=2018-01-01%202026-08-09&geo=IN&q=Korean%20restaurant&hl=en,의도어 문법 KFOOD_C03(한식당 (외식)) x 인도(en),,,한식당 (외식),KFOOD_ITEM_MASTER_V1
IN|KFOOD|KFOOD_I01,IN,KFOOD,KFOOD_I01,,keyword,Korean ramen,,en,FROZEN_ITEM_MASTER,RULE_SELECTED,PENDING_EMPIRICAL,UNKNOWN,PENDING,NOT_YET_TESTED,PENDING_TOPIC_EXTRACTION,,RULE_GENERATED,,,,,,N/A,,ITEM-MASTER-TRANSLATED-1.0,NOT_REQUIRED,,PENDING_EMPIRICAL_VALIDATION,,,,,,https://trends.google.com/trends/explore?date=2018-01-01%202026-08-09&geo=IN&q=Korean%20ramen&hl=en,동결 품목 190230 의 소비자 검색어 번역 x 인도(en),,'ramen' 단독은 일식을 가리킨다. 전 언어에서 한국 수식어를 붙였으나 그만큼 검색량이 줄어 과소측정 가능,라면 · TOPIC 후보,KFOOD_ITEM_MASTER_V1
IN|KFOOD|KFOOD_I02,IN,KFOOD,KFOOD_I02,,keyword,kimchi,,en,FROZEN_ITEM_MASTER,RULE_SELECTED,PENDING_EMPIRICAL,UNKNOWN,PENDING,NOT_YET_TESTED,PENDING_TOPIC_EXTRACTION,,RULE_GENERATED,,,,,,N/A,,ITEM-MASTER-TRANSLATED-1.0,NOT_REQUIRED,,PENDING_EMPIRICAL_VALIDATION,,,,,,https://trends.google.com/trends/explore?date=2018-01-01%202026-08-09&geo=IN&q=kimchi&hl=en,동결 품목 200599 의 소비자 검색어 번역 x 인도(en),,일본은 자국산 김치를 대량 생산해 JP 신호에 국산 수요가 섞인다,김치 · TOPIC 후보,KFOOD_ITEM_MASTER_V1
IN|KFOOD|KFOOD_I03,IN,KFOOD,KFOOD_I03,,keyword,Korean seaweed snack,,en,FROZEN_ITEM_MASTER,RULE_SELECTED,PENDING_EMPIRICAL,UNKNOWN,PENDING,NOT_YET_TESTED,PENDING_DOM_EXTRACTION,,RULE_GENERATED,,,,,,N/A,,ITEM-MASTER-TRANSLATED-1.0,NOT_REQUIRED,,PENDING_EMPIRICAL_VALIDATION,,,,,,https://trends.google.com/trends/explore?date=2018-01-01%202026-08-09&geo=IN&q=Korean%20seaweed%20snack&hl=en,동결 품목 121221 의 소비자 검색어 번역 x 인도(en),,일본어 のり 단독은 일본산 김. 韓国のり 로 한정,김 (조미김),KFOOD_ITEM_MASTER_V1
IN|KFOOD|KFOOD_I04,IN,KFOOD,KFOOD_I04,,keyword,gochujang,,en,FROZEN_ITEM_MASTER,RULE_SELECTED,PENDING_EMPIRICAL,UNKNOWN,PENDING,NOT_YET_TESTED,PENDING_TOPIC_EXTRACTION,,RULE_GENERATED,,,,,,N/A,,ITEM-MASTER-TRANSLATED-1.0,NOT_REQUIRED,,PENDING_EMPIRICAL_VALIDATION,,,,,,https://trends.google.com/trends/explore?date=2018-01-01%202026-08-09&geo=IN&q=gochujang&hl=en,동결 품목 210390 의 소비자 검색어 번역 x 인도(en),,,고추장·소스 · TOPIC 후보,KFOOD_ITEM_MASTER_V1
IN|KFOOD|KFOOD_I05,IN,KFOOD,KFOOD_I05,,keyword,soju,,en,FROZEN_ITEM_MASTER,RULE_SELECTED,PENDING_EMPIRICAL,UNKNOWN,PENDING,NOT_YET_TESTED,PENDING_TOPIC_EXTRACTION,,RULE_GENERATED,,,,,,N/A,,ITEM-MASTER-TRANSLATED-1.0,NOT_REQUIRED,,PENDING_EMPIRICAL_VALIDATION,,,,,,https://trends.google.com/trends/explore?date=2018-01-01%202026-08-09&geo=IN&q=soju&hl=en,동결 품목 220890·220870 의 소비자 검색어 번역 x 인도(en),,일본어 焼酎 는 일본 소주다. 韓国焼酎 로 한정했으나 ソジュ 표기와 분산될 수 있음,소주 · TOPIC 후보,KFOOD_ITEM_MASTER_V1
IN|KFOOD|KFOOD_I06,IN,KFOOD,KFOOD_I06,,keyword,Korean snacks,,en,FROZEN_ITEM_MASTER,RULE_SELECTED,PENDING_EMPIRICAL,UNKNOWN,PENDING,NOT_YET_TESTED,PENDING_DOM_EXTRACTION,,RULE_GENERATED,,,,,,N/A,,ITEM-MASTER-TRANSLATED-1.0,NOT_REQUIRED,,PENDING_EMPIRICAL_VALIDATION,,,,,,https://trends.google.com/trends/explore?date=2018-01-01%202026-08-09&geo=IN&q=Korean%20snacks&hl=en,동결 품목 190590·190410·170490 의 소비자 검색어 번역 x 인도(en),,과자는 HS 3개 통합 개념이라 품목 대응이 1:1 이 아니다,한국 과자,KFOOD_ITEM_MASTER_V1
IN|KFOOD|KFOOD_I07,IN,KFOOD,KFOOD_I07,,keyword,Korean ginseng,,en,FROZEN_ITEM_MASTER,RULE_SELECTED,PENDING_EMPIRICAL,UNKNOWN,PENDING,NOT_YET_TESTED,PENDING_TOPIC_EXTRACTION,,RULE_GENERATED,,,,,,N/A,,ITEM-MASTER-TRANSLATED-1.0,NOT_REQUIRED,,PENDING_EMPIRICAL_VALIDATION,,,,,,https://trends.google.com/trends/explore?date=2018-01-01%202026-08-09&geo=IN&q=Korean%20ginseng&hl=en,동결 품목 121120 의 소비자 검색어 번역 x 인도(en),,,인삼·홍삼 · TOPIC 후보,KFOOD_ITEM_MASTER_V1
IN|KFOOD|KFOOD_I08,IN,KFOOD,KFOOD_I08,,keyword,Korean instant coffee,,en,FROZEN_ITEM_MASTER,RULE_SELECTED,PENDING_EMPIRICAL,UNKNOWN,PENDING,NOT_YET_TESTED,PENDING_DOM_EXTRACTION,,RULE_GENERATED,,,,,,N/A,,ITEM-MASTER-TRANSLATED-1.0,NOT_REQUIRED,,PENDING_EMPIRICAL_VALIDATION,,,,,,https://trends.google.com/trends/explore?date=2018-01-01%202026-08-09&geo=IN&q=Korean%20instant%20coffee&hl=en,동결 품목 210111 의 소비자 검색어 번역 x 인도(en),,,커피믹스,KFOOD_ITEM_MASTER_V1
IN|KFOOD|KFOOD_I09,IN,KFOOD,KFOOD_I09,,keyword,Korean fish cake,,en,FROZEN_ITEM_MASTER,RULE_SELECTED,PENDING_EMPIRICAL,UNKNOWN,PENDING,NOT_YET_TESTED,PENDING_DOM_EXTRACTION,,RULE_GENERATED,,,,,,N/A,,ITEM-MASTER-TRANSLATED-1.0,NOT_REQUIRED,,PENDING_EMPIRICAL_VALIDATION,,,,,,https://trends.google.com/trends/explore?date=2018-01-01%202026-08-09&geo=IN&q=Korean%20fish%20cake&hl=en,동결 품목 160420 의 소비자 검색어 번역 x 인도(en),,직역어라 실제 검색되지 않을 가능성이 높다 — 실증에서 탈락 예상,어묵,KFOOD_ITEM_MASTER_V1
IN|KFOOD|KFOOD_I10,IN,KFOOD,KFOOD_I10,,keyword,Korean beer,,en,FROZEN_ITEM_MASTER,RULE_SELECTED,PENDING_EMPIRICAL,UNKNOWN,PENDING,NOT_YET_TESTED,PENDING_DOM_EXTRACTION,,RULE_GENERATED,,,,,,N/A,,ITEM-MASTER-TRANSLATED-1.0,NOT_REQUIRED,,PENDING_EMPIRICAL_VALIDATION,,,,,,https://trends.google.com/trends/explore?date=2018-01-01%202026-08-09&geo=IN&q=Korean%20beer&hl=en,동결 품목 220300 의 소비자 검색어 번역 x 인도(en),,,한국 맥주,KFOOD_ITEM_MASTER_V1
IN|KFOOD|KFOOD_I11,IN,KFOOD,KFOOD_I11,,keyword,Korean instant rice,,en,FROZEN_ITEM_MASTER,RULE_SELECTED,PENDING_EMPIRICAL,UNKNOWN,PENDING,NOT_YET_TESTED,PENDING_DOM_EXTRACTION,,RULE_GENERATED,,,,,,N/A,,ITEM-MASTER-TRANSLATED-1.0,NOT_REQUIRED,,PENDING_EMPIRICAL_VALIDATION,,,,,,https://trends.google.com/trends/explore?date=2018-01-01%202026-08-09&geo=IN&q=Korean%20instant%20rice&hl=en,동결 품목 190490 의 소비자 검색어 번역 x 인도(en),,,즉석밥,KFOOD_ITEM_MASTER_V1
IN|KFOOD|KFOOD_I12,IN,KFOOD,KFOOD_I12,,keyword,Korean strawberry,,en,FROZEN_ITEM_MASTER,RULE_SELECTED,PENDING_EMPIRICAL,UNKNOWN,PENDING,NOT_YET_TESTED,PENDING_DOM_EXTRACTION,,RULE_GENERATED,,,,,,N/A,,ITEM-MASTER-TRANSLATED-1.0,NOT_REQUIRED,,PENDING_EMPIRICAL_VALIDATION,,,,,,https://trends.google.com/trends/explore?date=2018-01-01%202026-08-09&geo=IN&q=Korean%20strawberry&hl=en,동결 품목 081010 의 소비자 검색어 번역 x 인도(en),,신선 딸기는 계절성이 극단적이라 월별 원계열로는 추세 판독 불가,한국 딸기,KFOOD_ITEM_MASTER_V1
IN|KFOOD|KFOOD_I13,IN,KFOOD,KFOOD_I13,,keyword,Korean ice cream,,en,FROZEN_ITEM_MASTER,RULE_SELECTED,PENDING_EMPIRICAL,UNKNOWN,PENDING,NOT_YET_TESTED,PENDING_DOM_EXTRACTION,,RULE_GENERATED,,,,,,N/A,,ITEM-MASTER-TRANSLATED-1.0,NOT_REQUIRED,,PENDING_EMPIRICAL_VALIDATION,,,,,,https://trends.google.com/trends/explore?date=2018-01-01%202026-08-09&geo=IN&q=Korean%20ice%20cream&hl=en,동결 품목 210500 의 소비자 검색어 번역 x 인도(en),,,한국 아이스크림,KFOOD_ITEM_MASTER_V1
IN|KFOOD|KFOOD_I14,IN,KFOOD,KFOOD_I14,,keyword,Korean drinks,,en,FROZEN_ITEM_MASTER,RULE_SELECTED,PENDING_EMPIRICAL,UNKNOWN,PENDING,NOT_YET_TESTED,PENDING_DOM_EXTRACTION,,RULE_GENERATED,,,,,,N/A,,ITEM-MASTER-TRANSLATED-1.0,NOT_REQUIRED,,PENDING_EMPIRICAL_VALIDATION,,,,,,https://trends.google.com/trends/explore?date=2018-01-01%202026-08-09&geo=IN&q=Korean%20drinks&hl=en,동결 품목 220299·220210 의 소비자 검색어 번역 x 인도(en),,'한국 음료'는 총칭이라 특정 제품 검색과 어긋날 수 있음,한국 음료,KFOOD_ITEM_MASTER_V1
IN|KFOOD|KFOOD_P01,IN,KFOOD,KFOOD_P01,,keyword,Japanese food,,en,RULE_GRAMMAR,RULE_SELECTED,PENDING_EMPIRICAL,UNKNOWN,PENDING,NOT_YET_TESTED,PENDING_TOPIC_EXTRACTION,,RULE_GENERATED,,,,,,N/A,,GRAMMAR-LOCALIZED-1.0,NOT_REQUIRED,,PENDING_EMPIRICAL_VALIDATION,,,,,,https://trends.google.com/trends/explore?date=2018-01-01%202026-08-09&geo=IN&q=Japanese%20food&hl=en,의도어 문법 KFOOD_P01([위약] 일식) x 인도(en),,위약이지만 한식·일식은 대체재이자 보완재라 부호가 양쪽 다 가능 — 계수 부호까지 함께 볼 것,[위약] 일식 · TOPIC 후보,KFOOD_ITEM_MASTER_V1
IN|KFOOD|KFOOD_P02,IN,KFOOD,KFOOD_P02,,keyword,Thai food,,en,RULE_GRAMMAR,RULE_SELECTED,PENDING_EMPIRICAL,UNKNOWN,PENDING,NOT_YET_TESTED,PENDING_TOPIC_EXTRACTION,,RULE_GENERATED,,,,,,N/A,,GRAMMAR-LOCALIZED-1.0,NOT_REQUIRED,,PENDING_EMPIRICAL_VALIDATION,,,,,,https://trends.google.com/trends/explore?date=2018-01-01%202026-08-09&geo=IN&q=Thai%20food&hl=en,의도어 문법 KFOOD_P02([위약] 태국 음식) x 인도(en),,,[위약] 태국 음식 · TOPIC 후보,KFOOD_ITEM_MASTER_V1
IN|KFOOD|KFOOD_P03,IN,KFOOD,KFOOD_P03,,keyword,Chinese food,,en,RULE_GRAMMAR,RULE_SELECTED,PENDING_EMPIRICAL,UNKNOWN,PENDING,NOT_YET_TESTED,PENDING_TOPIC_EXTRACTION,,RULE_GENERATED,,,,,,N/A,,GRAMMAR-LOCALIZED-1.0,NOT_REQUIRED,,PENDING_EMPIRICAL_VALIDATION,,,,,,https://trends.google.com/trends/explore?date=2018-01-01%202026-08-09&geo=IN&q=Chinese%20food&hl=en,의도어 문법 KFOOD_P03([위약] 중식) x 인도(en),,,[위약] 중식 · TOPIC 후보,KFOOD_ITEM_MASTER_V1
MY|KFOOD|KFOOD_C01,MY,KFOOD,KFOOD_C01,,keyword,Korean food,,en,RULE_GRAMMAR,RULE_SELECTED,PENDING_EMPIRICAL,UNKNOWN,PENDING,NOT_YET_TESTED,PENDING_TOPIC_EXTRACTION,,RULE_GENERATED,,,,,,N/A,,GRAMMAR-LOCALIZED-1.0,NOT_REQUIRED,,PENDING_EMPIRICAL_VALIDATION,,,,,,https://trends.google.com/trends/explore?date=2018-01-01%202026-08-09&geo=MY&q=Korean%20food&hl=en,의도어 문법 KFOOD_C01(한국 음식 일반) x 말레이시아(en),,,한국 음식 일반 · TOPIC 후보,KFOOD_ITEM_MASTER_V1
MY|KFOOD|KFOOD_C02,MY,KFOOD,KFOOD_C02,,keyword,Korean recipe,,en,RULE_GRAMMAR,RULE_SELECTED,PENDING_EMPIRICAL,UNKNOWN,PENDING,NOT_YET_TESTED,PENDING_DOM_EXTRACTION,,RULE_GENERATED,,,,,,N/A,,GRAMMAR-LOCALIZED-1.0,NOT_REQUIRED,,PENDING_EMPIRICAL_VALIDATION,,,,,,https://trends.google.com/trends/explore?date=2018-01-01%202026-08-09&geo=MY&q=Korean%20recipe&hl=en,의도어 문법 KFOOD_C02(한국 요리법 (가정조리)) x 말레이시아(en),,,한국 요리법 (가정조리),KFOOD_ITEM_MASTER_V1
MY|KFOOD|KFOOD_C03,MY,KFOOD,KFOOD_C03,,keyword,Korean restaurant,,en,RULE_GRAMMAR,RULE_SELECTED,PENDING_EMPIRICAL,UNKNOWN,PENDING,NOT_YET_TESTED,PENDING_DOM_EXTRACTION,,RULE_GENERATED,,,,,,N/A,,GRAMMAR-LOCALIZED-1.0,NOT_REQUIRED,,PENDING_EMPIRICAL_VALIDATION,,,,,,https://trends.google.com/trends/explore?date=2018-01-01%202026-08-09&geo=MY&q=Korean%20restaurant&hl=en,의도어 문법 KFOOD_C03(한식당 (외식)) x 말레이시아(en),,,한식당 (외식),KFOOD_ITEM_MASTER_V1
MY|KFOOD|KFOOD_I01,MY,KFOOD,KFOOD_I01,,keyword,Korean ramen,,en,FROZEN_ITEM_MASTER,RULE_SELECTED,PENDING_EMPIRICAL,UNKNOWN,PENDING,NOT_YET_TESTED,PENDING_TOPIC_EXTRACTION,,RULE_GENERATED,,,,,,N/A,,ITEM-MASTER-TRANSLATED-1.0,NOT_REQUIRED,,PENDING_EMPIRICAL_VALIDATION,,,,,,https://trends.google.com/trends/explore?date=2018-01-01%202026-08-09&geo=MY&q=Korean%20ramen&hl=en,동결 품목 190230 의 소비자 검색어 번역 x 말레이시아(en),,'ramen' 단독은 일식을 가리킨다. 전 언어에서 한국 수식어를 붙였으나 그만큼 검색량이 줄어 과소측정 가능,라면 · TOPIC 후보,KFOOD_ITEM_MASTER_V1
MY|KFOOD|KFOOD_I02,MY,KFOOD,KFOOD_I02,,keyword,kimchi,,en,FROZEN_ITEM_MASTER,RULE_SELECTED,PENDING_EMPIRICAL,UNKNOWN,PENDING,NOT_YET_TESTED,PENDING_TOPIC_EXTRACTION,,RULE_GENERATED,,,,,,N/A,,ITEM-MASTER-TRANSLATED-1.0,NOT_REQUIRED,,PENDING_EMPIRICAL_VALIDATION,,,,,,https://trends.google.com/trends/explore?date=2018-01-01%202026-08-09&geo=MY&q=kimchi&hl=en,동결 품목 200599 의 소비자 검색어 번역 x 말레이시아(en),,일본은 자국산 김치를 대량 생산해 JP 신호에 국산 수요가 섞인다,김치 · TOPIC 후보,KFOOD_ITEM_MASTER_V1
MY|KFOOD|KFOOD_I03,MY,KFOOD,KFOOD_I03,,keyword,Korean seaweed snack,,en,FROZEN_ITEM_MASTER,RULE_SELECTED,PENDING_EMPIRICAL,UNKNOWN,PENDING,NOT_YET_TESTED,PENDING_DOM_EXTRACTION,,RULE_GENERATED,,,,,,N/A,,ITEM-MASTER-TRANSLATED-1.0,NOT_REQUIRED,,PENDING_EMPIRICAL_VALIDATION,,,,,,https://trends.google.com/trends/explore?date=2018-01-01%202026-08-09&geo=MY&q=Korean%20seaweed%20snack&hl=en,동결 품목 121221 의 소비자 검색어 번역 x 말레이시아(en),,일본어 のり 단독은 일본산 김. 韓国のり 로 한정,김 (조미김),KFOOD_ITEM_MASTER_V1
MY|KFOOD|KFOOD_I04,MY,KFOOD,KFOOD_I04,,keyword,gochujang,,en,FROZEN_ITEM_MASTER,RULE_SELECTED,PENDING_EMPIRICAL,UNKNOWN,PENDING,NOT_YET_TESTED,PENDING_TOPIC_EXTRACTION,,RULE_GENERATED,,,,,,N/A,,ITEM-MASTER-TRANSLATED-1.0,NOT_REQUIRED,,PENDING_EMPIRICAL_VALIDATION,,,,,,https://trends.google.com/trends/explore?date=2018-01-01%202026-08-09&geo=MY&q=gochujang&hl=en,동결 품목 210390 의 소비자 검색어 번역 x 말레이시아(en),,,고추장·소스 · TOPIC 후보,KFOOD_ITEM_MASTER_V1
MY|KFOOD|KFOOD_I05,MY,KFOOD,KFOOD_I05,,keyword,soju,,en,FROZEN_ITEM_MASTER,RULE_SELECTED,PENDING_EMPIRICAL,UNKNOWN,PENDING,NOT_YET_TESTED,PENDING_TOPIC_EXTRACTION,,RULE_GENERATED,,,,,,N/A,,ITEM-MASTER-TRANSLATED-1.0,NOT_REQUIRED,,PENDING_EMPIRICAL_VALIDATION,,,,,,https://trends.google.com/trends/explore?date=2018-01-01%202026-08-09&geo=MY&q=soju&hl=en,동결 품목 220890·220870 의 소비자 검색어 번역 x 말레이시아(en),,일본어 焼酎 는 일본 소주다. 韓国焼酎 로 한정했으나 ソジュ 표기와 분산될 수 있음,소주 · TOPIC 후보,KFOOD_ITEM_MASTER_V1
MY|KFOOD|KFOOD_I06,MY,KFOOD,KFOOD_I06,,keyword,Korean snacks,,en,FROZEN_ITEM_MASTER,RULE_SELECTED,PENDING_EMPIRICAL,UNKNOWN,PENDING,NOT_YET_TESTED,PENDING_DOM_EXTRACTION,,RULE_GENERATED,,,,,,N/A,,ITEM-MASTER-TRANSLATED-1.0,NOT_REQUIRED,,PENDING_EMPIRICAL_VALIDATION,,,,,,https://trends.google.com/trends/explore?date=2018-01-01%202026-08-09&geo=MY&q=Korean%20snacks&hl=en,동결 품목 190590·190410·170490 의 소비자 검색어 번역 x 말레이시아(en),,과자는 HS 3개 통합 개념이라 품목 대응이 1:1 이 아니다,한국 과자,KFOOD_ITEM_MASTER_V1
MY|KFOOD|KFOOD_I07,MY,KFOOD,KFOOD_I07,,keyword,Korean ginseng,,en,FROZEN_ITEM_MASTER,RULE_SELECTED,PENDING_EMPIRICAL,UNKNOWN,PENDING,NOT_YET_TESTED,PENDING_TOPIC_EXTRACTION,,RULE_GENERATED,,,,,,N/A,,ITEM-MASTER-TRANSLATED-1.0,NOT_REQUIRED,,PENDING_EMPIRICAL_VALIDATION,,,,,,https://trends.google.com/trends/explore?date=2018-01-01%202026-08-09&geo=MY&q=Korean%20ginseng&hl=en,동결 품목 121120 의 소비자 검색어 번역 x 말레이시아(en),,,인삼·홍삼 · TOPIC 후보,KFOOD_ITEM_MASTER_V1
MY|KFOOD|KFOOD_I08,MY,KFOOD,KFOOD_I08,,keyword,Korean instant coffee,,en,FROZEN_ITEM_MASTER,RULE_SELECTED,PENDING_EMPIRICAL,UNKNOWN,PENDING,NOT_YET_TESTED,PENDING_DOM_EXTRACTION,,RULE_GENERATED,,,,,,N/A,,ITEM-MASTER-TRANSLATED-1.0,NOT_REQUIRED,,PENDING_EMPIRICAL_VALIDATION,,,,,,https://trends.google.com/trends/explore?date=2018-01-01%202026-08-09&geo=MY&q=Korean%20instant%20coffee&hl=en,동결 품목 210111 의 소비자 검색어 번역 x 말레이시아(en),,,커피믹스,KFOOD_ITEM_MASTER_V1
MY|KFOOD|KFOOD_I09,MY,KFOOD,KFOOD_I09,,keyword,Korean fish cake,,en,FROZEN_ITEM_MASTER,RULE_SELECTED,PENDING_EMPIRICAL,UNKNOWN,PENDING,NOT_YET_TESTED,PENDING_DOM_EXTRACTION,,RULE_GENERATED,,,,,,N/A,,ITEM-MASTER-TRANSLATED-1.0,NOT_REQUIRED,,PENDING_EMPIRICAL_VALIDATION,,,,,,https://trends.google.com/trends/explore?date=2018-01-01%202026-08-09&geo=MY&q=Korean%20fish%20cake&hl=en,동결 품목 160420 의 소비자 검색어 번역 x 말레이시아(en),,직역어라 실제 검색되지 않을 가능성이 높다 — 실증에서 탈락 예상,어묵,KFOOD_ITEM_MASTER_V1
MY|KFOOD|KFOOD_I10,MY,KFOOD,KFOOD_I10,,keyword,Korean beer,,en,FROZEN_ITEM_MASTER,RULE_SELECTED,PENDING_EMPIRICAL,UNKNOWN,PENDING,NOT_YET_TESTED,PENDING_DOM_EXTRACTION,,RULE_GENERATED,,,,,,N/A,,ITEM-MASTER-TRANSLATED-1.0,NOT_REQUIRED,,PENDING_EMPIRICAL_VALIDATION,,,,,,https://trends.google.com/trends/explore?date=2018-01-01%202026-08-09&geo=MY&q=Korean%20beer&hl=en,동결 품목 220300 의 소비자 검색어 번역 x 말레이시아(en),,,한국 맥주,KFOOD_ITEM_MASTER_V1
MY|KFOOD|KFOOD_I11,MY,KFOOD,KFOOD_I11,,keyword,Korean instant rice,,en,FROZEN_ITEM_MASTER,RULE_SELECTED,PENDING_EMPIRICAL,UNKNOWN,PENDING,NOT_YET_TESTED,PENDING_DOM_EXTRACTION,,RULE_GENERATED,,,,,,N/A,,ITEM-MASTER-TRANSLATED-1.0,NOT_REQUIRED,,PENDING_EMPIRICAL_VALIDATION,,,,,,https://trends.google.com/trends/explore?date=2018-01-01%202026-08-09&geo=MY&q=Korean%20instant%20rice&hl=en,동결 품목 190490 의 소비자 검색어 번역 x 말레이시아(en),,,즉석밥,KFOOD_ITEM_MASTER_V1
MY|KFOOD|KFOOD_I12,MY,KFOOD,KFOOD_I12,,keyword,Korean strawberry,,en,FROZEN_ITEM_MASTER,RULE_SELECTED,PENDING_EMPIRICAL,UNKNOWN,PENDING,NOT_YET_TESTED,PENDING_DOM_EXTRACTION,,RULE_GENERATED,,,,,,N/A,,ITEM-MASTER-TRANSLATED-1.0,NOT_REQUIRED,,PENDING_EMPIRICAL_VALIDATION,,,,,,https://trends.google.com/trends/explore?date=2018-01-01%202026-08-09&geo=MY&q=Korean%20strawberry&hl=en,동결 품목 081010 의 소비자 검색어 번역 x 말레이시아(en),,신선 딸기는 계절성이 극단적이라 월별 원계열로는 추세 판독 불가,한국 딸기,KFOOD_ITEM_MASTER_V1
MY|KFOOD|KFOOD_I13,MY,KFOOD,KFOOD_I13,,keyword,Korean ice cream,,en,FROZEN_ITEM_MASTER,RULE_SELECTED,PENDING_EMPIRICAL,UNKNOWN,PENDING,NOT_YET_TESTED,PENDING_DOM_EXTRACTION,,RULE_GENERATED,,,,,,N/A,,ITEM-MASTER-TRANSLATED-1.0,NOT_REQUIRED,,PENDING_EMPIRICAL_VALIDATION,,,,,,https://trends.google.com/trends/explore?date=2018-01-01%202026-08-09&geo=MY&q=Korean%20ice%20cream&hl=en,동결 품목 210500 의 소비자 검색어 번역 x 말레이시아(en),,,한국 아이스크림,KFOOD_ITEM_MASTER_V1
MY|KFOOD|KFOOD_I14,MY,KFOOD,KFOOD_I14,,keyword,Korean drinks,,en,FROZEN_ITEM_MASTER,RULE_SELECTED,PENDING_EMPIRICAL,UNKNOWN,PENDING,NOT_YET_TESTED,PENDING_DOM_EXTRACTION,,RULE_GENERATED,,,,,,N/A,,ITEM-MASTER-TRANSLATED-1.0,NOT_REQUIRED,,PENDING_EMPIRICAL_VALIDATION,,,,,,https://trends.google.com/trends/explore?date=2018-01-01%202026-08-09&geo=MY&q=Korean%20drinks&hl=en,동결 품목 220299·220210 의 소비자 검색어 번역 x 말레이시아(en),,'한국 음료'는 총칭이라 특정 제품 검색과 어긋날 수 있음,한국 음료,KFOOD_ITEM_MASTER_V1
MY|KFOOD|KFOOD_P01,MY,KFOOD,KFOOD_P01,,keyword,Japanese food,,en,RULE_GRAMMAR,RULE_SELECTED,PENDING_EMPIRICAL,UNKNOWN,PENDING,NOT_YET_TESTED,PENDING_TOPIC_EXTRACTION,,RULE_GENERATED,,,,,,N/A,,GRAMMAR-LOCALIZED-1.0,NOT_REQUIRED,,PENDING_EMPIRICAL_VALIDATION,,,,,,https://trends.google.com/trends/explore?date=2018-01-01%202026-08-09&geo=MY&q=Japanese%20food&hl=en,의도어 문법 KFOOD_P01([위약] 일식) x 말레이시아(en),,위약이지만 한식·일식은 대체재이자 보완재라 부호가 양쪽 다 가능 — 계수 부호까지 함께 볼 것,[위약] 일식 · TOPIC 후보,KFOOD_ITEM_MASTER_V1
MY|KFOOD|KFOOD_P02,MY,KFOOD,KFOOD_P02,,keyword,Thai food,,en,RULE_GRAMMAR,RULE_SELECTED,PENDING_EMPIRICAL,UNKNOWN,PENDING,NOT_YET_TESTED,PENDING_TOPIC_EXTRACTION,,RULE_GENERATED,,,,,,N/A,,GRAMMAR-LOCALIZED-1.0,NOT_REQUIRED,,PENDING_EMPIRICAL_VALIDATION,,,,,,https://trends.google.com/trends/explore?date=2018-01-01%202026-08-09&geo=MY&q=Thai%20food&hl=en,의도어 문법 KFOOD_P02([위약] 태국 음식) x 말레이시아(en),,,[위약] 태국 음식 · TOPIC 후보,KFOOD_ITEM_MASTER_V1
MY|KFOOD|KFOOD_P03,MY,KFOOD,KFOOD_P03,,keyword,Chinese food,,en,RULE_GRAMMAR,RULE_SELECTED,PENDING_EMPIRICAL,UNKNOWN,PENDING,NOT_YET_TESTED,PENDING_TOPIC_EXTRACTION,,RULE_GENERATED,,,,,,N/A,,GRAMMAR-LOCALIZED-1.0,NOT_REQUIRED,,PENDING_EMPIRICAL_VALIDATION,,,,,,https://trends.google.com/trends/explore?date=2018-01-01%202026-08-09&geo=MY&q=Chinese%20food&hl=en,의도어 문법 KFOOD_P03([위약] 중식) x 말레이시아(en),,,[위약] 중식 · TOPIC 후보,KFOOD_ITEM_MASTER_V1
JP|KFOOD|KFOOD_C01,JP,KFOOD,KFOOD_C01,,keyword,韓国料理,,ja,RULE_GRAMMAR,RULE_SELECTED,PENDING_EMPIRICAL,UNKNOWN,PENDING,NOT_YET_TESTED,PENDING_TOPIC_EXTRACTION,,RULE_GENERATED,,,,,,N/A,,GRAMMAR-LOCALIZED-1.0,NOT_REQUIRED,,PENDING_EMPIRICAL_VALIDATION,,,,,,https://trends.google.com/trends/explore?date=2018-01-01%202026-08-09&geo=JP&q=%E9%9F%93%E5%9B%BD%E6%96%99%E7%90%86&hl=en,의도어 문법 KFOOD_C01(한국 음식 일반) x 일본(ja),,,한국 음식 일반 · TOPIC 후보,KFOOD_ITEM_MASTER_V1
JP|KFOOD|KFOOD_C02,JP,KFOOD,KFOOD_C02,,keyword,韓国料理 レシピ,,ja,RULE_GRAMMAR,RULE_SELECTED,PENDING_EMPIRICAL,UNKNOWN,PENDING,NOT_YET_TESTED,PENDING_DOM_EXTRACTION,,RULE_GENERATED,,,,,,N/A,,GRAMMAR-LOCALIZED-1.0,NOT_REQUIRED,,PENDING_EMPIRICAL_VALIDATION,,,,,,https://trends.google.com/trends/explore?date=2018-01-01%202026-08-09&geo=JP&q=%E9%9F%93%E5%9B%BD%E6%96%99%E7%90%86%20%E3%83%AC%E3%82%B7%E3%83%94&hl=en,의도어 문법 KFOOD_C02(한국 요리법 (가정조리)) x 일본(ja),,,한국 요리법 (가정조리),KFOOD_ITEM_MASTER_V1
JP|KFOOD|KFOOD_C03,JP,KFOOD,KFOOD_C03,,keyword,韓国料理店,,ja,RULE_GRAMMAR,RULE_SELECTED,PENDING_EMPIRICAL,UNKNOWN,PENDING,NOT_YET_TESTED,PENDING_DOM_EXTRACTION,,RULE_GENERATED,,,,,,N/A,,GRAMMAR-LOCALIZED-1.0,NOT_REQUIRED,,PENDING_EMPIRICAL_VALIDATION,,,,,,https://trends.google.com/trends/explore?date=2018-01-01%202026-08-09&geo=JP&q=%E9%9F%93%E5%9B%BD%E6%96%99%E7%90%86%E5%BA%97&hl=en,의도어 문법 KFOOD_C03(한식당 (외식)) x 일본(ja),,,한식당 (외식),KFOOD_ITEM_MASTER_V1
JP|KFOOD|KFOOD_I01,JP,KFOOD,KFOOD_I01,,keyword,韓国ラーメン,,ja,FROZEN_ITEM_MASTER,RULE_SELECTED,PENDING_EMPIRICAL,UNKNOWN,PENDING,NOT_YET_TESTED,PENDING_TOPIC_EXTRACTION,,RULE_GENERATED,,,,,,N/A,JP_DOMESTIC_COUNTERPART,ITEM-MASTER-TRANSLATED-1.0,NOT_REQUIRED,,PENDING_EMPIRICAL_VALIDATION,,,,,,https://trends.google.com/trends/explore?date=2018-01-01%202026-08-09&geo=JP&q=%E9%9F%93%E5%9B%BD%E3%83%A9%E3%83%BC%E3%83%A1%E3%83%B3&hl=en,동결 품목 190230 의 소비자 검색어 번역 x 일본(ja),,'ramen' 단독은 일식을 가리킨다. 전 언어에서 한국 수식어를 붙였으나 그만큼 검색량이 줄어 과소측정 가능,라면 · TOPIC 후보,KFOOD_ITEM_MASTER_V1
JP|KFOOD|KFOOD_I02,JP,KFOOD,KFOOD_I02,,keyword,韓国キムチ,,ja,FROZEN_ITEM_MASTER,RULE_SELECTED,PENDING_EMPIRICAL,UNKNOWN,PENDING,NOT_YET_TESTED,PENDING_TOPIC_EXTRACTION,,RULE_GENERATED,,,,,,N/A,JP_DOMESTIC_COUNTERPART,ITEM-MASTER-TRANSLATED-1.0,NOT_REQUIRED,,PENDING_EMPIRICAL_VALIDATION,,,,,,https://trends.google.com/trends/explore?date=2018-01-01%202026-08-09&geo=JP&q=%E9%9F%93%E5%9B%BD%E3%82%AD%E3%83%A0%E3%83%81&hl=en,동결 품목 200599 의 소비자 검색어 번역 x 일본(ja),,일본은 자국산 김치를 대량 생산해 JP 신호에 국산 수요가 섞인다,김치 · TOPIC 후보,KFOOD_ITEM_MASTER_V1
JP|KFOOD|KFOOD_I03,JP,KFOOD,KFOOD_I03,,keyword,韓国のり,,ja,FROZEN_ITEM_MASTER,RULE_SELECTED,PENDING_EMPIRICAL,UNKNOWN,PENDING,NOT_YET_TESTED,PENDING_DOM_EXTRACTION,,RULE_GENERATED,,,,,,N/A,JP_DOMESTIC_COUNTERPART,ITEM-MASTER-TRANSLATED-1.0,NOT_REQUIRED,,PENDING_EMPIRICAL_VALIDATION,,,,,,https://trends.google.com/trends/explore?date=2018-01-01%202026-08-09&geo=JP&q=%E9%9F%93%E5%9B%BD%E3%81%AE%E3%82%8A&hl=en,동결 품목 121221 의 소비자 검색어 번역 x 일본(ja),,일본어 のり 단독은 일본산 김. 韓国のり 로 한정,김 (조미김),KFOOD_ITEM_MASTER_V1
JP|KFOOD|KFOOD_I04,JP,KFOOD,KFOOD_I04,,keyword,コチュジャン,,ja,FROZEN_ITEM_MASTER,RULE_SELECTED,PENDING_EMPIRICAL,UNKNOWN,PENDING,NOT_YET_TESTED,PENDING_TOPIC_EXTRACTION,,RULE_GENERATED,,,,,,N/A,,ITEM-MASTER-TRANSLATED-1.0,NOT_REQUIRED,,PENDING_EMPIRICAL_VALIDATION,,,,,,https://trends.google.com/trends/explore?date=2018-01-01%202026-08-09&geo=JP&q=%E3%82%B3%E3%83%81%E3%83%A5%E3%82%B8%E3%83%A3%E3%83%B3&hl=en,동결 품목 210390 의 소비자 검색어 번역 x 일본(ja),,,고추장·소스 · TOPIC 후보,KFOOD_ITEM_MASTER_V1
JP|KFOOD|KFOOD_I05,JP,KFOOD,KFOOD_I05,,keyword,韓国焼酎,,ja,FROZEN_ITEM_MASTER,RULE_SELECTED,PENDING_EMPIRICAL,UNKNOWN,PENDING,NOT_YET_TESTED,PENDING_TOPIC_EXTRACTION,,RULE_GENERATED,,,,,,N/A,JP_DOMESTIC_COUNTERPART,ITEM-MASTER-TRANSLATED-1.0,NOT_REQUIRED,,PENDING_EMPIRICAL_VALIDATION,,,,,,https://trends.google.com/trends/explore?date=2018-01-01%202026-08-09&geo=JP&q=%E9%9F%93%E5%9B%BD%E7%84%BC%E9%85%8E&hl=en,동결 품목 220890·220870 의 소비자 검색어 번역 x 일본(ja),,일본어 焼酎 는 일본 소주다. 韓国焼酎 로 한정했으나 ソジュ 표기와 분산될 수 있음,소주 · TOPIC 후보,KFOOD_ITEM_MASTER_V1
JP|KFOOD|KFOOD_I06,JP,KFOOD,KFOOD_I06,,keyword,韓国お菓子,,ja,FROZEN_ITEM_MASTER,RULE_SELECTED,PENDING_EMPIRICAL,UNKNOWN,PENDING,NOT_YET_TESTED,PENDING_DOM_EXTRACTION,,RULE_GENERATED,,,,,,N/A,,ITEM-MASTER-TRANSLATED-1.0,NOT_REQUIRED,,PENDING_EMPIRICAL_VALIDATION,,,,,,https://trends.google.com/trends/explore?date=2018-01-01%202026-08-09&geo=JP&q=%E9%9F%93%E5%9B%BD%E3%81%8A%E8%8F%93%E5%AD%90&hl=en,동결 품목 190590·190410·170490 의 소비자 검색어 번역 x 일본(ja),,과자는 HS 3개 통합 개념이라 품목 대응이 1:1 이 아니다,한국 과자,KFOOD_ITEM_MASTER_V1
JP|KFOOD|KFOOD_I07,JP,KFOOD,KFOOD_I07,,keyword,高麗人参,,ja,FROZEN_ITEM_MASTER,RULE_SELECTED,PENDING_EMPIRICAL,UNKNOWN,PENDING,NOT_YET_TESTED,PENDING_TOPIC_EXTRACTION,,RULE_GENERATED,,,,,,N/A,,ITEM-MASTER-TRANSLATED-1.0,NOT_REQUIRED,,PENDING_EMPIRICAL_VALIDATION,,,,,,https://trends.google.com/trends/explore?date=2018-01-01%202026-08-09&geo=JP&q=%E9%AB%98%E9%BA%97%E4%BA%BA%E5%8F%82&hl=en,동결 품목 121120 의 소비자 검색어 번역 x 일본(ja),,,인삼·홍삼 · TOPIC 후보,KFOOD_ITEM_MASTER_V1
JP|KFOOD|KFOOD_I08,JP,KFOOD,KFOOD_I08,,keyword,韓国 インスタントコーヒー,,ja,FROZEN_ITEM_MASTER,RULE_SELECTED,PENDING_EMPIRICAL,UNKNOWN,PENDING,NOT_YET_TESTED,PENDING_DOM_EXTRACTION,,RULE_GENERATED,,,,,,N/A,,ITEM-MASTER-TRANSLATED-1.0,NOT_REQUIRED,,PENDING_EMPIRICAL_VALIDATION,,,,,,https://trends.google.com/trends/explore?date=2018-01-01%202026-08-09&geo=JP&q=%E9%9F%93%E5%9B%BD%20%E3%82%A4%E3%83%B3%E3%82%B9%E3%82%BF%E3%83%B3%E3%83%88%E3%82%B3%E3%83%BC%E3%83%92%E3%83%BC&hl=en,동결 품목 210111 의 소비자 검색어 번역 x 일본(ja),,,커피믹스,KFOOD_ITEM_MASTER_V1
JP|KFOOD|KFOOD_I09,JP,KFOOD,KFOOD_I09,,keyword,韓国おでん,,ja,FROZEN_ITEM_MASTER,RULE_SELECTED,PENDING_EMPIRICAL,UNKNOWN,PENDING,NOT_YET_TESTED,PENDING_DOM_EXTRACTION,,RULE_GENERATED,,,,,,N/A,,ITEM-MASTER-TRANSLATED-1.0,NOT_REQUIRED,,PENDING_EMPIRICAL_VALIDATION,,,,,,https://trends.google.com/trends/explore?date=2018-01-01%202026-08-09&geo=JP&q=%E9%9F%93%E5%9B%BD%E3%81%8A%E3%81%A7%E3%82%93&hl=en,동결 품목 160420 의 소비자 검색어 번역 x 일본(ja),,직역어라 실제 검색되지 않을 가능성이 높다 — 실증에서 탈락 예상,어묵,KFOOD_ITEM_MASTER_V1
JP|KFOOD|KFOOD_I10,JP,KFOOD,KFOOD_I10,,keyword,韓国ビール,,ja,FROZEN_ITEM_MASTER,RULE_SELECTED,PENDING_EMPIRICAL,UNKNOWN,PENDING,NOT_YET_TESTED,PENDING_DOM_EXTRACTION,,RULE_GENERATED,,,,,,N/A,,ITEM-MASTER-TRANSLATED-1.0,NOT_REQUIRED,,PENDING_EMPIRICAL_VALIDATION,,,,,,https://trends.google.com/trends/explore?date=2018-01-01%202026-08-09&geo=JP&q=%E9%9F%93%E5%9B%BD%E3%83%93%E3%83%BC%E3%83%AB&hl=en,동결 품목 220300 의 소비자 검색어 번역 x 일본(ja),,,한국 맥주,KFOOD_ITEM_MASTER_V1
JP|KFOOD|KFOOD_I11,JP,KFOOD,KFOOD_I11,,keyword,韓国 レトルトご飯,,ja,FROZEN_ITEM_MASTER,RULE_SELECTED,PENDING_EMPIRICAL,UNKNOWN,PENDING,NOT_YET_TESTED,PENDING_DOM_EXTRACTION,,RULE_GENERATED,,,,,,N/A,,ITEM-MASTER-TRANSLATED-1.0,NOT_REQUIRED,,PENDING_EMPIRICAL_VALIDATION,,,,,,https://trends.google.com/trends/explore?date=2018-01-01%202026-08-09&geo=JP&q=%E9%9F%93%E5%9B%BD%20%E3%83%AC%E3%83%88%E3%83%AB%E3%83%88%E3%81%94%E9%A3%AF&hl=en,동결 품목 190490 의 소비자 검색어 번역 x 일본(ja),,,즉석밥,KFOOD_ITEM_MASTER_V1
JP|KFOOD|KFOOD_I12,JP,KFOOD,KFOOD_I12,,keyword,韓国いちご,,ja,FROZEN_ITEM_MASTER,RULE_SELECTED,PENDING_EMPIRICAL,UNKNOWN,PENDING,NOT_YET_TESTED,PENDING_DOM_EXTRACTION,,RULE_GENERATED,,,,,,N/A,,ITEM-MASTER-TRANSLATED-1.0,NOT_REQUIRED,,PENDING_EMPIRICAL_VALIDATION,,,,,,https://trends.google.com/trends/explore?date=2018-01-01%202026-08-09&geo=JP&q=%E9%9F%93%E5%9B%BD%E3%81%84%E3%81%A1%E3%81%94&hl=en,동결 품목 081010 의 소비자 검색어 번역 x 일본(ja),,신선 딸기는 계절성이 극단적이라 월별 원계열로는 추세 판독 불가,한국 딸기,KFOOD_ITEM_MASTER_V1
JP|KFOOD|KFOOD_I13,JP,KFOOD,KFOOD_I13,,keyword,韓国アイス,,ja,FROZEN_ITEM_MASTER,RULE_SELECTED,PENDING_EMPIRICAL,UNKNOWN,PENDING,NOT_YET_TESTED,PENDING_DOM_EXTRACTION,,RULE_GENERATED,,,,,,N/A,,ITEM-MASTER-TRANSLATED-1.0,NOT_REQUIRED,,PENDING_EMPIRICAL_VALIDATION,,,,,,https://trends.google.com/trends/explore?date=2018-01-01%202026-08-09&geo=JP&q=%E9%9F%93%E5%9B%BD%E3%82%A2%E3%82%A4%E3%82%B9&hl=en,동결 품목 210500 의 소비자 검색어 번역 x 일본(ja),,,한국 아이스크림,KFOOD_ITEM_MASTER_V1
JP|KFOOD|KFOOD_I14,JP,KFOOD,KFOOD_I14,,keyword,韓国ドリンク,,ja,FROZEN_ITEM_MASTER,RULE_SELECTED,PENDING_EMPIRICAL,UNKNOWN,PENDING,NOT_YET_TESTED,PENDING_DOM_EXTRACTION,,RULE_GENERATED,,,,,,N/A,,ITEM-MASTER-TRANSLATED-1.0,NOT_REQUIRED,,PENDING_EMPIRICAL_VALIDATION,,,,,,https://trends.google.com/trends/explore?date=2018-01-01%202026-08-09&geo=JP&q=%E9%9F%93%E5%9B%BD%E3%83%89%E3%83%AA%E3%83%B3%E3%82%AF&hl=en,동결 품목 220299·220210 의 소비자 검색어 번역 x 일본(ja),,'한국 음료'는 총칭이라 특정 제품 검색과 어긋날 수 있음,한국 음료,KFOOD_ITEM_MASTER_V1
JP|KFOOD|KFOOD_P02,JP,KFOOD,KFOOD_P02,,keyword,タイ料理,,ja,RULE_GRAMMAR,RULE_SELECTED,PENDING_EMPIRICAL,UNKNOWN,PENDING,NOT_YET_TESTED,PENDING_TOPIC_EXTRACTION,,RULE_GENERATED,,,,,,N/A,,GRAMMAR-LOCALIZED-1.0,NOT_REQUIRED,,PENDING_EMPIRICAL_VALIDATION,,,,,,https://trends.google.com/trends/explore?date=2018-01-01%202026-08-09&geo=JP&q=%E3%82%BF%E3%82%A4%E6%96%99%E7%90%86&hl=en,의도어 문법 KFOOD_P02([위약] 태국 음식) x 일본(ja),,,[위약] 태국 음식 · TOPIC 후보,KFOOD_ITEM_MASTER_V1
JP|KFOOD|KFOOD_P03,JP,KFOOD,KFOOD_P03,,keyword,中華料理,,ja,RULE_GRAMMAR,RULE_SELECTED,PENDING_EMPIRICAL,UNKNOWN,PENDING,NOT_YET_TESTED,PENDING_TOPIC_EXTRACTION,,RULE_GENERATED,,,,,,N/A,,GRAMMAR-LOCALIZED-1.0,NOT_REQUIRED,,PENDING_EMPIRICAL_VALIDATION,,,,,,https://trends.google.com/trends/explore?date=2018-01-01%202026-08-09&geo=JP&q=%E4%B8%AD%E8%8F%AF%E6%96%99%E7%90%86&hl=en,의도어 문법 KFOOD_P03([위약] 중식) x 일본(ja),,,[위약] 중식 · TOPIC 후보,KFOOD_ITEM_MASTER_V1
VN|KFOOD|KFOOD_C01,VN,KFOOD,KFOOD_C01,,keyword,món ăn Hàn Quốc,,vi,RULE_GRAMMAR,RULE_SELECTED,PENDING_EMPIRICAL,UNKNOWN,PENDING,NOT_YET_TESTED,PENDING_TOPIC_EXTRACTION,,RULE_GENERATED,,,,,,N/A,,GRAMMAR-LOCALIZED-1.0,NOT_REQUIRED,,PENDING_EMPIRICAL_VALIDATION,,,,,,https://trends.google.com/trends/explore?date=2018-01-01%202026-08-09&geo=VN&q=m%C3%B3n%20%C4%83n%20H%C3%A0n%20Qu%E1%BB%91c&hl=en,의도어 문법 KFOOD_C01(한국 음식 일반) x 베트남(vi),,,한국 음식 일반 · TOPIC 후보,KFOOD_ITEM_MASTER_V1
VN|KFOOD|KFOOD_C02,VN,KFOOD,KFOOD_C02,,keyword,công thức món Hàn,,vi,RULE_GRAMMAR,RULE_SELECTED,PENDING_EMPIRICAL,UNKNOWN,PENDING,NOT_YET_TESTED,PENDING_DOM_EXTRACTION,,RULE_GENERATED,,,,,,N/A,,GRAMMAR-LOCALIZED-1.0,NOT_REQUIRED,,PENDING_EMPIRICAL_VALIDATION,,,,,,https://trends.google.com/trends/explore?date=2018-01-01%202026-08-09&geo=VN&q=c%C3%B4ng%20th%E1%BB%A9c%20m%C3%B3n%20H%C3%A0n&hl=en,의도어 문법 KFOOD_C02(한국 요리법 (가정조리)) x 베트남(vi),,,한국 요리법 (가정조리),KFOOD_ITEM_MASTER_V1
VN|KFOOD|KFOOD_C03,VN,KFOOD,KFOOD_C03,,keyword,nhà hàng Hàn Quốc,,vi,RULE_GRAMMAR,RULE_SELECTED,PENDING_EMPIRICAL,UNKNOWN,PENDING,NOT_YET_TESTED,PENDING_DOM_EXTRACTION,,RULE_GENERATED,,,,,,N/A,,GRAMMAR-LOCALIZED-1.0,NOT_REQUIRED,,PENDING_EMPIRICAL_VALIDATION,,,,,,https://trends.google.com/trends/explore?date=2018-01-01%202026-08-09&geo=VN&q=nh%C3%A0%20h%C3%A0ng%20H%C3%A0n%20Qu%E1%BB%91c&hl=en,의도어 문법 KFOOD_C03(한식당 (외식)) x 베트남(vi),,,한식당 (외식),KFOOD_ITEM_MASTER_V1
VN|KFOOD|KFOOD_I01,VN,KFOOD,KFOOD_I01,,keyword,mì Hàn Quốc,,vi,FROZEN_ITEM_MASTER,RULE_SELECTED,PENDING_EMPIRICAL,UNKNOWN,PENDING,NOT_YET_TESTED,PENDING_TOPIC_EXTRACTION,,RULE_GENERATED,,,,,,N/A,,ITEM-MASTER-TRANSLATED-1.0,NOT_REQUIRED,,PENDING_EMPIRICAL_VALIDATION,,,,,,https://trends.google.com/trends/explore?date=2018-01-01%202026-08-09&geo=VN&q=m%C3%AC%20H%C3%A0n%20Qu%E1%BB%91c&hl=en,동결 품목 190230 의 소비자 검색어 번역 x 베트남(vi),,'ramen' 단독은 일식을 가리킨다. 전 언어에서 한국 수식어를 붙였으나 그만큼 검색량이 줄어 과소측정 가능,라면 · TOPIC 후보,KFOOD_ITEM_MASTER_V1
VN|KFOOD|KFOOD_I02,VN,KFOOD,KFOOD_I02,,keyword,kimchi,,vi,FROZEN_ITEM_MASTER,RULE_SELECTED,PENDING_EMPIRICAL,UNKNOWN,PENDING,NOT_YET_TESTED,PENDING_TOPIC_EXTRACTION,,RULE_GENERATED,,,,,,N/A,,ITEM-MASTER-TRANSLATED-1.0,NOT_REQUIRED,,PENDING_EMPIRICAL_VALIDATION,,,,,,https://trends.google.com/trends/explore?date=2018-01-01%202026-08-09&geo=VN&q=kimchi&hl=en,동결 품목 200599 의 소비자 검색어 번역 x 베트남(vi),,일본은 자국산 김치를 대량 생산해 JP 신호에 국산 수요가 섞인다,김치 · TOPIC 후보,KFOOD_ITEM_MASTER_V1
VN|KFOOD|KFOOD_I03,VN,KFOOD,KFOOD_I03,,keyword,rong biển Hàn Quốc,,vi,FROZEN_ITEM_MASTER,RULE_SELECTED,PENDING_EMPIRICAL,UNKNOWN,PENDING,NOT_YET_TESTED,PENDING_DOM_EXTRACTION,,RULE_GENERATED,,,,,,N/A,,ITEM-MASTER-TRANSLATED-1.0,NOT_REQUIRED,,PENDING_EMPIRICAL_VALIDATION,,,,,,https://trends.google.com/trends/explore?date=2018-01-01%202026-08-09&geo=VN&q=rong%20bi%E1%BB%83n%20H%C3%A0n%20Qu%E1%BB%91c&hl=en,동결 품목 121221 의 소비자 검색어 번역 x 베트남(vi),,일본어 のり 단독은 일본산 김. 韓国のり 로 한정,김 (조미김),KFOOD_ITEM_MASTER_V1
VN|KFOOD|KFOOD_I04,VN,KFOOD,KFOOD_I04,,keyword,tương ớt Hàn Quốc,,vi,FROZEN_ITEM_MASTER,RULE_SELECTED,PENDING_EMPIRICAL,UNKNOWN,PENDING,NOT_YET_TESTED,PENDING_TOPIC_EXTRACTION,,RULE_GENERATED,,,,,,N/A,,ITEM-MASTER-TRANSLATED-1.0,NOT_REQUIRED,,PENDING_EMPIRICAL_VALIDATION,,,,,,https://trends.google.com/trends/explore?date=2018-01-01%202026-08-09&geo=VN&q=t%C6%B0%C6%A1ng%20%E1%BB%9Bt%20H%C3%A0n%20Qu%E1%BB%91c&hl=en,동결 품목 210390 의 소비자 검색어 번역 x 베트남(vi),,,고추장·소스 · TOPIC 후보,KFOOD_ITEM_MASTER_V1
VN|KFOOD|KFOOD_I05,VN,KFOOD,KFOOD_I05,,keyword,rượu soju,,vi,FROZEN_ITEM_MASTER,RULE_SELECTED,PENDING_EMPIRICAL,UNKNOWN,PENDING,NOT_YET_TESTED,PENDING_TOPIC_EXTRACTION,,RULE_GENERATED,,,,,,N/A,,ITEM-MASTER-TRANSLATED-1.0,NOT_REQUIRED,,PENDING_EMPIRICAL_VALIDATION,,,,,,https://trends.google.com/trends/explore?date=2018-01-01%202026-08-09&geo=VN&q=r%C6%B0%E1%BB%A3u%20soju&hl=en,동결 품목 220890·220870 의 소비자 검색어 번역 x 베트남(vi),,일본어 焼酎 는 일본 소주다. 韓国焼酎 로 한정했으나 ソジュ 표기와 분산될 수 있음,소주 · TOPIC 후보,KFOOD_ITEM_MASTER_V1
VN|KFOOD|KFOOD_I06,VN,KFOOD,KFOOD_I06,,keyword,bánh kẹo Hàn Quốc,,vi,FROZEN_ITEM_MASTER,RULE_SELECTED,PENDING_EMPIRICAL,UNKNOWN,PENDING,NOT_YET_TESTED,PENDING_DOM_EXTRACTION,,RULE_GENERATED,,,,,,N/A,,ITEM-MASTER-TRANSLATED-1.0,NOT_REQUIRED,,PENDING_EMPIRICAL_VALIDATION,,,,,,https://trends.google.com/trends/explore?date=2018-01-01%202026-08-09&geo=VN&q=b%C3%A1nh%20k%E1%BA%B9o%20H%C3%A0n%20Qu%E1%BB%91c&hl=en,동결 품목 190590·190410·170490 의 소비자 검색어 번역 x 베트남(vi),,과자는 HS 3개 통합 개념이라 품목 대응이 1:1 이 아니다,한국 과자,KFOOD_ITEM_MASTER_V1
VN|KFOOD|KFOOD_I07,VN,KFOOD,KFOOD_I07,,keyword,nhân sâm Hàn Quốc,,vi,FROZEN_ITEM_MASTER,RULE_SELECTED,PENDING_EMPIRICAL,UNKNOWN,PENDING,NOT_YET_TESTED,PENDING_TOPIC_EXTRACTION,,RULE_GENERATED,,,,,,N/A,,ITEM-MASTER-TRANSLATED-1.0,NOT_REQUIRED,,PENDING_EMPIRICAL_VALIDATION,,,,,,https://trends.google.com/trends/explore?date=2018-01-01%202026-08-09&geo=VN&q=nh%C3%A2n%20s%C3%A2m%20H%C3%A0n%20Qu%E1%BB%91c&hl=en,동결 품목 121120 의 소비자 검색어 번역 x 베트남(vi),,,인삼·홍삼 · TOPIC 후보,KFOOD_ITEM_MASTER_V1
VN|KFOOD|KFOOD_I08,VN,KFOOD,KFOOD_I08,,keyword,cà phê hòa tan Hàn Quốc,,vi,FROZEN_ITEM_MASTER,RULE_SELECTED,PENDING_EMPIRICAL,UNKNOWN,PENDING,NOT_YET_TESTED,PENDING_DOM_EXTRACTION,,RULE_GENERATED,,,,,,N/A,,ITEM-MASTER-TRANSLATED-1.0,NOT_REQUIRED,,PENDING_EMPIRICAL_VALIDATION,,,,,,https://trends.google.com/trends/explore?date=2018-01-01%202026-08-09&geo=VN&q=c%C3%A0%20ph%C3%AA%20h%C3%B2a%20tan%20H%C3%A0n%20Qu%E1%BB%91c&hl=en,동결 품목 210111 의 소비자 검색어 번역 x 베트남(vi),,,커피믹스,KFOOD_ITEM_MASTER_V1
VN|KFOOD|KFOOD_I09,VN,KFOOD,KFOOD_I09,,keyword,chả cá Hàn Quốc,,vi,FROZEN_ITEM_MASTER,RULE_SELECTED,PENDING_EMPIRICAL,UNKNOWN,PENDING,NOT_YET_TESTED,PENDING_DOM_EXTRACTION,,RULE_GENERATED,,,,,,N/A,,ITEM-MASTER-TRANSLATED-1.0,NOT_REQUIRED,,PENDING_EMPIRICAL_VALIDATION,,,,,,https://trends.google.com/trends/explore?date=2018-01-01%202026-08-09&geo=VN&q=ch%E1%BA%A3%20c%C3%A1%20H%C3%A0n%20Qu%E1%BB%91c&hl=en,동결 품목 160420 의 소비자 검색어 번역 x 베트남(vi),,직역어라 실제 검색되지 않을 가능성이 높다 — 실증에서 탈락 예상,어묵,KFOOD_ITEM_MASTER_V1
VN|KFOOD|KFOOD_I10,VN,KFOOD,KFOOD_I10,,keyword,bia Hàn Quốc,,vi,FROZEN_ITEM_MASTER,RULE_SELECTED,PENDING_EMPIRICAL,UNKNOWN,PENDING,NOT_YET_TESTED,PENDING_DOM_EXTRACTION,,RULE_GENERATED,,,,,,N/A,,ITEM-MASTER-TRANSLATED-1.0,NOT_REQUIRED,,PENDING_EMPIRICAL_VALIDATION,,,,,,https://trends.google.com/trends/explore?date=2018-01-01%202026-08-09&geo=VN&q=bia%20H%C3%A0n%20Qu%E1%BB%91c&hl=en,동결 품목 220300 의 소비자 검색어 번역 x 베트남(vi),,,한국 맥주,KFOOD_ITEM_MASTER_V1
VN|KFOOD|KFOOD_I11,VN,KFOOD,KFOOD_I11,,keyword,cơm ăn liền Hàn Quốc,,vi,FROZEN_ITEM_MASTER,RULE_SELECTED,PENDING_EMPIRICAL,UNKNOWN,PENDING,NOT_YET_TESTED,PENDING_DOM_EXTRACTION,,RULE_GENERATED,,,,,,N/A,,ITEM-MASTER-TRANSLATED-1.0,NOT_REQUIRED,,PENDING_EMPIRICAL_VALIDATION,,,,,,https://trends.google.com/trends/explore?date=2018-01-01%202026-08-09&geo=VN&q=c%C6%A1m%20%C4%83n%20li%E1%BB%81n%20H%C3%A0n%20Qu%E1%BB%91c&hl=en,동결 품목 190490 의 소비자 검색어 번역 x 베트남(vi),,,즉석밥,KFOOD_ITEM_MASTER_V1
VN|KFOOD|KFOOD_I12,VN,KFOOD,KFOOD_I12,,keyword,dâu tây Hàn Quốc,,vi,FROZEN_ITEM_MASTER,RULE_SELECTED,PENDING_EMPIRICAL,UNKNOWN,PENDING,NOT_YET_TESTED,PENDING_DOM_EXTRACTION,,RULE_GENERATED,,,,,,N/A,,ITEM-MASTER-TRANSLATED-1.0,NOT_REQUIRED,,PENDING_EMPIRICAL_VALIDATION,,,,,,https://trends.google.com/trends/explore?date=2018-01-01%202026-08-09&geo=VN&q=d%C3%A2u%20t%C3%A2y%20H%C3%A0n%20Qu%E1%BB%91c&hl=en,동결 품목 081010 의 소비자 검색어 번역 x 베트남(vi),,신선 딸기는 계절성이 극단적이라 월별 원계열로는 추세 판독 불가,한국 딸기,KFOOD_ITEM_MASTER_V1
VN|KFOOD|KFOOD_I13,VN,KFOOD,KFOOD_I13,,keyword,kem Hàn Quốc,,vi,FROZEN_ITEM_MASTER,RULE_SELECTED,PENDING_EMPIRICAL,UNKNOWN,PENDING,NOT_YET_TESTED,PENDING_DOM_EXTRACTION,,RULE_GENERATED,,,,,,N/A,,ITEM-MASTER-TRANSLATED-1.0,NOT_REQUIRED,,PENDING_EMPIRICAL_VALIDATION,,,,,,https://trends.google.com/trends/explore?date=2018-01-01%202026-08-09&geo=VN&q=kem%20H%C3%A0n%20Qu%E1%BB%91c&hl=en,동결 품목 210500 의 소비자 검색어 번역 x 베트남(vi),,,한국 아이스크림,KFOOD_ITEM_MASTER_V1
VN|KFOOD|KFOOD_I14,VN,KFOOD,KFOOD_I14,,keyword,đồ uống Hàn Quốc,,vi,FROZEN_ITEM_MASTER,RULE_SELECTED,PENDING_EMPIRICAL,UNKNOWN,PENDING,NOT_YET_TESTED,PENDING_DOM_EXTRACTION,,RULE_GENERATED,,,,,,N/A,,ITEM-MASTER-TRANSLATED-1.0,NOT_REQUIRED,,PENDING_EMPIRICAL_VALIDATION,,,,,,https://trends.google.com/trends/explore?date=2018-01-01%202026-08-09&geo=VN&q=%C4%91%E1%BB%93%20u%E1%BB%91ng%20H%C3%A0n%20Qu%E1%BB%91c&hl=en,동결 품목 220299·220210 의 소비자 검색어 번역 x 베트남(vi),,'한국 음료'는 총칭이라 특정 제품 검색과 어긋날 수 있음,한국 음료,KFOOD_ITEM_MASTER_V1
VN|KFOOD|KFOOD_P01,VN,KFOOD,KFOOD_P01,,keyword,món ăn Nhật Bản,,vi,RULE_GRAMMAR,RULE_SELECTED,PENDING_EMPIRICAL,UNKNOWN,PENDING,NOT_YET_TESTED,PENDING_TOPIC_EXTRACTION,,RULE_GENERATED,,,,,,N/A,,GRAMMAR-LOCALIZED-1.0,NOT_REQUIRED,,PENDING_EMPIRICAL_VALIDATION,,,,,,https://trends.google.com/trends/explore?date=2018-01-01%202026-08-09&geo=VN&q=m%C3%B3n%20%C4%83n%20Nh%E1%BA%ADt%20B%E1%BA%A3n&hl=en,의도어 문법 KFOOD_P01([위약] 일식) x 베트남(vi),,위약이지만 한식·일식은 대체재이자 보완재라 부호가 양쪽 다 가능 — 계수 부호까지 함께 볼 것,[위약] 일식 · TOPIC 후보,KFOOD_ITEM_MASTER_V1
VN|KFOOD|KFOOD_P02,VN,KFOOD,KFOOD_P02,,keyword,món ăn Thái,,vi,RULE_GRAMMAR,RULE_SELECTED,PENDING_EMPIRICAL,UNKNOWN,PENDING,NOT_YET_TESTED,PENDING_TOPIC_EXTRACTION,,RULE_GENERATED,,,,,,N/A,,GRAMMAR-LOCALIZED-1.0,NOT_REQUIRED,,PENDING_EMPIRICAL_VALIDATION,,,,,,https://trends.google.com/trends/explore?date=2018-01-01%202026-08-09&geo=VN&q=m%C3%B3n%20%C4%83n%20Th%C3%A1i&hl=en,의도어 문법 KFOOD_P02([위약] 태국 음식) x 베트남(vi),,,[위약] 태국 음식 · TOPIC 후보,KFOOD_ITEM_MASTER_V1
VN|KFOOD|KFOOD_P03,VN,KFOOD,KFOOD_P03,,keyword,món ăn Trung Quốc,,vi,RULE_GRAMMAR,RULE_SELECTED,PENDING_EMPIRICAL,UNKNOWN,PENDING,NOT_YET_TESTED,PENDING_TOPIC_EXTRACTION,,RULE_GENERATED,,,,,,N/A,,GRAMMAR-LOCALIZED-1.0,NOT_REQUIRED,,PENDING_EMPIRICAL_VALIDATION,,,,,,https://trends.google.com/trends/explore?date=2018-01-01%202026-08-09&geo=VN&q=m%C3%B3n%20%C4%83n%20Trung%20Qu%E1%BB%91c&hl=en,의도어 문법 KFOOD_P03([위약] 중식) x 베트남(vi),,,[위약] 중식 · TOPIC 후보,KFOOD_ITEM_MASTER_V1
TH|KFOOD|KFOOD_C01,TH,KFOOD,KFOOD_C01,,keyword,อาหารเกาหลี,,th,RULE_GRAMMAR,RULE_SELECTED,PENDING_EMPIRICAL,UNKNOWN,PENDING,NOT_YET_TESTED,PENDING_TOPIC_EXTRACTION,,RULE_GENERATED,,,,,,N/A,,GRAMMAR-LOCALIZED-1.0,NOT_REQUIRED,,PENDING_EMPIRICAL_VALIDATION,,,,,,https://trends.google.com/trends/explore?date=2018-01-01%202026-08-09&geo=TH&q=%E0%B8%AD%E0%B8%B2%E0%B8%AB%E0%B8%B2%E0%B8%A3%E0%B9%80%E0%B8%81%E0%B8%B2%E0%B8%AB%E0%B8%A5%E0%B8%B5&hl=en,의도어 문법 KFOOD_C01(한국 음식 일반) x 태국(th),,,한국 음식 일반 · TOPIC 후보,KFOOD_ITEM_MASTER_V1
TH|KFOOD|KFOOD_C02,TH,KFOOD,KFOOD_C02,,keyword,สูตรอาหารเกาหลี,,th,RULE_GRAMMAR,RULE_SELECTED,PENDING_EMPIRICAL,UNKNOWN,PENDING,NOT_YET_TESTED,PENDING_DOM_EXTRACTION,,RULE_GENERATED,,,,,,N/A,,GRAMMAR-LOCALIZED-1.0,NOT_REQUIRED,,PENDING_EMPIRICAL_VALIDATION,,,,,,https://trends.google.com/trends/explore?date=2018-01-01%202026-08-09&geo=TH&q=%E0%B8%AA%E0%B8%B9%E0%B8%95%E0%B8%A3%E0%B8%AD%E0%B8%B2%E0%B8%AB%E0%B8%B2%E0%B8%A3%E0%B9%80%E0%B8%81%E0%B8%B2%E0%B8%AB%E0%B8%A5%E0%B8%B5&hl=en,의도어 문법 KFOOD_C02(한국 요리법 (가정조리)) x 태국(th),,,한국 요리법 (가정조리),KFOOD_ITEM_MASTER_V1
TH|KFOOD|KFOOD_C03,TH,KFOOD,KFOOD_C03,,keyword,ร้านอาหารเกาหลี,,th,RULE_GRAMMAR,RULE_SELECTED,PENDING_EMPIRICAL,UNKNOWN,PENDING,NOT_YET_TESTED,PENDING_DOM_EXTRACTION,,RULE_GENERATED,,,,,,N/A,,GRAMMAR-LOCALIZED-1.0,NOT_REQUIRED,,PENDING_EMPIRICAL_VALIDATION,,,,,,https://trends.google.com/trends/explore?date=2018-01-01%202026-08-09&geo=TH&q=%E0%B8%A3%E0%B9%89%E0%B8%B2%E0%B8%99%E0%B8%AD%E0%B8%B2%E0%B8%AB%E0%B8%B2%E0%B8%A3%E0%B9%80%E0%B8%81%E0%B8%B2%E0%B8%AB%E0%B8%A5%E0%B8%B5&hl=en,의도어 문법 KFOOD_C03(한식당 (외식)) x 태국(th),,,한식당 (외식),KFOOD_ITEM_MASTER_V1
TH|KFOOD|KFOOD_I01,TH,KFOOD,KFOOD_I01,,keyword,รามยอน เกาหลี,,th,FROZEN_ITEM_MASTER,RULE_SELECTED,PENDING_EMPIRICAL,UNKNOWN,PENDING,NOT_YET_TESTED,PENDING_TOPIC_EXTRACTION,,RULE_GENERATED,,,,,,N/A,,ITEM-MASTER-TRANSLATED-1.0,NOT_REQUIRED,,PENDING_EMPIRICAL_VALIDATION,,,,,,https://trends.google.com/trends/explore?date=2018-01-01%202026-08-09&geo=TH&q=%E0%B8%A3%E0%B8%B2%E0%B8%A1%E0%B8%A2%E0%B8%AD%E0%B8%99%20%E0%B9%80%E0%B8%81%E0%B8%B2%E0%B8%AB%E0%B8%A5%E0%B8%B5&hl=en,동결 품목 190230 의 소비자 검색어 번역 x 태국(th),,'ramen' 단독은 일식을 가리킨다. 전 언어에서 한국 수식어를 붙였으나 그만큼 검색량이 줄어 과소측정 가능,라면 · TOPIC 후보,KFOOD_ITEM_MASTER_V1
TH|KFOOD|KFOOD_I02,TH,KFOOD,KFOOD_I02,,keyword,กิมจิ,,th,FROZEN_ITEM_MASTER,RULE_SELECTED,PENDING_EMPIRICAL,UNKNOWN,PENDING,NOT_YET_TESTED,PENDING_TOPIC_EXTRACTION,,RULE_GENERATED,,,,,,N/A,,ITEM-MASTER-TRANSLATED-1.0,NOT_REQUIRED,,PENDING_EMPIRICAL_VALIDATION,,,,,,https://trends.google.com/trends/explore?date=2018-01-01%202026-08-09&geo=TH&q=%E0%B8%81%E0%B8%B4%E0%B8%A1%E0%B8%88%E0%B8%B4&hl=en,동결 품목 200599 의 소비자 검색어 번역 x 태국(th),,일본은 자국산 김치를 대량 생산해 JP 신호에 국산 수요가 섞인다,김치 · TOPIC 후보,KFOOD_ITEM_MASTER_V1
TH|KFOOD|KFOOD_I03,TH,KFOOD,KFOOD_I03,,keyword,สาหร่ายเกาหลี,,th,FROZEN_ITEM_MASTER,RULE_SELECTED,PENDING_EMPIRICAL,UNKNOWN,PENDING,NOT_YET_TESTED,PENDING_DOM_EXTRACTION,,RULE_GENERATED,,,,,,N/A,,ITEM-MASTER-TRANSLATED-1.0,NOT_REQUIRED,,PENDING_EMPIRICAL_VALIDATION,,,,,,https://trends.google.com/trends/explore?date=2018-01-01%202026-08-09&geo=TH&q=%E0%B8%AA%E0%B8%B2%E0%B8%AB%E0%B8%A3%E0%B9%88%E0%B8%B2%E0%B8%A2%E0%B9%80%E0%B8%81%E0%B8%B2%E0%B8%AB%E0%B8%A5%E0%B8%B5&hl=en,동결 품목 121221 의 소비자 검색어 번역 x 태국(th),,일본어 のり 단독은 일본산 김. 韓国のり 로 한정,김 (조미김),KFOOD_ITEM_MASTER_V1
TH|KFOOD|KFOOD_I04,TH,KFOOD,KFOOD_I04,,keyword,โกชูจัง,,th,FROZEN_ITEM_MASTER,RULE_SELECTED,PENDING_EMPIRICAL,UNKNOWN,PENDING,NOT_YET_TESTED,PENDING_TOPIC_EXTRACTION,,RULE_GENERATED,,,,,,N/A,,ITEM-MASTER-TRANSLATED-1.0,NOT_REQUIRED,,PENDING_EMPIRICAL_VALIDATION,,,,,,https://trends.google.com/trends/explore?date=2018-01-01%202026-08-09&geo=TH&q=%E0%B9%82%E0%B8%81%E0%B8%8A%E0%B8%B9%E0%B8%88%E0%B8%B1%E0%B8%87&hl=en,동결 품목 210390 의 소비자 검색어 번역 x 태국(th),,,고추장·소스 · TOPIC 후보,KFOOD_ITEM_MASTER_V1
TH|KFOOD|KFOOD_I05,TH,KFOOD,KFOOD_I05,,keyword,โซจู,,th,FROZEN_ITEM_MASTER,RULE_SELECTED,PENDING_EMPIRICAL,UNKNOWN,PENDING,NOT_YET_TESTED,PENDING_TOPIC_EXTRACTION,,RULE_GENERATED,,,,,,N/A,,ITEM-MASTER-TRANSLATED-1.0,NOT_REQUIRED,,PENDING_EMPIRICAL_VALIDATION,,,,,,https://trends.google.com/trends/explore?date=2018-01-01%202026-08-09&geo=TH&q=%E0%B9%82%E0%B8%8B%E0%B8%88%E0%B8%B9&hl=en,동결 품목 220890·220870 의 소비자 검색어 번역 x 태국(th),,일본어 焼酎 는 일본 소주다. 韓国焼酎 로 한정했으나 ソジュ 표기와 분산될 수 있음,소주 · TOPIC 후보,KFOOD_ITEM_MASTER_V1
TH|KFOOD|KFOOD_I06,TH,KFOOD,KFOOD_I06,,keyword,ขนมเกาหลี,,th,FROZEN_ITEM_MASTER,RULE_SELECTED,PENDING_EMPIRICAL,UNKNOWN,PENDING,NOT_YET_TESTED,PENDING_DOM_EXTRACTION,,RULE_GENERATED,,,,,,N/A,,ITEM-MASTER-TRANSLATED-1.0,NOT_REQUIRED,,PENDING_EMPIRICAL_VALIDATION,,,,,,https://trends.google.com/trends/explore?date=2018-01-01%202026-08-09&geo=TH&q=%E0%B8%82%E0%B8%99%E0%B8%A1%E0%B9%80%E0%B8%81%E0%B8%B2%E0%B8%AB%E0%B8%A5%E0%B8%B5&hl=en,동결 품목 190590·190410·170490 의 소비자 검색어 번역 x 태국(th),,과자는 HS 3개 통합 개념이라 품목 대응이 1:1 이 아니다,한국 과자,KFOOD_ITEM_MASTER_V1
TH|KFOOD|KFOOD_I07,TH,KFOOD,KFOOD_I07,,keyword,โสมเกาหลี,,th,FROZEN_ITEM_MASTER,RULE_SELECTED,PENDING_EMPIRICAL,UNKNOWN,PENDING,NOT_YET_TESTED,PENDING_TOPIC_EXTRACTION,,RULE_GENERATED,,,,,,N/A,,ITEM-MASTER-TRANSLATED-1.0,NOT_REQUIRED,,PENDING_EMPIRICAL_VALIDATION,,,,,,https://trends.google.com/trends/explore?date=2018-01-01%202026-08-09&geo=TH&q=%E0%B9%82%E0%B8%AA%E0%B8%A1%E0%B9%80%E0%B8%81%E0%B8%B2%E0%B8%AB%E0%B8%A5%E0%B8%B5&hl=en,동결 품목 121120 의 소비자 검색어 번역 x 태국(th),,,인삼·홍삼 · TOPIC 후보,KFOOD_ITEM_MASTER_V1
TH|KFOOD|KFOOD_I08,TH,KFOOD,KFOOD_I08,,keyword,กาแฟสำเร็จรูป เกาหลี,,th,FROZEN_ITEM_MASTER,RULE_SELECTED,PENDING_EMPIRICAL,UNKNOWN,PENDING,NOT_YET_TESTED,PENDING_DOM_EXTRACTION,,RULE_GENERATED,,,,,,N/A,,ITEM-MASTER-TRANSLATED-1.0,NOT_REQUIRED,,PENDING_EMPIRICAL_VALIDATION,,,,,,https://trends.google.com/trends/explore?date=2018-01-01%202026-08-09&geo=TH&q=%E0%B8%81%E0%B8%B2%E0%B9%81%E0%B8%9F%E0%B8%AA%E0%B8%B3%E0%B9%80%E0%B8%A3%E0%B9%87%E0%B8%88%E0%B8%A3%E0%B8%B9%E0%B8%9B%20%E0%B9%80%E0%B8%81%E0%B8%B2%E0%B8%AB%E0%B8%A5%E0%B8%B5&hl=en,동결 품목 210111 의 소비자 검색어 번역 x 태국(th),,,커피믹스,KFOOD_ITEM_MASTER_V1
TH|KFOOD|KFOOD_I09,TH,KFOOD,KFOOD_I09,,keyword,ลูกชิ้นปลาเกาหลี,,th,FROZEN_ITEM_MASTER,RULE_SELECTED,PENDING_EMPIRICAL,UNKNOWN,PENDING,NOT_YET_TESTED,PENDING_DOM_EXTRACTION,,RULE_GENERATED,,,,,,N/A,,ITEM-MASTER-TRANSLATED-1.0,NOT_REQUIRED,,PENDING_EMPIRICAL_VALIDATION,,,,,,https://trends.google.com/trends/explore?date=2018-01-01%202026-08-09&geo=TH&q=%E0%B8%A5%E0%B8%B9%E0%B8%81%E0%B8%8A%E0%B8%B4%E0%B9%89%E0%B8%99%E0%B8%9B%E0%B8%A5%E0%B8%B2%E0%B9%80%E0%B8%81%E0%B8%B2%E0%B8%AB%E0%B8%A5%E0%B8%B5&hl=en,동결 품목 160420 의 소비자 검색어 번역 x 태국(th),,직역어라 실제 검색되지 않을 가능성이 높다 — 실증에서 탈락 예상,어묵,KFOOD_ITEM_MASTER_V1
TH|KFOOD|KFOOD_I10,TH,KFOOD,KFOOD_I10,,keyword,เบียร์เกาหลี,,th,FROZEN_ITEM_MASTER,RULE_SELECTED,PENDING_EMPIRICAL,UNKNOWN,PENDING,NOT_YET_TESTED,PENDING_DOM_EXTRACTION,,RULE_GENERATED,,,,,,N/A,,ITEM-MASTER-TRANSLATED-1.0,NOT_REQUIRED,,PENDING_EMPIRICAL_VALIDATION,,,,,,https://trends.google.com/trends/explore?date=2018-01-01%202026-08-09&geo=TH&q=%E0%B9%80%E0%B8%9A%E0%B8%B5%E0%B8%A2%E0%B8%A3%E0%B9%8C%E0%B9%80%E0%B8%81%E0%B8%B2%E0%B8%AB%E0%B8%A5%E0%B8%B5&hl=en,동결 품목 220300 의 소비자 검색어 번역 x 태국(th),,,한국 맥주,KFOOD_ITEM_MASTER_V1
TH|KFOOD|KFOOD_I11,TH,KFOOD,KFOOD_I11,,keyword,ข้าวสำเร็จรูปเกาหลี,,th,FROZEN_ITEM_MASTER,RULE_SELECTED,PENDING_EMPIRICAL,UNKNOWN,PENDING,NOT_YET_TESTED,PENDING_DOM_EXTRACTION,,RULE_GENERATED,,,,,,N/A,,ITEM-MASTER-TRANSLATED-1.0,NOT_REQUIRED,,PENDING_EMPIRICAL_VALIDATION,,,,,,https://trends.google.com/trends/explore?date=2018-01-01%202026-08-09&geo=TH&q=%E0%B8%82%E0%B9%89%E0%B8%B2%E0%B8%A7%E0%B8%AA%E0%B8%B3%E0%B9%80%E0%B8%A3%E0%B9%87%E0%B8%88%E0%B8%A3%E0%B8%B9%E0%B8%9B%E0%B9%80%E0%B8%81%E0%B8%B2%E0%B8%AB%E0%B8%A5%E0%B8%B5&hl=en,동결 품목 190490 의 소비자 검색어 번역 x 태국(th),,,즉석밥,KFOOD_ITEM_MASTER_V1
TH|KFOOD|KFOOD_I12,TH,KFOOD,KFOOD_I12,,keyword,สตรอว์เบอร์รี่เกาหลี,,th,FROZEN_ITEM_MASTER,RULE_SELECTED,PENDING_EMPIRICAL,UNKNOWN,PENDING,NOT_YET_TESTED,PENDING_DOM_EXTRACTION,,RULE_GENERATED,,,,,,N/A,,ITEM-MASTER-TRANSLATED-1.0,NOT_REQUIRED,,PENDING_EMPIRICAL_VALIDATION,,,,,,https://trends.google.com/trends/explore?date=2018-01-01%202026-08-09&geo=TH&q=%E0%B8%AA%E0%B8%95%E0%B8%A3%E0%B8%AD%E0%B8%A7%E0%B9%8C%E0%B9%80%E0%B8%9A%E0%B8%AD%E0%B8%A3%E0%B9%8C%E0%B8%A3%E0%B8%B5%E0%B9%88%E0%B9%80%E0%B8%81%E0%B8%B2%E0%B8%AB%E0%B8%A5%E0%B8%B5&hl=en,동결 품목 081010 의 소비자 검색어 번역 x 태국(th),,신선 딸기는 계절성이 극단적이라 월별 원계열로는 추세 판독 불가,한국 딸기,KFOOD_ITEM_MASTER_V1
TH|KFOOD|KFOOD_I13,TH,KFOOD,KFOOD_I13,,keyword,ไอศกรีมเกาหลี,,th,FROZEN_ITEM_MASTER,RULE_SELECTED,PENDING_EMPIRICAL,UNKNOWN,PENDING,NOT_YET_TESTED,PENDING_DOM_EXTRACTION,,RULE_GENERATED,,,,,,N/A,,ITEM-MASTER-TRANSLATED-1.0,NOT_REQUIRED,,PENDING_EMPIRICAL_VALIDATION,,,,,,https://trends.google.com/trends/explore?date=2018-01-01%202026-08-09&geo=TH&q=%E0%B9%84%E0%B8%AD%E0%B8%A8%E0%B8%81%E0%B8%A3%E0%B8%B5%E0%B8%A1%E0%B9%80%E0%B8%81%E0%B8%B2%E0%B8%AB%E0%B8%A5%E0%B8%B5&hl=en,동결 품목 210500 의 소비자 검색어 번역 x 태국(th),,,한국 아이스크림,KFOOD_ITEM_MASTER_V1
TH|KFOOD|KFOOD_I14,TH,KFOOD,KFOOD_I14,,keyword,เครื่องดื่มเกาหลี,,th,FROZEN_ITEM_MASTER,RULE_SELECTED,PENDING_EMPIRICAL,UNKNOWN,PENDING,NOT_YET_TESTED,PENDING_DOM_EXTRACTION,,RULE_GENERATED,,,,,,N/A,,ITEM-MASTER-TRANSLATED-1.0,NOT_REQUIRED,,PENDING_EMPIRICAL_VALIDATION,,,,,,https://trends.google.com/trends/explore?date=2018-01-01%202026-08-09&geo=TH&q=%E0%B9%80%E0%B8%84%E0%B8%A3%E0%B8%B7%E0%B9%88%E0%B8%AD%E0%B8%87%E0%B8%94%E0%B8%B7%E0%B9%88%E0%B8%A1%E0%B9%80%E0%B8%81%E0%B8%B2%E0%B8%AB%E0%B8%A5%E0%B8%B5&hl=en,동결 품목 220299·220210 의 소비자 검색어 번역 x 태국(th),,'한국 음료'는 총칭이라 특정 제품 검색과 어긋날 수 있음,한국 음료,KFOOD_ITEM_MASTER_V1
TH|KFOOD|KFOOD_P01,TH,KFOOD,KFOOD_P01,,keyword,อาหารญี่ปุ่น,,th,RULE_GRAMMAR,RULE_SELECTED,PENDING_EMPIRICAL,UNKNOWN,PENDING,NOT_YET_TESTED,PENDING_TOPIC_EXTRACTION,,RULE_GENERATED,,,,,,N/A,,GRAMMAR-LOCALIZED-1.0,NOT_REQUIRED,,PENDING_EMPIRICAL_VALIDATION,,,,,,https://trends.google.com/trends/explore?date=2018-01-01%202026-08-09&geo=TH&q=%E0%B8%AD%E0%B8%B2%E0%B8%AB%E0%B8%B2%E0%B8%A3%E0%B8%8D%E0%B8%B5%E0%B9%88%E0%B8%9B%E0%B8%B8%E0%B9%88%E0%B8%99&hl=en,의도어 문법 KFOOD_P01([위약] 일식) x 태국(th),,위약이지만 한식·일식은 대체재이자 보완재라 부호가 양쪽 다 가능 — 계수 부호까지 함께 볼 것,[위약] 일식 · TOPIC 후보,KFOOD_ITEM_MASTER_V1
TH|KFOOD|KFOOD_P03,TH,KFOOD,KFOOD_P03,,keyword,อาหารจีน,,th,RULE_GRAMMAR,RULE_SELECTED,PENDING_EMPIRICAL,UNKNOWN,PENDING,NOT_YET_TESTED,PENDING_TOPIC_EXTRACTION,,RULE_GENERATED,,,,,,N/A,,GRAMMAR-LOCALIZED-1.0,NOT_REQUIRED,,PENDING_EMPIRICAL_VALIDATION,,,,,,https://trends.google.com/trends/explore?date=2018-01-01%202026-08-09&geo=TH&q=%E0%B8%AD%E0%B8%B2%E0%B8%AB%E0%B8%B2%E0%B8%A3%E0%B8%88%E0%B8%B5%E0%B8%99&hl=en,의도어 문법 KFOOD_P03([위약] 중식) x 태국(th),,,[위약] 중식 · TOPIC 후보,KFOOD_ITEM_MASTER_V1
ID|KFOOD|KFOOD_C01,ID,KFOOD,KFOOD_C01,,keyword,makanan Korea,,id,RULE_GRAMMAR,RULE_SELECTED,PENDING_EMPIRICAL,UNKNOWN,PENDING,NOT_YET_TESTED,PENDING_TOPIC_EXTRACTION,,RULE_GENERATED,,,,,,N/A,,GRAMMAR-LOCALIZED-1.0,NOT_REQUIRED,,PENDING_EMPIRICAL_VALIDATION,,,,,,https://trends.google.com/trends/explore?date=2018-01-01%202026-08-09&geo=ID&q=makanan%20Korea&hl=en,의도어 문법 KFOOD_C01(한국 음식 일반) x 인도네시아(id),,,한국 음식 일반 · TOPIC 후보,KFOOD_ITEM_MASTER_V1
ID|KFOOD|KFOOD_C02,ID,KFOOD,KFOOD_C02,,keyword,resep masakan Korea,,id,RULE_GRAMMAR,RULE_SELECTED,PENDING_EMPIRICAL,UNKNOWN,PENDING,NOT_YET_TESTED,PENDING_DOM_EXTRACTION,,RULE_GENERATED,,,,,,N/A,,GRAMMAR-LOCALIZED-1.0,NOT_REQUIRED,,PENDING_EMPIRICAL_VALIDATION,,,,,,https://trends.google.com/trends/explore?date=2018-01-01%202026-08-09&geo=ID&q=resep%20masakan%20Korea&hl=en,의도어 문법 KFOOD_C02(한국 요리법 (가정조리)) x 인도네시아(id),,,한국 요리법 (가정조리),KFOOD_ITEM_MASTER_V1
ID|KFOOD|KFOOD_C03,ID,KFOOD,KFOOD_C03,,keyword,restoran Korea,,id,RULE_GRAMMAR,RULE_SELECTED,PENDING_EMPIRICAL,UNKNOWN,PENDING,NOT_YET_TESTED,PENDING_DOM_EXTRACTION,,RULE_GENERATED,,,,,,N/A,,GRAMMAR-LOCALIZED-1.0,NOT_REQUIRED,,PENDING_EMPIRICAL_VALIDATION,,,,,,https://trends.google.com/trends/explore?date=2018-01-01%202026-08-09&geo=ID&q=restoran%20Korea&hl=en,의도어 문법 KFOOD_C03(한식당 (외식)) x 인도네시아(id),,,한식당 (외식),KFOOD_ITEM_MASTER_V1
ID|KFOOD|KFOOD_I01,ID,KFOOD,KFOOD_I01,,keyword,ramyeon Korea,,id,FROZEN_ITEM_MASTER,RULE_SELECTED,PENDING_EMPIRICAL,UNKNOWN,PENDING,NOT_YET_TESTED,PENDING_TOPIC_EXTRACTION,,RULE_GENERATED,,,,,,N/A,,ITEM-MASTER-TRANSLATED-1.0,NOT_REQUIRED,,PENDING_EMPIRICAL_VALIDATION,,,,,,https://trends.google.com/trends/explore?date=2018-01-01%202026-08-09&geo=ID&q=ramyeon%20Korea&hl=en,동결 품목 190230 의 소비자 검색어 번역 x 인도네시아(id),,'ramen' 단독은 일식을 가리킨다. 전 언어에서 한국 수식어를 붙였으나 그만큼 검색량이 줄어 과소측정 가능,라면 · TOPIC 후보,KFOOD_ITEM_MASTER_V1
ID|KFOOD|KFOOD_I02,ID,KFOOD,KFOOD_I02,,keyword,kimchi,,id,FROZEN_ITEM_MASTER,RULE_SELECTED,PENDING_EMPIRICAL,UNKNOWN,PENDING,NOT_YET_TESTED,PENDING_TOPIC_EXTRACTION,,RULE_GENERATED,,,,,,N/A,,ITEM-MASTER-TRANSLATED-1.0,NOT_REQUIRED,,PENDING_EMPIRICAL_VALIDATION,,,,,,https://trends.google.com/trends/explore?date=2018-01-01%202026-08-09&geo=ID&q=kimchi&hl=en,동결 품목 200599 의 소비자 검색어 번역 x 인도네시아(id),,일본은 자국산 김치를 대량 생산해 JP 신호에 국산 수요가 섞인다,김치 · TOPIC 후보,KFOOD_ITEM_MASTER_V1
ID|KFOOD|KFOOD_I03,ID,KFOOD,KFOOD_I03,,keyword,rumput laut Korea,,id,FROZEN_ITEM_MASTER,RULE_SELECTED,PENDING_EMPIRICAL,UNKNOWN,PENDING,NOT_YET_TESTED,PENDING_DOM_EXTRACTION,,RULE_GENERATED,,,,,,N/A,,ITEM-MASTER-TRANSLATED-1.0,NOT_REQUIRED,,PENDING_EMPIRICAL_VALIDATION,,,,,,https://trends.google.com/trends/explore?date=2018-01-01%202026-08-09&geo=ID&q=rumput%20laut%20Korea&hl=en,동결 품목 121221 의 소비자 검색어 번역 x 인도네시아(id),,일본어 のり 단독은 일본산 김. 韓国のり 로 한정,김 (조미김),KFOOD_ITEM_MASTER_V1
ID|KFOOD|KFOOD_I04,ID,KFOOD,KFOOD_I04,,keyword,gochujang,,id,FROZEN_ITEM_MASTER,RULE_SELECTED,PENDING_EMPIRICAL,UNKNOWN,PENDING,NOT_YET_TESTED,PENDING_TOPIC_EXTRACTION,,RULE_GENERATED,,,,,,N/A,,ITEM-MASTER-TRANSLATED-1.0,NOT_REQUIRED,,PENDING_EMPIRICAL_VALIDATION,,,,,,https://trends.google.com/trends/explore?date=2018-01-01%202026-08-09&geo=ID&q=gochujang&hl=en,동결 품목 210390 의 소비자 검색어 번역 x 인도네시아(id),,,고추장·소스 · TOPIC 후보,KFOOD_ITEM_MASTER_V1
ID|KFOOD|KFOOD_I05,ID,KFOOD,KFOOD_I05,,keyword,soju,,id,FROZEN_ITEM_MASTER,RULE_SELECTED,PENDING_EMPIRICAL,UNKNOWN,PENDING,NOT_YET_TESTED,PENDING_TOPIC_EXTRACTION,,RULE_GENERATED,,,,,,N/A,,ITEM-MASTER-TRANSLATED-1.0,NOT_REQUIRED,,PENDING_EMPIRICAL_VALIDATION,,,,,,https://trends.google.com/trends/explore?date=2018-01-01%202026-08-09&geo=ID&q=soju&hl=en,동결 품목 220890·220870 의 소비자 검색어 번역 x 인도네시아(id),,일본어 焼酎 는 일본 소주다. 韓国焼酎 로 한정했으나 ソジュ 표기와 분산될 수 있음,소주 · TOPIC 후보,KFOOD_ITEM_MASTER_V1
ID|KFOOD|KFOOD_I06,ID,KFOOD,KFOOD_I06,,keyword,snack Korea,,id,FROZEN_ITEM_MASTER,RULE_SELECTED,PENDING_EMPIRICAL,UNKNOWN,PENDING,NOT_YET_TESTED,PENDING_DOM_EXTRACTION,,RULE_GENERATED,,,,,,N/A,,ITEM-MASTER-TRANSLATED-1.0,NOT_REQUIRED,,PENDING_EMPIRICAL_VALIDATION,,,,,,https://trends.google.com/trends/explore?date=2018-01-01%202026-08-09&geo=ID&q=snack%20Korea&hl=en,동결 품목 190590·190410·170490 의 소비자 검색어 번역 x 인도네시아(id),,과자는 HS 3개 통합 개념이라 품목 대응이 1:1 이 아니다,한국 과자,KFOOD_ITEM_MASTER_V1
ID|KFOOD|KFOOD_I07,ID,KFOOD,KFOOD_I07,,keyword,ginseng Korea,,id,FROZEN_ITEM_MASTER,RULE_SELECTED,PENDING_EMPIRICAL,UNKNOWN,PENDING,NOT_YET_TESTED,PENDING_TOPIC_EXTRACTION,,RULE_GENERATED,,,,,,N/A,,ITEM-MASTER-TRANSLATED-1.0,NOT_REQUIRED,,PENDING_EMPIRICAL_VALIDATION,,,,,,https://trends.google.com/trends/explore?date=2018-01-01%202026-08-09&geo=ID&q=ginseng%20Korea&hl=en,동결 품목 121120 의 소비자 검색어 번역 x 인도네시아(id),,,인삼·홍삼 · TOPIC 후보,KFOOD_ITEM_MASTER_V1
ID|KFOOD|KFOOD_I08,ID,KFOOD,KFOOD_I08,,keyword,kopi instan Korea,,id,FROZEN_ITEM_MASTER,RULE_SELECTED,PENDING_EMPIRICAL,UNKNOWN,PENDING,NOT_YET_TESTED,PENDING_DOM_EXTRACTION,,RULE_GENERATED,,,,,,N/A,,ITEM-MASTER-TRANSLATED-1.0,NOT_REQUIRED,,PENDING_EMPIRICAL_VALIDATION,,,,,,https://trends.google.com/trends/explore?date=2018-01-01%202026-08-09&geo=ID&q=kopi%20instan%20Korea&hl=en,동결 품목 210111 의 소비자 검색어 번역 x 인도네시아(id),,,커피믹스,KFOOD_ITEM_MASTER_V1
ID|KFOOD|KFOOD_I09,ID,KFOOD,KFOOD_I09,,keyword,fish cake Korea,,id,FROZEN_ITEM_MASTER,RULE_SELECTED,PENDING_EMPIRICAL,UNKNOWN,PENDING,NOT_YET_TESTED,PENDING_DOM_EXTRACTION,,RULE_GENERATED,,,,,,N/A,,ITEM-MASTER-TRANSLATED-1.0,NOT_REQUIRED,,PENDING_EMPIRICAL_VALIDATION,,,,,,https://trends.google.com/trends/explore?date=2018-01-01%202026-08-09&geo=ID&q=fish%20cake%20Korea&hl=en,동결 품목 160420 의 소비자 검색어 번역 x 인도네시아(id),,직역어라 실제 검색되지 않을 가능성이 높다 — 실증에서 탈락 예상,어묵,KFOOD_ITEM_MASTER_V1
ID|KFOOD|KFOOD_I10,ID,KFOOD,KFOOD_I10,,keyword,bir Korea,,id,FROZEN_ITEM_MASTER,RULE_SELECTED,PENDING_EMPIRICAL,UNKNOWN,PENDING,NOT_YET_TESTED,PENDING_DOM_EXTRACTION,,RULE_GENERATED,,,,,,N/A,,ITEM-MASTER-TRANSLATED-1.0,NOT_REQUIRED,,PENDING_EMPIRICAL_VALIDATION,,,,,,https://trends.google.com/trends/explore?date=2018-01-01%202026-08-09&geo=ID&q=bir%20Korea&hl=en,동결 품목 220300 의 소비자 검색어 번역 x 인도네시아(id),,,한국 맥주,KFOOD_ITEM_MASTER_V1
ID|KFOOD|KFOOD_I11,ID,KFOOD,KFOOD_I11,,keyword,nasi instan Korea,,id,FROZEN_ITEM_MASTER,RULE_SELECTED,PENDING_EMPIRICAL,UNKNOWN,PENDING,NOT_YET_TESTED,PENDING_DOM_EXTRACTION,,RULE_GENERATED,,,,,,N/A,,ITEM-MASTER-TRANSLATED-1.0,NOT_REQUIRED,,PENDING_EMPIRICAL_VALIDATION,,,,,,https://trends.google.com/trends/explore?date=2018-01-01%202026-08-09&geo=ID&q=nasi%20instan%20Korea&hl=en,동결 품목 190490 의 소비자 검색어 번역 x 인도네시아(id),,,즉석밥,KFOOD_ITEM_MASTER_V1
ID|KFOOD|KFOOD_I12,ID,KFOOD,KFOOD_I12,,keyword,stroberi Korea,,id,FROZEN_ITEM_MASTER,RULE_SELECTED,PENDING_EMPIRICAL,UNKNOWN,PENDING,NOT_YET_TESTED,PENDING_DOM_EXTRACTION,,RULE_GENERATED,,,,,,N/A,,ITEM-MASTER-TRANSLATED-1.0,NOT_REQUIRED,,PENDING_EMPIRICAL_VALIDATION,,,,,,https://trends.google.com/trends/explore?date=2018-01-01%202026-08-09&geo=ID&q=stroberi%20Korea&hl=en,동결 품목 081010 의 소비자 검색어 번역 x 인도네시아(id),,신선 딸기는 계절성이 극단적이라 월별 원계열로는 추세 판독 불가,한국 딸기,KFOOD_ITEM_MASTER_V1
ID|KFOOD|KFOOD_I13,ID,KFOOD,KFOOD_I13,,keyword,es krim Korea,,id,FROZEN_ITEM_MASTER,RULE_SELECTED,PENDING_EMPIRICAL,UNKNOWN,PENDING,NOT_YET_TESTED,PENDING_DOM_EXTRACTION,,RULE_GENERATED,,,,,,N/A,,ITEM-MASTER-TRANSLATED-1.0,NOT_REQUIRED,,PENDING_EMPIRICAL_VALIDATION,,,,,,https://trends.google.com/trends/explore?date=2018-01-01%202026-08-09&geo=ID&q=es%20krim%20Korea&hl=en,동결 품목 210500 의 소비자 검색어 번역 x 인도네시아(id),,,한국 아이스크림,KFOOD_ITEM_MASTER_V1
ID|KFOOD|KFOOD_I14,ID,KFOOD,KFOOD_I14,,keyword,minuman Korea,,id,FROZEN_ITEM_MASTER,RULE_SELECTED,PENDING_EMPIRICAL,UNKNOWN,PENDING,NOT_YET_TESTED,PENDING_DOM_EXTRACTION,,RULE_GENERATED,,,,,,N/A,,ITEM-MASTER-TRANSLATED-1.0,NOT_REQUIRED,,PENDING_EMPIRICAL_VALIDATION,,,,,,https://trends.google.com/trends/explore?date=2018-01-01%202026-08-09&geo=ID&q=minuman%20Korea&hl=en,동결 품목 220299·220210 의 소비자 검색어 번역 x 인도네시아(id),,'한국 음료'는 총칭이라 특정 제품 검색과 어긋날 수 있음,한국 음료,KFOOD_ITEM_MASTER_V1
ID|KFOOD|KFOOD_P01,ID,KFOOD,KFOOD_P01,,keyword,makanan Jepang,,id,RULE_GRAMMAR,RULE_SELECTED,PENDING_EMPIRICAL,UNKNOWN,PENDING,NOT_YET_TESTED,PENDING_TOPIC_EXTRACTION,,RULE_GENERATED,,,,,,N/A,,GRAMMAR-LOCALIZED-1.0,NOT_REQUIRED,,PENDING_EMPIRICAL_VALIDATION,,,,,,https://trends.google.com/trends/explore?date=2018-01-01%202026-08-09&geo=ID&q=makanan%20Jepang&hl=en,의도어 문법 KFOOD_P01([위약] 일식) x 인도네시아(id),,위약이지만 한식·일식은 대체재이자 보완재라 부호가 양쪽 다 가능 — 계수 부호까지 함께 볼 것,[위약] 일식 · TOPIC 후보,KFOOD_ITEM_MASTER_V1
ID|KFOOD|KFOOD_P02,ID,KFOOD,KFOOD_P02,,keyword,makanan Thailand,,id,RULE_GRAMMAR,RULE_SELECTED,PENDING_EMPIRICAL,UNKNOWN,PENDING,NOT_YET_TESTED,PENDING_TOPIC_EXTRACTION,,RULE_GENERATED,,,,,,N/A,,GRAMMAR-LOCALIZED-1.0,NOT_REQUIRED,,PENDING_EMPIRICAL_VALIDATION,,,,,,https://trends.google.com/trends/explore?date=2018-01-01%202026-08-09&geo=ID&q=makanan%20Thailand&hl=en,의도어 문법 KFOOD_P02([위약] 태국 음식) x 인도네시아(id),,,[위약] 태국 음식 · TOPIC 후보,KFOOD_ITEM_MASTER_V1
ID|KFOOD|KFOOD_P03,ID,KFOOD,KFOOD_P03,,keyword,makanan Cina,,id,RULE_GRAMMAR,RULE_SELECTED,PENDING_EMPIRICAL,UNKNOWN,PENDING,NOT_YET_TESTED,PENDING_TOPIC_EXTRACTION,,RULE_GENERATED,,,,,,N/A,,GRAMMAR-LOCALIZED-1.0,NOT_REQUIRED,,PENDING_EMPIRICAL_VALIDATION,,,,,,https://trends.google.com/trends/explore?date=2018-01-01%202026-08-09&geo=ID&q=makanan%20Cina&hl=en,의도어 문법 KFOOD_P03([위약] 중식) x 인도네시아(id),,,[위약] 중식 · TOPIC 후보,KFOOD_ITEM_MASTER_V1
FR|KFOOD|KFOOD_C01,FR,KFOOD,KFOOD_C01,,keyword,cuisine coréenne,,fr,RULE_GRAMMAR,RULE_SELECTED,PENDING_EMPIRICAL,UNKNOWN,PENDING,NOT_YET_TESTED,PENDING_TOPIC_EXTRACTION,,RULE_GENERATED,,,,,,N/A,,GRAMMAR-LOCALIZED-1.0,NOT_REQUIRED,,PENDING_EMPIRICAL_VALIDATION,,,,,,https://trends.google.com/trends/explore?date=2018-01-01%202026-08-09&geo=FR&q=cuisine%20cor%C3%A9enne&hl=en,의도어 문법 KFOOD_C01(한국 음식 일반) x 프랑스(fr),,,한국 음식 일반 · TOPIC 후보,KFOOD_ITEM_MASTER_V1
FR|KFOOD|KFOOD_C02,FR,KFOOD,KFOOD_C02,,keyword,recette coréenne,,fr,RULE_GRAMMAR,RULE_SELECTED,PENDING_EMPIRICAL,UNKNOWN,PENDING,NOT_YET_TESTED,PENDING_DOM_EXTRACTION,,RULE_GENERATED,,,,,,N/A,,GRAMMAR-LOCALIZED-1.0,NOT_REQUIRED,,PENDING_EMPIRICAL_VALIDATION,,,,,,https://trends.google.com/trends/explore?date=2018-01-01%202026-08-09&geo=FR&q=recette%20cor%C3%A9enne&hl=en,의도어 문법 KFOOD_C02(한국 요리법 (가정조리)) x 프랑스(fr),,,한국 요리법 (가정조리),KFOOD_ITEM_MASTER_V1
FR|KFOOD|KFOOD_C03,FR,KFOOD,KFOOD_C03,,keyword,restaurant coréen,,fr,RULE_GRAMMAR,RULE_SELECTED,PENDING_EMPIRICAL,UNKNOWN,PENDING,NOT_YET_TESTED,PENDING_DOM_EXTRACTION,,RULE_GENERATED,,,,,,N/A,,GRAMMAR-LOCALIZED-1.0,NOT_REQUIRED,,PENDING_EMPIRICAL_VALIDATION,,,,,,https://trends.google.com/trends/explore?date=2018-01-01%202026-08-09&geo=FR&q=restaurant%20cor%C3%A9en&hl=en,의도어 문법 KFOOD_C03(한식당 (외식)) x 프랑스(fr),,,한식당 (외식),KFOOD_ITEM_MASTER_V1
FR|KFOOD|KFOOD_I01,FR,KFOOD,KFOOD_I01,,keyword,ramen coréen,,fr,FROZEN_ITEM_MASTER,RULE_SELECTED,PENDING_EMPIRICAL,UNKNOWN,PENDING,NOT_YET_TESTED,PENDING_TOPIC_EXTRACTION,,RULE_GENERATED,,,,,,N/A,,ITEM-MASTER-TRANSLATED-1.0,NOT_REQUIRED,,PENDING_EMPIRICAL_VALIDATION,,,,,,https://trends.google.com/trends/explore?date=2018-01-01%202026-08-09&geo=FR&q=ramen%20cor%C3%A9en&hl=en,동결 품목 190230 의 소비자 검색어 번역 x 프랑스(fr),,'ramen' 단독은 일식을 가리킨다. 전 언어에서 한국 수식어를 붙였으나 그만큼 검색량이 줄어 과소측정 가능,라면 · TOPIC 후보,KFOOD_ITEM_MASTER_V1
FR|KFOOD|KFOOD_I02,FR,KFOOD,KFOOD_I02,,keyword,kimchi,,fr,FROZEN_ITEM_MASTER,RULE_SELECTED,PENDING_EMPIRICAL,UNKNOWN,PENDING,NOT_YET_TESTED,PENDING_TOPIC_EXTRACTION,,RULE_GENERATED,,,,,,N/A,,ITEM-MASTER-TRANSLATED-1.0,NOT_REQUIRED,,PENDING_EMPIRICAL_VALIDATION,,,,,,https://trends.google.com/trends/explore?date=2018-01-01%202026-08-09&geo=FR&q=kimchi&hl=en,동결 품목 200599 의 소비자 검색어 번역 x 프랑스(fr),,일본은 자국산 김치를 대량 생산해 JP 신호에 국산 수요가 섞인다,김치 · TOPIC 후보,KFOOD_ITEM_MASTER_V1
FR|KFOOD|KFOOD_I03,FR,KFOOD,KFOOD_I03,,keyword,algues coréennes,,fr,FROZEN_ITEM_MASTER,RULE_SELECTED,PENDING_EMPIRICAL,UNKNOWN,PENDING,NOT_YET_TESTED,PENDING_DOM_EXTRACTION,,RULE_GENERATED,,,,,,N/A,,ITEM-MASTER-TRANSLATED-1.0,NOT_REQUIRED,,PENDING_EMPIRICAL_VALIDATION,,,,,,https://trends.google.com/trends/explore?date=2018-01-01%202026-08-09&geo=FR&q=algues%20cor%C3%A9ennes&hl=en,동결 품목 121221 의 소비자 검색어 번역 x 프랑스(fr),,일본어 のり 단독은 일본산 김. 韓国のり 로 한정,김 (조미김),KFOOD_ITEM_MASTER_V1
FR|KFOOD|KFOOD_I04,FR,KFOOD,KFOOD_I04,,keyword,gochujang,,fr,FROZEN_ITEM_MASTER,RULE_SELECTED,PENDING_EMPIRICAL,UNKNOWN,PENDING,NOT_YET_TESTED,PENDING_TOPIC_EXTRACTION,,RULE_GENERATED,,,,,,N/A,,ITEM-MASTER-TRANSLATED-1.0,NOT_REQUIRED,,PENDING_EMPIRICAL_VALIDATION,,,,,,https://trends.google.com/trends/explore?date=2018-01-01%202026-08-09&geo=FR&q=gochujang&hl=en,동결 품목 210390 의 소비자 검색어 번역 x 프랑스(fr),,,고추장·소스 · TOPIC 후보,KFOOD_ITEM_MASTER_V1
FR|KFOOD|KFOOD_I05,FR,KFOOD,KFOOD_I05,,keyword,soju,,fr,FROZEN_ITEM_MASTER,RULE_SELECTED,PENDING_EMPIRICAL,UNKNOWN,PENDING,NOT_YET_TESTED,PENDING_TOPIC_EXTRACTION,,RULE_GENERATED,,,,,,N/A,,ITEM-MASTER-TRANSLATED-1.0,NOT_REQUIRED,,PENDING_EMPIRICAL_VALIDATION,,,,,,https://trends.google.com/trends/explore?date=2018-01-01%202026-08-09&geo=FR&q=soju&hl=en,동결 품목 220890·220870 의 소비자 검색어 번역 x 프랑스(fr),,일본어 焼酎 는 일본 소주다. 韓国焼酎 로 한정했으나 ソジュ 표기와 분산될 수 있음,소주 · TOPIC 후보,KFOOD_ITEM_MASTER_V1
FR|KFOOD|KFOOD_I06,FR,KFOOD,KFOOD_I06,,keyword,snacks coréens,,fr,FROZEN_ITEM_MASTER,RULE_SELECTED,PENDING_EMPIRICAL,UNKNOWN,PENDING,NOT_YET_TESTED,PENDING_DOM_EXTRACTION,,RULE_GENERATED,,,,,,N/A,,ITEM-MASTER-TRANSLATED-1.0,NOT_REQUIRED,,PENDING_EMPIRICAL_VALIDATION,,,,,,https://trends.google.com/trends/explore?date=2018-01-01%202026-08-09&geo=FR&q=snacks%20cor%C3%A9ens&hl=en,동결 품목 190590·190410·170490 의 소비자 검색어 번역 x 프랑스(fr),,과자는 HS 3개 통합 개념이라 품목 대응이 1:1 이 아니다,한국 과자,KFOOD_ITEM_MASTER_V1
FR|KFOOD|KFOOD_I07,FR,KFOOD,KFOOD_I07,,keyword,ginseng coréen,,fr,FROZEN_ITEM_MASTER,RULE_SELECTED,PENDING_EMPIRICAL,UNKNOWN,PENDING,NOT_YET_TESTED,PENDING_TOPIC_EXTRACTION,,RULE_GENERATED,,,,,,N/A,,ITEM-MASTER-TRANSLATED-1.0,NOT_REQUIRED,,PENDING_EMPIRICAL_VALIDATION,,,,,,https://trends.google.com/trends/explore?date=2018-01-01%202026-08-09&geo=FR&q=ginseng%20cor%C3%A9en&hl=en,동결 품목 121120 의 소비자 검색어 번역 x 프랑스(fr),,,인삼·홍삼 · TOPIC 후보,KFOOD_ITEM_MASTER_V1
FR|KFOOD|KFOOD_I08,FR,KFOOD,KFOOD_I08,,keyword,café instantané coréen,,fr,FROZEN_ITEM_MASTER,RULE_SELECTED,PENDING_EMPIRICAL,UNKNOWN,PENDING,NOT_YET_TESTED,PENDING_DOM_EXTRACTION,,RULE_GENERATED,,,,,,N/A,,ITEM-MASTER-TRANSLATED-1.0,NOT_REQUIRED,,PENDING_EMPIRICAL_VALIDATION,,,,,,https://trends.google.com/trends/explore?date=2018-01-01%202026-08-09&geo=FR&q=caf%C3%A9%20instantan%C3%A9%20cor%C3%A9en&hl=en,동결 품목 210111 의 소비자 검색어 번역 x 프랑스(fr),,,커피믹스,KFOOD_ITEM_MASTER_V1
FR|KFOOD|KFOOD_I09,FR,KFOOD,KFOOD_I09,,keyword,gâteau de poisson coréen,,fr,FROZEN_ITEM_MASTER,RULE_SELECTED,PENDING_EMPIRICAL,UNKNOWN,PENDING,NOT_YET_TESTED,PENDING_DOM_EXTRACTION,,RULE_GENERATED,,,,,,N/A,,ITEM-MASTER-TRANSLATED-1.0,NOT_REQUIRED,,PENDING_EMPIRICAL_VALIDATION,,,,,,https://trends.google.com/trends/explore?date=2018-01-01%202026-08-09&geo=FR&q=g%C3%A2teau%20de%20poisson%20cor%C3%A9en&hl=en,동결 품목 160420 의 소비자 검색어 번역 x 프랑스(fr),,직역어라 실제 검색되지 않을 가능성이 높다 — 실증에서 탈락 예상,어묵,KFOOD_ITEM_MASTER_V1
FR|KFOOD|KFOOD_I10,FR,KFOOD,KFOOD_I10,,keyword,bière coréenne,,fr,FROZEN_ITEM_MASTER,RULE_SELECTED,PENDING_EMPIRICAL,UNKNOWN,PENDING,NOT_YET_TESTED,PENDING_DOM_EXTRACTION,,RULE_GENERATED,,,,,,N/A,,ITEM-MASTER-TRANSLATED-1.0,NOT_REQUIRED,,PENDING_EMPIRICAL_VALIDATION,,,,,,https://trends.google.com/trends/explore?date=2018-01-01%202026-08-09&geo=FR&q=bi%C3%A8re%20cor%C3%A9enne&hl=en,동결 품목 220300 의 소비자 검색어 번역 x 프랑스(fr),,,한국 맥주,KFOOD_ITEM_MASTER_V1
FR|KFOOD|KFOOD_I11,FR,KFOOD,KFOOD_I11,,keyword,riz instantané coréen,,fr,FROZEN_ITEM_MASTER,RULE_SELECTED,PENDING_EMPIRICAL,UNKNOWN,PENDING,NOT_YET_TESTED,PENDING_DOM_EXTRACTION,,RULE_GENERATED,,,,,,N/A,,ITEM-MASTER-TRANSLATED-1.0,NOT_REQUIRED,,PENDING_EMPIRICAL_VALIDATION,,,,,,https://trends.google.com/trends/explore?date=2018-01-01%202026-08-09&geo=FR&q=riz%20instantan%C3%A9%20cor%C3%A9en&hl=en,동결 품목 190490 의 소비자 검색어 번역 x 프랑스(fr),,,즉석밥,KFOOD_ITEM_MASTER_V1
FR|KFOOD|KFOOD_I12,FR,KFOOD,KFOOD_I12,,keyword,fraise coréenne,,fr,FROZEN_ITEM_MASTER,RULE_SELECTED,PENDING_EMPIRICAL,UNKNOWN,PENDING,NOT_YET_TESTED,PENDING_DOM_EXTRACTION,,RULE_GENERATED,,,,,,N/A,,ITEM-MASTER-TRANSLATED-1.0,NOT_REQUIRED,,PENDING_EMPIRICAL_VALIDATION,,,,,,https://trends.google.com/trends/explore?date=2018-01-01%202026-08-09&geo=FR&q=fraise%20cor%C3%A9enne&hl=en,동결 품목 081010 의 소비자 검색어 번역 x 프랑스(fr),,신선 딸기는 계절성이 극단적이라 월별 원계열로는 추세 판독 불가,한국 딸기,KFOOD_ITEM_MASTER_V1
FR|KFOOD|KFOOD_I13,FR,KFOOD,KFOOD_I13,,keyword,glace coréenne,,fr,FROZEN_ITEM_MASTER,RULE_SELECTED,PENDING_EMPIRICAL,UNKNOWN,PENDING,NOT_YET_TESTED,PENDING_DOM_EXTRACTION,,RULE_GENERATED,,,,,,N/A,,ITEM-MASTER-TRANSLATED-1.0,NOT_REQUIRED,,PENDING_EMPIRICAL_VALIDATION,,,,,,https://trends.google.com/trends/explore?date=2018-01-01%202026-08-09&geo=FR&q=glace%20cor%C3%A9enne&hl=en,동결 품목 210500 의 소비자 검색어 번역 x 프랑스(fr),,,한국 아이스크림,KFOOD_ITEM_MASTER_V1
FR|KFOOD|KFOOD_I14,FR,KFOOD,KFOOD_I14,,keyword,boissons coréennes,,fr,FROZEN_ITEM_MASTER,RULE_SELECTED,PENDING_EMPIRICAL,UNKNOWN,PENDING,NOT_YET_TESTED,PENDING_DOM_EXTRACTION,,RULE_GENERATED,,,,,,N/A,,ITEM-MASTER-TRANSLATED-1.0,NOT_REQUIRED,,PENDING_EMPIRICAL_VALIDATION,,,,,,https://trends.google.com/trends/explore?date=2018-01-01%202026-08-09&geo=FR&q=boissons%20cor%C3%A9ennes&hl=en,동결 품목 220299·220210 의 소비자 검색어 번역 x 프랑스(fr),,'한국 음료'는 총칭이라 특정 제품 검색과 어긋날 수 있음,한국 음료,KFOOD_ITEM_MASTER_V1
FR|KFOOD|KFOOD_P01,FR,KFOOD,KFOOD_P01,,keyword,cuisine japonaise,,fr,RULE_GRAMMAR,RULE_SELECTED,PENDING_EMPIRICAL,UNKNOWN,PENDING,NOT_YET_TESTED,PENDING_TOPIC_EXTRACTION,,RULE_GENERATED,,,,,,N/A,,GRAMMAR-LOCALIZED-1.0,NOT_REQUIRED,,PENDING_EMPIRICAL_VALIDATION,,,,,,https://trends.google.com/trends/explore?date=2018-01-01%202026-08-09&geo=FR&q=cuisine%20japonaise&hl=en,의도어 문법 KFOOD_P01([위약] 일식) x 프랑스(fr),,위약이지만 한식·일식은 대체재이자 보완재라 부호가 양쪽 다 가능 — 계수 부호까지 함께 볼 것,[위약] 일식 · TOPIC 후보,KFOOD_ITEM_MASTER_V1
FR|KFOOD|KFOOD_P02,FR,KFOOD,KFOOD_P02,,keyword,cuisine thaïlandaise,,fr,RULE_GRAMMAR,RULE_SELECTED,PENDING_EMPIRICAL,UNKNOWN,PENDING,NOT_YET_TESTED,PENDING_TOPIC_EXTRACTION,,RULE_GENERATED,,,,,,N/A,,GRAMMAR-LOCALIZED-1.0,NOT_REQUIRED,,PENDING_EMPIRICAL_VALIDATION,,,,,,https://trends.google.com/trends/explore?date=2018-01-01%202026-08-09&geo=FR&q=cuisine%20tha%C3%AFlandaise&hl=en,의도어 문법 KFOOD_P02([위약] 태국 음식) x 프랑스(fr),,,[위약] 태국 음식 · TOPIC 후보,KFOOD_ITEM_MASTER_V1
FR|KFOOD|KFOOD_P03,FR,KFOOD,KFOOD_P03,,keyword,cuisine chinoise,,fr,RULE_GRAMMAR,RULE_SELECTED,PENDING_EMPIRICAL,UNKNOWN,PENDING,NOT_YET_TESTED,PENDING_TOPIC_EXTRACTION,,RULE_GENERATED,,,,,,N/A,,GRAMMAR-LOCALIZED-1.0,NOT_REQUIRED,,PENDING_EMPIRICAL_VALIDATION,,,,,,https://trends.google.com/trends/explore?date=2018-01-01%202026-08-09&geo=FR&q=cuisine%20chinoise&hl=en,의도어 문법 KFOOD_P03([위약] 중식) x 프랑스(fr),,,[위약] 중식 · TOPIC 후보,KFOOD_ITEM_MASTER_V1
DE|KFOOD|KFOOD_C01,DE,KFOOD,KFOOD_C01,,keyword,koreanisches Essen,,de,RULE_GRAMMAR,RULE_SELECTED,PENDING_EMPIRICAL,UNKNOWN,PENDING,NOT_YET_TESTED,PENDING_TOPIC_EXTRACTION,,RULE_GENERATED,,,,,,N/A,,GRAMMAR-LOCALIZED-1.0,NOT_REQUIRED,,PENDING_EMPIRICAL_VALIDATION,,,,,,https://trends.google.com/trends/explore?date=2018-01-01%202026-08-09&geo=DE&q=koreanisches%20Essen&hl=en,의도어 문법 KFOOD_C01(한국 음식 일반) x 독일(de),,,한국 음식 일반 · TOPIC 후보,KFOOD_ITEM_MASTER_V1
DE|KFOOD|KFOOD_C02,DE,KFOOD,KFOOD_C02,,keyword,koreanisches Rezept,,de,RULE_GRAMMAR,RULE_SELECTED,PENDING_EMPIRICAL,UNKNOWN,PENDING,NOT_YET_TESTED,PENDING_DOM_EXTRACTION,,RULE_GENERATED,,,,,,N/A,,GRAMMAR-LOCALIZED-1.0,NOT_REQUIRED,,PENDING_EMPIRICAL_VALIDATION,,,,,,https://trends.google.com/trends/explore?date=2018-01-01%202026-08-09&geo=DE&q=koreanisches%20Rezept&hl=en,의도어 문법 KFOOD_C02(한국 요리법 (가정조리)) x 독일(de),,,한국 요리법 (가정조리),KFOOD_ITEM_MASTER_V1
DE|KFOOD|KFOOD_C03,DE,KFOOD,KFOOD_C03,,keyword,koreanisches Restaurant,,de,RULE_GRAMMAR,RULE_SELECTED,PENDING_EMPIRICAL,UNKNOWN,PENDING,NOT_YET_TESTED,PENDING_DOM_EXTRACTION,,RULE_GENERATED,,,,,,N/A,,GRAMMAR-LOCALIZED-1.0,NOT_REQUIRED,,PENDING_EMPIRICAL_VALIDATION,,,,,,https://trends.google.com/trends/explore?date=2018-01-01%202026-08-09&geo=DE&q=koreanisches%20Restaurant&hl=en,의도어 문법 KFOOD_C03(한식당 (외식)) x 독일(de),,,한식당 (외식),KFOOD_ITEM_MASTER_V1
DE|KFOOD|KFOOD_I01,DE,KFOOD,KFOOD_I01,,keyword,koreanische Ramen,,de,FROZEN_ITEM_MASTER,RULE_SELECTED,PENDING_EMPIRICAL,UNKNOWN,PENDING,NOT_YET_TESTED,PENDING_TOPIC_EXTRACTION,,RULE_GENERATED,,,,,,N/A,,ITEM-MASTER-TRANSLATED-1.0,NOT_REQUIRED,,PENDING_EMPIRICAL_VALIDATION,,,,,,https://trends.google.com/trends/explore?date=2018-01-01%202026-08-09&geo=DE&q=koreanische%20Ramen&hl=en,동결 품목 190230 의 소비자 검색어 번역 x 독일(de),,'ramen' 단독은 일식을 가리킨다. 전 언어에서 한국 수식어를 붙였으나 그만큼 검색량이 줄어 과소측정 가능,라면 · TOPIC 후보,KFOOD_ITEM_MASTER_V1
DE|KFOOD|KFOOD_I02,DE,KFOOD,KFOOD_I02,,keyword,Kimchi,,de,FROZEN_ITEM_MASTER,RULE_SELECTED,PENDING_EMPIRICAL,UNKNOWN,PENDING,NOT_YET_TESTED,PENDING_TOPIC_EXTRACTION,,RULE_GENERATED,,,,,,N/A,,ITEM-MASTER-TRANSLATED-1.0,NOT_REQUIRED,,PENDING_EMPIRICAL_VALIDATION,,,,,,https://trends.google.com/trends/explore?date=2018-01-01%202026-08-09&geo=DE&q=Kimchi&hl=en,동결 품목 200599 의 소비자 검색어 번역 x 독일(de),,일본은 자국산 김치를 대량 생산해 JP 신호에 국산 수요가 섞인다,김치 · TOPIC 후보,KFOOD_ITEM_MASTER_V1
DE|KFOOD|KFOOD_I03,DE,KFOOD,KFOOD_I03,,keyword,koreanische Algen,,de,FROZEN_ITEM_MASTER,RULE_SELECTED,PENDING_EMPIRICAL,UNKNOWN,PENDING,NOT_YET_TESTED,PENDING_DOM_EXTRACTION,,RULE_GENERATED,,,,,,N/A,,ITEM-MASTER-TRANSLATED-1.0,NOT_REQUIRED,,PENDING_EMPIRICAL_VALIDATION,,,,,,https://trends.google.com/trends/explore?date=2018-01-01%202026-08-09&geo=DE&q=koreanische%20Algen&hl=en,동결 품목 121221 의 소비자 검색어 번역 x 독일(de),,일본어 のり 단독은 일본산 김. 韓国のり 로 한정,김 (조미김),KFOOD_ITEM_MASTER_V1
DE|KFOOD|KFOOD_I04,DE,KFOOD,KFOOD_I04,,keyword,Gochujang,,de,FROZEN_ITEM_MASTER,RULE_SELECTED,PENDING_EMPIRICAL,UNKNOWN,PENDING,NOT_YET_TESTED,PENDING_TOPIC_EXTRACTION,,RULE_GENERATED,,,,,,N/A,,ITEM-MASTER-TRANSLATED-1.0,NOT_REQUIRED,,PENDING_EMPIRICAL_VALIDATION,,,,,,https://trends.google.com/trends/explore?date=2018-01-01%202026-08-09&geo=DE&q=Gochujang&hl=en,동결 품목 210390 의 소비자 검색어 번역 x 독일(de),,,고추장·소스 · TOPIC 후보,KFOOD_ITEM_MASTER_V1
DE|KFOOD|KFOOD_I05,DE,KFOOD,KFOOD_I05,,keyword,Soju,,de,FROZEN_ITEM_MASTER,RULE_SELECTED,PENDING_EMPIRICAL,UNKNOWN,PENDING,NOT_YET_TESTED,PENDING_TOPIC_EXTRACTION,,RULE_GENERATED,,,,,,N/A,,ITEM-MASTER-TRANSLATED-1.0,NOT_REQUIRED,,PENDING_EMPIRICAL_VALIDATION,,,,,,https://trends.google.com/trends/explore?date=2018-01-01%202026-08-09&geo=DE&q=Soju&hl=en,동결 품목 220890·220870 의 소비자 검색어 번역 x 독일(de),,일본어 焼酎 는 일본 소주다. 韓国焼酎 로 한정했으나 ソジュ 표기와 분산될 수 있음,소주 · TOPIC 후보,KFOOD_ITEM_MASTER_V1
DE|KFOOD|KFOOD_I06,DE,KFOOD,KFOOD_I06,,keyword,koreanische Snacks,,de,FROZEN_ITEM_MASTER,RULE_SELECTED,PENDING_EMPIRICAL,UNKNOWN,PENDING,NOT_YET_TESTED,PENDING_DOM_EXTRACTION,,RULE_GENERATED,,,,,,N/A,,ITEM-MASTER-TRANSLATED-1.0,NOT_REQUIRED,,PENDING_EMPIRICAL_VALIDATION,,,,,,https://trends.google.com/trends/explore?date=2018-01-01%202026-08-09&geo=DE&q=koreanische%20Snacks&hl=en,동결 품목 190590·190410·170490 의 소비자 검색어 번역 x 독일(de),,과자는 HS 3개 통합 개념이라 품목 대응이 1:1 이 아니다,한국 과자,KFOOD_ITEM_MASTER_V1
DE|KFOOD|KFOOD_I07,DE,KFOOD,KFOOD_I07,,keyword,koreanischer Ginseng,,de,FROZEN_ITEM_MASTER,RULE_SELECTED,PENDING_EMPIRICAL,UNKNOWN,PENDING,NOT_YET_TESTED,PENDING_TOPIC_EXTRACTION,,RULE_GENERATED,,,,,,N/A,,ITEM-MASTER-TRANSLATED-1.0,NOT_REQUIRED,,PENDING_EMPIRICAL_VALIDATION,,,,,,https://trends.google.com/trends/explore?date=2018-01-01%202026-08-09&geo=DE&q=koreanischer%20Ginseng&hl=en,동결 품목 121120 의 소비자 검색어 번역 x 독일(de),,,인삼·홍삼 · TOPIC 후보,KFOOD_ITEM_MASTER_V1
DE|KFOOD|KFOOD_I08,DE,KFOOD,KFOOD_I08,,keyword,koreanischer Instantkaffee,,de,FROZEN_ITEM_MASTER,RULE_SELECTED,PENDING_EMPIRICAL,UNKNOWN,PENDING,NOT_YET_TESTED,PENDING_DOM_EXTRACTION,,RULE_GENERATED,,,,,,N/A,,ITEM-MASTER-TRANSLATED-1.0,NOT_REQUIRED,,PENDING_EMPIRICAL_VALIDATION,,,,,,https://trends.google.com/trends/explore?date=2018-01-01%202026-08-09&geo=DE&q=koreanischer%20Instantkaffee&hl=en,동결 품목 210111 의 소비자 검색어 번역 x 독일(de),,,커피믹스,KFOOD_ITEM_MASTER_V1
DE|KFOOD|KFOOD_I09,DE,KFOOD,KFOOD_I09,,keyword,koreanischer Fischkuchen,,de,FROZEN_ITEM_MASTER,RULE_SELECTED,PENDING_EMPIRICAL,UNKNOWN,PENDING,NOT_YET_TESTED,PENDING_DOM_EXTRACTION,,RULE_GENERATED,,,,,,N/A,,ITEM-MASTER-TRANSLATED-1.0,NOT_REQUIRED,,PENDING_EMPIRICAL_VALIDATION,,,,,,https://trends.google.com/trends/explore?date=2018-01-01%202026-08-09&geo=DE&q=koreanischer%20Fischkuchen&hl=en,동결 품목 160420 의 소비자 검색어 번역 x 독일(de),,직역어라 실제 검색되지 않을 가능성이 높다 — 실증에서 탈락 예상,어묵,KFOOD_ITEM_MASTER_V1
DE|KFOOD|KFOOD_I10,DE,KFOOD,KFOOD_I10,,keyword,koreanisches Bier,,de,FROZEN_ITEM_MASTER,RULE_SELECTED,PENDING_EMPIRICAL,UNKNOWN,PENDING,NOT_YET_TESTED,PENDING_DOM_EXTRACTION,,RULE_GENERATED,,,,,,N/A,,ITEM-MASTER-TRANSLATED-1.0,NOT_REQUIRED,,PENDING_EMPIRICAL_VALIDATION,,,,,,https://trends.google.com/trends/explore?date=2018-01-01%202026-08-09&geo=DE&q=koreanisches%20Bier&hl=en,동결 품목 220300 의 소비자 검색어 번역 x 독일(de),,,한국 맥주,KFOOD_ITEM_MASTER_V1
DE|KFOOD|KFOOD_I11,DE,KFOOD,KFOOD_I11,,keyword,koreanischer Instantreis,,de,FROZEN_ITEM_MASTER,RULE_SELECTED,PENDING_EMPIRICAL,UNKNOWN,PENDING,NOT_YET_TESTED,PENDING_DOM_EXTRACTION,,RULE_GENERATED,,,,,,N/A,,ITEM-MASTER-TRANSLATED-1.0,NOT_REQUIRED,,PENDING_EMPIRICAL_VALIDATION,,,,,,https://trends.google.com/trends/explore?date=2018-01-01%202026-08-09&geo=DE&q=koreanischer%20Instantreis&hl=en,동결 품목 190490 의 소비자 검색어 번역 x 독일(de),,,즉석밥,KFOOD_ITEM_MASTER_V1
DE|KFOOD|KFOOD_I12,DE,KFOOD,KFOOD_I12,,keyword,koreanische Erdbeeren,,de,FROZEN_ITEM_MASTER,RULE_SELECTED,PENDING_EMPIRICAL,UNKNOWN,PENDING,NOT_YET_TESTED,PENDING_DOM_EXTRACTION,,RULE_GENERATED,,,,,,N/A,,ITEM-MASTER-TRANSLATED-1.0,NOT_REQUIRED,,PENDING_EMPIRICAL_VALIDATION,,,,,,https://trends.google.com/trends/explore?date=2018-01-01%202026-08-09&geo=DE&q=koreanische%20Erdbeeren&hl=en,동결 품목 081010 의 소비자 검색어 번역 x 독일(de),,신선 딸기는 계절성이 극단적이라 월별 원계열로는 추세 판독 불가,한국 딸기,KFOOD_ITEM_MASTER_V1
DE|KFOOD|KFOOD_I13,DE,KFOOD,KFOOD_I13,,keyword,koreanisches Eis,,de,FROZEN_ITEM_MASTER,RULE_SELECTED,PENDING_EMPIRICAL,UNKNOWN,PENDING,NOT_YET_TESTED,PENDING_DOM_EXTRACTION,,RULE_GENERATED,,,,,,N/A,,ITEM-MASTER-TRANSLATED-1.0,NOT_REQUIRED,,PENDING_EMPIRICAL_VALIDATION,,,,,,https://trends.google.com/trends/explore?date=2018-01-01%202026-08-09&geo=DE&q=koreanisches%20Eis&hl=en,동결 품목 210500 의 소비자 검색어 번역 x 독일(de),,,한국 아이스크림,KFOOD_ITEM_MASTER_V1
DE|KFOOD|KFOOD_I14,DE,KFOOD,KFOOD_I14,,keyword,koreanische Getränke,,de,FROZEN_ITEM_MASTER,RULE_SELECTED,PENDING_EMPIRICAL,UNKNOWN,PENDING,NOT_YET_TESTED,PENDING_DOM_EXTRACTION,,RULE_GENERATED,,,,,,N/A,,ITEM-MASTER-TRANSLATED-1.0,NOT_REQUIRED,,PENDING_EMPIRICAL_VALIDATION,,,,,,https://trends.google.com/trends/explore?date=2018-01-01%202026-08-09&geo=DE&q=koreanische%20Getr%C3%A4nke&hl=en,동결 품목 220299·220210 의 소비자 검색어 번역 x 독일(de),,'한국 음료'는 총칭이라 특정 제품 검색과 어긋날 수 있음,한국 음료,KFOOD_ITEM_MASTER_V1
DE|KFOOD|KFOOD_P01,DE,KFOOD,KFOOD_P01,,keyword,japanisches Essen,,de,RULE_GRAMMAR,RULE_SELECTED,PENDING_EMPIRICAL,UNKNOWN,PENDING,NOT_YET_TESTED,PENDING_TOPIC_EXTRACTION,,RULE_GENERATED,,,,,,N/A,,GRAMMAR-LOCALIZED-1.0,NOT_REQUIRED,,PENDING_EMPIRICAL_VALIDATION,,,,,,https://trends.google.com/trends/explore?date=2018-01-01%202026-08-09&geo=DE&q=japanisches%20Essen&hl=en,의도어 문법 KFOOD_P01([위약] 일식) x 독일(de),,위약이지만 한식·일식은 대체재이자 보완재라 부호가 양쪽 다 가능 — 계수 부호까지 함께 볼 것,[위약] 일식 · TOPIC 후보,KFOOD_ITEM_MASTER_V1
DE|KFOOD|KFOOD_P02,DE,KFOOD,KFOOD_P02,,keyword,thailändisches Essen,,de,RULE_GRAMMAR,RULE_SELECTED,PENDING_EMPIRICAL,UNKNOWN,PENDING,NOT_YET_TESTED,PENDING_TOPIC_EXTRACTION,,RULE_GENERATED,,,,,,N/A,,GRAMMAR-LOCALIZED-1.0,NOT_REQUIRED,,PENDING_EMPIRICAL_VALIDATION,,,,,,https://trends.google.com/trends/explore?date=2018-01-01%202026-08-09&geo=DE&q=thail%C3%A4ndisches%20Essen&hl=en,의도어 문법 KFOOD_P02([위약] 태국 음식) x 독일(de),,,[위약] 태국 음식 · TOPIC 후보,KFOOD_ITEM_MASTER_V1
DE|KFOOD|KFOOD_P03,DE,KFOOD,KFOOD_P03,,keyword,chinesisches Essen,,de,RULE_GRAMMAR,RULE_SELECTED,PENDING_EMPIRICAL,UNKNOWN,PENDING,NOT_YET_TESTED,PENDING_TOPIC_EXTRACTION,,RULE_GENERATED,,,,,,N/A,,GRAMMAR-LOCALIZED-1.0,NOT_REQUIRED,,PENDING_EMPIRICAL_VALIDATION,,,,,,https://trends.google.com/trends/explore?date=2018-01-01%202026-08-09&geo=DE&q=chinesisches%20Essen&hl=en,의도어 문법 KFOOD_P03([위약] 중식) x 독일(de),,,[위약] 중식 · TOPIC 후보,KFOOD_ITEM_MASTER_V1
BR|KFOOD|KFOOD_C01,BR,KFOOD,KFOOD_C01,,keyword,comida coreana,,pt,RULE_GRAMMAR,RULE_SELECTED,PENDING_EMPIRICAL,UNKNOWN,PENDING,NOT_YET_TESTED,PENDING_TOPIC_EXTRACTION,,RULE_GENERATED,,,,,,N/A,,GRAMMAR-LOCALIZED-1.0,NOT_REQUIRED,,PENDING_EMPIRICAL_VALIDATION,,,,,,https://trends.google.com/trends/explore?date=2018-01-01%202026-08-09&geo=BR&q=comida%20coreana&hl=en,의도어 문법 KFOOD_C01(한국 음식 일반) x 브라질(pt),,,한국 음식 일반 · TOPIC 후보,KFOOD_ITEM_MASTER_V1
BR|KFOOD|KFOOD_C02,BR,KFOOD,KFOOD_C02,,keyword,receita coreana,,pt,RULE_GRAMMAR,RULE_SELECTED,PENDING_EMPIRICAL,UNKNOWN,PENDING,NOT_YET_TESTED,PENDING_DOM_EXTRACTION,,RULE_GENERATED,,,,,,N/A,,GRAMMAR-LOCALIZED-1.0,NOT_REQUIRED,,PENDING_EMPIRICAL_VALIDATION,,,,,,https://trends.google.com/trends/explore?date=2018-01-01%202026-08-09&geo=BR&q=receita%20coreana&hl=en,의도어 문법 KFOOD_C02(한국 요리법 (가정조리)) x 브라질(pt),,,한국 요리법 (가정조리),KFOOD_ITEM_MASTER_V1
BR|KFOOD|KFOOD_C03,BR,KFOOD,KFOOD_C03,,keyword,restaurante coreano,,pt,RULE_GRAMMAR,RULE_SELECTED,PENDING_EMPIRICAL,UNKNOWN,PENDING,NOT_YET_TESTED,PENDING_DOM_EXTRACTION,,RULE_GENERATED,,,,,,N/A,,GRAMMAR-LOCALIZED-1.0,NOT_REQUIRED,,PENDING_EMPIRICAL_VALIDATION,,,,,,https://trends.google.com/trends/explore?date=2018-01-01%202026-08-09&geo=BR&q=restaurante%20coreano&hl=en,의도어 문법 KFOOD_C03(한식당 (외식)) x 브라질(pt),,,한식당 (외식),KFOOD_ITEM_MASTER_V1
BR|KFOOD|KFOOD_I01,BR,KFOOD,KFOOD_I01,,keyword,lámen coreano,,pt,FROZEN_ITEM_MASTER,RULE_SELECTED,PENDING_EMPIRICAL,UNKNOWN,PENDING,NOT_YET_TESTED,PENDING_TOPIC_EXTRACTION,,RULE_GENERATED,,,,,,N/A,,ITEM-MASTER-TRANSLATED-1.0,NOT_REQUIRED,,PENDING_EMPIRICAL_VALIDATION,,,,,,https://trends.google.com/trends/explore?date=2018-01-01%202026-08-09&geo=BR&q=l%C3%A1men%20coreano&hl=en,동결 품목 190230 의 소비자 검색어 번역 x 브라질(pt),,'ramen' 단독은 일식을 가리킨다. 전 언어에서 한국 수식어를 붙였으나 그만큼 검색량이 줄어 과소측정 가능,라면 · TOPIC 후보,KFOOD_ITEM_MASTER_V1
BR|KFOOD|KFOOD_I02,BR,KFOOD,KFOOD_I02,,keyword,kimchi,,pt,FROZEN_ITEM_MASTER,RULE_SELECTED,PENDING_EMPIRICAL,UNKNOWN,PENDING,NOT_YET_TESTED,PENDING_TOPIC_EXTRACTION,,RULE_GENERATED,,,,,,N/A,,ITEM-MASTER-TRANSLATED-1.0,NOT_REQUIRED,,PENDING_EMPIRICAL_VALIDATION,,,,,,https://trends.google.com/trends/explore?date=2018-01-01%202026-08-09&geo=BR&q=kimchi&hl=en,동결 품목 200599 의 소비자 검색어 번역 x 브라질(pt),,일본은 자국산 김치를 대량 생산해 JP 신호에 국산 수요가 섞인다,김치 · TOPIC 후보,KFOOD_ITEM_MASTER_V1
BR|KFOOD|KFOOD_I03,BR,KFOOD,KFOOD_I03,,keyword,alga coreana,,pt,FROZEN_ITEM_MASTER,RULE_SELECTED,PENDING_EMPIRICAL,UNKNOWN,PENDING,NOT_YET_TESTED,PENDING_DOM_EXTRACTION,,RULE_GENERATED,,,,,,N/A,,ITEM-MASTER-TRANSLATED-1.0,NOT_REQUIRED,,PENDING_EMPIRICAL_VALIDATION,,,,,,https://trends.google.com/trends/explore?date=2018-01-01%202026-08-09&geo=BR&q=alga%20coreana&hl=en,동결 품목 121221 의 소비자 검색어 번역 x 브라질(pt),,일본어 のり 단독은 일본산 김. 韓国のり 로 한정,김 (조미김),KFOOD_ITEM_MASTER_V1
BR|KFOOD|KFOOD_I04,BR,KFOOD,KFOOD_I04,,keyword,gochujang,,pt,FROZEN_ITEM_MASTER,RULE_SELECTED,PENDING_EMPIRICAL,UNKNOWN,PENDING,NOT_YET_TESTED,PENDING_TOPIC_EXTRACTION,,RULE_GENERATED,,,,,,N/A,,ITEM-MASTER-TRANSLATED-1.0,NOT_REQUIRED,,PENDING_EMPIRICAL_VALIDATION,,,,,,https://trends.google.com/trends/explore?date=2018-01-01%202026-08-09&geo=BR&q=gochujang&hl=en,동결 품목 210390 의 소비자 검색어 번역 x 브라질(pt),,,고추장·소스 · TOPIC 후보,KFOOD_ITEM_MASTER_V1
BR|KFOOD|KFOOD_I05,BR,KFOOD,KFOOD_I05,,keyword,soju,,pt,FROZEN_ITEM_MASTER,RULE_SELECTED,PENDING_EMPIRICAL,UNKNOWN,PENDING,NOT_YET_TESTED,PENDING_TOPIC_EXTRACTION,,RULE_GENERATED,,,,,,N/A,,ITEM-MASTER-TRANSLATED-1.0,NOT_REQUIRED,,PENDING_EMPIRICAL_VALIDATION,,,,,,https://trends.google.com/trends/explore?date=2018-01-01%202026-08-09&geo=BR&q=soju&hl=en,동결 품목 220890·220870 의 소비자 검색어 번역 x 브라질(pt),,일본어 焼酎 는 일본 소주다. 韓国焼酎 로 한정했으나 ソジュ 표기와 분산될 수 있음,소주 · TOPIC 후보,KFOOD_ITEM_MASTER_V1
BR|KFOOD|KFOOD_I06,BR,KFOOD,KFOOD_I06,,keyword,snacks coreanos,,pt,FROZEN_ITEM_MASTER,RULE_SELECTED,PENDING_EMPIRICAL,UNKNOWN,PENDING,NOT_YET_TESTED,PENDING_DOM_EXTRACTION,,RULE_GENERATED,,,,,,N/A,,ITEM-MASTER-TRANSLATED-1.0,NOT_REQUIRED,,PENDING_EMPIRICAL_VALIDATION,,,,,,https://trends.google.com/trends/explore?date=2018-01-01%202026-08-09&geo=BR&q=snacks%20coreanos&hl=en,동결 품목 190590·190410·170490 의 소비자 검색어 번역 x 브라질(pt),,과자는 HS 3개 통합 개념이라 품목 대응이 1:1 이 아니다,한국 과자,KFOOD_ITEM_MASTER_V1
BR|KFOOD|KFOOD_I07,BR,KFOOD,KFOOD_I07,,keyword,ginseng coreano,,pt,FROZEN_ITEM_MASTER,RULE_SELECTED,PENDING_EMPIRICAL,UNKNOWN,PENDING,NOT_YET_TESTED,PENDING_TOPIC_EXTRACTION,,RULE_GENERATED,,,,,,N/A,,ITEM-MASTER-TRANSLATED-1.0,NOT_REQUIRED,,PENDING_EMPIRICAL_VALIDATION,,,,,,https://trends.google.com/trends/explore?date=2018-01-01%202026-08-09&geo=BR&q=ginseng%20coreano&hl=en,동결 품목 121120 의 소비자 검색어 번역 x 브라질(pt),,,인삼·홍삼 · TOPIC 후보,KFOOD_ITEM_MASTER_V1
BR|KFOOD|KFOOD_I08,BR,KFOOD,KFOOD_I08,,keyword,café instantâneo coreano,,pt,FROZEN_ITEM_MASTER,RULE_SELECTED,PENDING_EMPIRICAL,UNKNOWN,PENDING,NOT_YET_TESTED,PENDING_DOM_EXTRACTION,,RULE_GENERATED,,,,,,N/A,,ITEM-MASTER-TRANSLATED-1.0,NOT_REQUIRED,,PENDING_EMPIRICAL_VALIDATION,,,,,,https://trends.google.com/trends/explore?date=2018-01-01%202026-08-09&geo=BR&q=caf%C3%A9%20instant%C3%A2neo%20coreano&hl=en,동결 품목 210111 의 소비자 검색어 번역 x 브라질(pt),,,커피믹스,KFOOD_ITEM_MASTER_V1
BR|KFOOD|KFOOD_I09,BR,KFOOD,KFOOD_I09,,keyword,bolinho de peixe coreano,,pt,FROZEN_ITEM_MASTER,RULE_SELECTED,PENDING_EMPIRICAL,UNKNOWN,PENDING,NOT_YET_TESTED,PENDING_DOM_EXTRACTION,,RULE_GENERATED,,,,,,N/A,,ITEM-MASTER-TRANSLATED-1.0,NOT_REQUIRED,,PENDING_EMPIRICAL_VALIDATION,,,,,,https://trends.google.com/trends/explore?date=2018-01-01%202026-08-09&geo=BR&q=bolinho%20de%20peixe%20coreano&hl=en,동결 품목 160420 의 소비자 검색어 번역 x 브라질(pt),,직역어라 실제 검색되지 않을 가능성이 높다 — 실증에서 탈락 예상,어묵,KFOOD_ITEM_MASTER_V1
BR|KFOOD|KFOOD_I10,BR,KFOOD,KFOOD_I10,,keyword,cerveja coreana,,pt,FROZEN_ITEM_MASTER,RULE_SELECTED,PENDING_EMPIRICAL,UNKNOWN,PENDING,NOT_YET_TESTED,PENDING_DOM_EXTRACTION,,RULE_GENERATED,,,,,,N/A,,ITEM-MASTER-TRANSLATED-1.0,NOT_REQUIRED,,PENDING_EMPIRICAL_VALIDATION,,,,,,https://trends.google.com/trends/explore?date=2018-01-01%202026-08-09&geo=BR&q=cerveja%20coreana&hl=en,동결 품목 220300 의 소비자 검색어 번역 x 브라질(pt),,,한국 맥주,KFOOD_ITEM_MASTER_V1
BR|KFOOD|KFOOD_I11,BR,KFOOD,KFOOD_I11,,keyword,arroz instantâneo coreano,,pt,FROZEN_ITEM_MASTER,RULE_SELECTED,PENDING_EMPIRICAL,UNKNOWN,PENDING,NOT_YET_TESTED,PENDING_DOM_EXTRACTION,,RULE_GENERATED,,,,,,N/A,,ITEM-MASTER-TRANSLATED-1.0,NOT_REQUIRED,,PENDING_EMPIRICAL_VALIDATION,,,,,,https://trends.google.com/trends/explore?date=2018-01-01%202026-08-09&geo=BR&q=arroz%20instant%C3%A2neo%20coreano&hl=en,동결 품목 190490 의 소비자 검색어 번역 x 브라질(pt),,,즉석밥,KFOOD_ITEM_MASTER_V1
BR|KFOOD|KFOOD_I12,BR,KFOOD,KFOOD_I12,,keyword,morango coreano,,pt,FROZEN_ITEM_MASTER,RULE_SELECTED,PENDING_EMPIRICAL,UNKNOWN,PENDING,NOT_YET_TESTED,PENDING_DOM_EXTRACTION,,RULE_GENERATED,,,,,,N/A,,ITEM-MASTER-TRANSLATED-1.0,NOT_REQUIRED,,PENDING_EMPIRICAL_VALIDATION,,,,,,https://trends.google.com/trends/explore?date=2018-01-01%202026-08-09&geo=BR&q=morango%20coreano&hl=en,동결 품목 081010 의 소비자 검색어 번역 x 브라질(pt),,신선 딸기는 계절성이 극단적이라 월별 원계열로는 추세 판독 불가,한국 딸기,KFOOD_ITEM_MASTER_V1
BR|KFOOD|KFOOD_I13,BR,KFOOD,KFOOD_I13,,keyword,sorvete coreano,,pt,FROZEN_ITEM_MASTER,RULE_SELECTED,PENDING_EMPIRICAL,UNKNOWN,PENDING,NOT_YET_TESTED,PENDING_DOM_EXTRACTION,,RULE_GENERATED,,,,,,N/A,,ITEM-MASTER-TRANSLATED-1.0,NOT_REQUIRED,,PENDING_EMPIRICAL_VALIDATION,,,,,,https://trends.google.com/trends/explore?date=2018-01-01%202026-08-09&geo=BR&q=sorvete%20coreano&hl=en,동결 품목 210500 의 소비자 검색어 번역 x 브라질(pt),,,한국 아이스크림,KFOOD_ITEM_MASTER_V1
BR|KFOOD|KFOOD_I14,BR,KFOOD,KFOOD_I14,,keyword,bebidas coreanas,,pt,FROZEN_ITEM_MASTER,RULE_SELECTED,PENDING_EMPIRICAL,UNKNOWN,PENDING,NOT_YET_TESTED,PENDING_DOM_EXTRACTION,,RULE_GENERATED,,,,,,N/A,,ITEM-MASTER-TRANSLATED-1.0,NOT_REQUIRED,,PENDING_EMPIRICAL_VALIDATION,,,,,,https://trends.google.com/trends/explore?date=2018-01-01%202026-08-09&geo=BR&q=bebidas%20coreanas&hl=en,동결 품목 220299·220210 의 소비자 검색어 번역 x 브라질(pt),,'한국 음료'는 총칭이라 특정 제품 검색과 어긋날 수 있음,한국 음료,KFOOD_ITEM_MASTER_V1
BR|KFOOD|KFOOD_P01,BR,KFOOD,KFOOD_P01,,keyword,comida japonesa,,pt,RULE_GRAMMAR,RULE_SELECTED,PENDING_EMPIRICAL,UNKNOWN,PENDING,NOT_YET_TESTED,PENDING_TOPIC_EXTRACTION,,RULE_GENERATED,,,,,,N/A,,GRAMMAR-LOCALIZED-1.0,NOT_REQUIRED,,PENDING_EMPIRICAL_VALIDATION,,,,,,https://trends.google.com/trends/explore?date=2018-01-01%202026-08-09&geo=BR&q=comida%20japonesa&hl=en,의도어 문법 KFOOD_P01([위약] 일식) x 브라질(pt),,위약이지만 한식·일식은 대체재이자 보완재라 부호가 양쪽 다 가능 — 계수 부호까지 함께 볼 것,[위약] 일식 · TOPIC 후보,KFOOD_ITEM_MASTER_V1
BR|KFOOD|KFOOD_P02,BR,KFOOD,KFOOD_P02,,keyword,comida tailandesa,,pt,RULE_GRAMMAR,RULE_SELECTED,PENDING_EMPIRICAL,UNKNOWN,PENDING,NOT_YET_TESTED,PENDING_TOPIC_EXTRACTION,,RULE_GENERATED,,,,,,N/A,,GRAMMAR-LOCALIZED-1.0,NOT_REQUIRED,,PENDING_EMPIRICAL_VALIDATION,,,,,,https://trends.google.com/trends/explore?date=2018-01-01%202026-08-09&geo=BR&q=comida%20tailandesa&hl=en,의도어 문법 KFOOD_P02([위약] 태국 음식) x 브라질(pt),,,[위약] 태국 음식 · TOPIC 후보,KFOOD_ITEM_MASTER_V1
BR|KFOOD|KFOOD_P03,BR,KFOOD,KFOOD_P03,,keyword,comida chinesa,,pt,RULE_GRAMMAR,RULE_SELECTED,PENDING_EMPIRICAL,UNKNOWN,PENDING,NOT_YET_TESTED,PENDING_TOPIC_EXTRACTION,,RULE_GENERATED,,,,,,N/A,,GRAMMAR-LOCALIZED-1.0,NOT_REQUIRED,,PENDING_EMPIRICAL_VALIDATION,,,,,,https://trends.google.com/trends/explore?date=2018-01-01%202026-08-09&geo=BR&q=comida%20chinesa&hl=en,의도어 문법 KFOOD_P03([위약] 중식) x 브라질(pt),,,[위약] 중식 · TOPIC 후보,KFOOD_ITEM_MASTER_V1
MX|KFOOD|KFOOD_C01,MX,KFOOD,KFOOD_C01,,keyword,comida coreana,,es,RULE_GRAMMAR,RULE_SELECTED,PENDING_EMPIRICAL,UNKNOWN,PENDING,NOT_YET_TESTED,PENDING_TOPIC_EXTRACTION,,RULE_GENERATED,,,,,,N/A,,GRAMMAR-LOCALIZED-1.0,NOT_REQUIRED,,PENDING_EMPIRICAL_VALIDATION,,,,,,https://trends.google.com/trends/explore?date=2018-01-01%202026-08-09&geo=MX&q=comida%20coreana&hl=en,의도어 문법 KFOOD_C01(한국 음식 일반) x 멕시코(es),,,한국 음식 일반 · TOPIC 후보,KFOOD_ITEM_MASTER_V1
MX|KFOOD|KFOOD_C02,MX,KFOOD,KFOOD_C02,,keyword,receta coreana,,es,RULE_GRAMMAR,RULE_SELECTED,PENDING_EMPIRICAL,UNKNOWN,PENDING,NOT_YET_TESTED,PENDING_DOM_EXTRACTION,,RULE_GENERATED,,,,,,N/A,,GRAMMAR-LOCALIZED-1.0,NOT_REQUIRED,,PENDING_EMPIRICAL_VALIDATION,,,,,,https://trends.google.com/trends/explore?date=2018-01-01%202026-08-09&geo=MX&q=receta%20coreana&hl=en,의도어 문법 KFOOD_C02(한국 요리법 (가정조리)) x 멕시코(es),,,한국 요리법 (가정조리),KFOOD_ITEM_MASTER_V1
MX|KFOOD|KFOOD_C03,MX,KFOOD,KFOOD_C03,,keyword,restaurante coreano,,es,RULE_GRAMMAR,RULE_SELECTED,PENDING_EMPIRICAL,UNKNOWN,PENDING,NOT_YET_TESTED,PENDING_DOM_EXTRACTION,,RULE_GENERATED,,,,,,N/A,,GRAMMAR-LOCALIZED-1.0,NOT_REQUIRED,,PENDING_EMPIRICAL_VALIDATION,,,,,,https://trends.google.com/trends/explore?date=2018-01-01%202026-08-09&geo=MX&q=restaurante%20coreano&hl=en,의도어 문법 KFOOD_C03(한식당 (외식)) x 멕시코(es),,,한식당 (외식),KFOOD_ITEM_MASTER_V1
MX|KFOOD|KFOOD_I01,MX,KFOOD,KFOOD_I01,,keyword,ramen coreano,,es,FROZEN_ITEM_MASTER,RULE_SELECTED,PENDING_EMPIRICAL,UNKNOWN,PENDING,NOT_YET_TESTED,PENDING_TOPIC_EXTRACTION,,RULE_GENERATED,,,,,,N/A,,ITEM-MASTER-TRANSLATED-1.0,NOT_REQUIRED,,PENDING_EMPIRICAL_VALIDATION,,,,,,https://trends.google.com/trends/explore?date=2018-01-01%202026-08-09&geo=MX&q=ramen%20coreano&hl=en,동결 품목 190230 의 소비자 검색어 번역 x 멕시코(es),,'ramen' 단독은 일식을 가리킨다. 전 언어에서 한국 수식어를 붙였으나 그만큼 검색량이 줄어 과소측정 가능,라면 · TOPIC 후보,KFOOD_ITEM_MASTER_V1
MX|KFOOD|KFOOD_I02,MX,KFOOD,KFOOD_I02,,keyword,kimchi,,es,FROZEN_ITEM_MASTER,RULE_SELECTED,PENDING_EMPIRICAL,UNKNOWN,PENDING,NOT_YET_TESTED,PENDING_TOPIC_EXTRACTION,,RULE_GENERATED,,,,,,N/A,,ITEM-MASTER-TRANSLATED-1.0,NOT_REQUIRED,,PENDING_EMPIRICAL_VALIDATION,,,,,,https://trends.google.com/trends/explore?date=2018-01-01%202026-08-09&geo=MX&q=kimchi&hl=en,동결 품목 200599 의 소비자 검색어 번역 x 멕시코(es),,일본은 자국산 김치를 대량 생산해 JP 신호에 국산 수요가 섞인다,김치 · TOPIC 후보,KFOOD_ITEM_MASTER_V1
MX|KFOOD|KFOOD_I03,MX,KFOOD,KFOOD_I03,,keyword,alga coreana,,es,FROZEN_ITEM_MASTER,RULE_SELECTED,PENDING_EMPIRICAL,UNKNOWN,PENDING,NOT_YET_TESTED,PENDING_DOM_EXTRACTION,,RULE_GENERATED,,,,,,N/A,,ITEM-MASTER-TRANSLATED-1.0,NOT_REQUIRED,,PENDING_EMPIRICAL_VALIDATION,,,,,,https://trends.google.com/trends/explore?date=2018-01-01%202026-08-09&geo=MX&q=alga%20coreana&hl=en,동결 품목 121221 의 소비자 검색어 번역 x 멕시코(es),,일본어 のり 단독은 일본산 김. 韓国のり 로 한정,김 (조미김),KFOOD_ITEM_MASTER_V1
MX|KFOOD|KFOOD_I04,MX,KFOOD,KFOOD_I04,,keyword,gochujang,,es,FROZEN_ITEM_MASTER,RULE_SELECTED,PENDING_EMPIRICAL,UNKNOWN,PENDING,NOT_YET_TESTED,PENDING_TOPIC_EXTRACTION,,RULE_GENERATED,,,,,,N/A,,ITEM-MASTER-TRANSLATED-1.0,NOT_REQUIRED,,PENDING_EMPIRICAL_VALIDATION,,,,,,https://trends.google.com/trends/explore?date=2018-01-01%202026-08-09&geo=MX&q=gochujang&hl=en,동결 품목 210390 의 소비자 검색어 번역 x 멕시코(es),,,고추장·소스 · TOPIC 후보,KFOOD_ITEM_MASTER_V1
MX|KFOOD|KFOOD_I05,MX,KFOOD,KFOOD_I05,,keyword,soju,,es,FROZEN_ITEM_MASTER,RULE_SELECTED,PENDING_EMPIRICAL,UNKNOWN,PENDING,NOT_YET_TESTED,PENDING_TOPIC_EXTRACTION,,RULE_GENERATED,,,,,,N/A,,ITEM-MASTER-TRANSLATED-1.0,NOT_REQUIRED,,PENDING_EMPIRICAL_VALIDATION,,,,,,https://trends.google.com/trends/explore?date=2018-01-01%202026-08-09&geo=MX&q=soju&hl=en,동결 품목 220890·220870 의 소비자 검색어 번역 x 멕시코(es),,일본어 焼酎 는 일본 소주다. 韓国焼酎 로 한정했으나 ソジュ 표기와 분산될 수 있음,소주 · TOPIC 후보,KFOOD_ITEM_MASTER_V1
MX|KFOOD|KFOOD_I06,MX,KFOOD,KFOOD_I06,,keyword,snacks coreanos,,es,FROZEN_ITEM_MASTER,RULE_SELECTED,PENDING_EMPIRICAL,UNKNOWN,PENDING,NOT_YET_TESTED,PENDING_DOM_EXTRACTION,,RULE_GENERATED,,,,,,N/A,,ITEM-MASTER-TRANSLATED-1.0,NOT_REQUIRED,,PENDING_EMPIRICAL_VALIDATION,,,,,,https://trends.google.com/trends/explore?date=2018-01-01%202026-08-09&geo=MX&q=snacks%20coreanos&hl=en,동결 품목 190590·190410·170490 의 소비자 검색어 번역 x 멕시코(es),,과자는 HS 3개 통합 개념이라 품목 대응이 1:1 이 아니다,한국 과자,KFOOD_ITEM_MASTER_V1
MX|KFOOD|KFOOD_I07,MX,KFOOD,KFOOD_I07,,keyword,ginseng coreano,,es,FROZEN_ITEM_MASTER,RULE_SELECTED,PENDING_EMPIRICAL,UNKNOWN,PENDING,NOT_YET_TESTED,PENDING_TOPIC_EXTRACTION,,RULE_GENERATED,,,,,,N/A,,ITEM-MASTER-TRANSLATED-1.0,NOT_REQUIRED,,PENDING_EMPIRICAL_VALIDATION,,,,,,https://trends.google.com/trends/explore?date=2018-01-01%202026-08-09&geo=MX&q=ginseng%20coreano&hl=en,동결 품목 121120 의 소비자 검색어 번역 x 멕시코(es),,,인삼·홍삼 · TOPIC 후보,KFOOD_ITEM_MASTER_V1
MX|KFOOD|KFOOD_I08,MX,KFOOD,KFOOD_I08,,keyword,café instantáneo coreano,,es,FROZEN_ITEM_MASTER,RULE_SELECTED,PENDING_EMPIRICAL,UNKNOWN,PENDING,NOT_YET_TESTED,PENDING_DOM_EXTRACTION,,RULE_GENERATED,,,,,,N/A,,ITEM-MASTER-TRANSLATED-1.0,NOT_REQUIRED,,PENDING_EMPIRICAL_VALIDATION,,,,,,https://trends.google.com/trends/explore?date=2018-01-01%202026-08-09&geo=MX&q=caf%C3%A9%20instant%C3%A1neo%20coreano&hl=en,동결 품목 210111 의 소비자 검색어 번역 x 멕시코(es),,,커피믹스,KFOOD_ITEM_MASTER_V1
MX|KFOOD|KFOOD_I09,MX,KFOOD,KFOOD_I09,,keyword,pastel de pescado coreano,,es,FROZEN_ITEM_MASTER,RULE_SELECTED,PENDING_EMPIRICAL,UNKNOWN,PENDING,NOT_YET_TESTED,PENDING_DOM_EXTRACTION,,RULE_GENERATED,,,,,,N/A,,ITEM-MASTER-TRANSLATED-1.0,NOT_REQUIRED,,PENDING_EMPIRICAL_VALIDATION,,,,,,https://trends.google.com/trends/explore?date=2018-01-01%202026-08-09&geo=MX&q=pastel%20de%20pescado%20coreano&hl=en,동결 품목 160420 의 소비자 검색어 번역 x 멕시코(es),,직역어라 실제 검색되지 않을 가능성이 높다 — 실증에서 탈락 예상,어묵,KFOOD_ITEM_MASTER_V1
MX|KFOOD|KFOOD_I10,MX,KFOOD,KFOOD_I10,,keyword,cerveza coreana,,es,FROZEN_ITEM_MASTER,RULE_SELECTED,PENDING_EMPIRICAL,UNKNOWN,PENDING,NOT_YET_TESTED,PENDING_DOM_EXTRACTION,,RULE_GENERATED,,,,,,N/A,,ITEM-MASTER-TRANSLATED-1.0,NOT_REQUIRED,,PENDING_EMPIRICAL_VALIDATION,,,,,,https://trends.google.com/trends/explore?date=2018-01-01%202026-08-09&geo=MX&q=cerveza%20coreana&hl=en,동결 품목 220300 의 소비자 검색어 번역 x 멕시코(es),,,한국 맥주,KFOOD_ITEM_MASTER_V1
MX|KFOOD|KFOOD_I11,MX,KFOOD,KFOOD_I11,,keyword,arroz instantáneo coreano,,es,FROZEN_ITEM_MASTER,RULE_SELECTED,PENDING_EMPIRICAL,UNKNOWN,PENDING,NOT_YET_TESTED,PENDING_DOM_EXTRACTION,,RULE_GENERATED,,,,,,N/A,,ITEM-MASTER-TRANSLATED-1.0,NOT_REQUIRED,,PENDING_EMPIRICAL_VALIDATION,,,,,,https://trends.google.com/trends/explore?date=2018-01-01%202026-08-09&geo=MX&q=arroz%20instant%C3%A1neo%20coreano&hl=en,동결 품목 190490 의 소비자 검색어 번역 x 멕시코(es),,,즉석밥,KFOOD_ITEM_MASTER_V1
MX|KFOOD|KFOOD_I12,MX,KFOOD,KFOOD_I12,,keyword,fresa coreana,,es,FROZEN_ITEM_MASTER,RULE_SELECTED,PENDING_EMPIRICAL,UNKNOWN,PENDING,NOT_YET_TESTED,PENDING_DOM_EXTRACTION,,RULE_GENERATED,,,,,,N/A,,ITEM-MASTER-TRANSLATED-1.0,NOT_REQUIRED,,PENDING_EMPIRICAL_VALIDATION,,,,,,https://trends.google.com/trends/explore?date=2018-01-01%202026-08-09&geo=MX&q=fresa%20coreana&hl=en,동결 품목 081010 의 소비자 검색어 번역 x 멕시코(es),,신선 딸기는 계절성이 극단적이라 월별 원계열로는 추세 판독 불가,한국 딸기,KFOOD_ITEM_MASTER_V1
MX|KFOOD|KFOOD_I13,MX,KFOOD,KFOOD_I13,,keyword,helado coreano,,es,FROZEN_ITEM_MASTER,RULE_SELECTED,PENDING_EMPIRICAL,UNKNOWN,PENDING,NOT_YET_TESTED,PENDING_DOM_EXTRACTION,,RULE_GENERATED,,,,,,N/A,,ITEM-MASTER-TRANSLATED-1.0,NOT_REQUIRED,,PENDING_EMPIRICAL_VALIDATION,,,,,,https://trends.google.com/trends/explore?date=2018-01-01%202026-08-09&geo=MX&q=helado%20coreano&hl=en,동결 품목 210500 의 소비자 검색어 번역 x 멕시코(es),,,한국 아이스크림,KFOOD_ITEM_MASTER_V1
MX|KFOOD|KFOOD_I14,MX,KFOOD,KFOOD_I14,,keyword,bebidas coreanas,,es,FROZEN_ITEM_MASTER,RULE_SELECTED,PENDING_EMPIRICAL,UNKNOWN,PENDING,NOT_YET_TESTED,PENDING_DOM_EXTRACTION,,RULE_GENERATED,,,,,,N/A,,ITEM-MASTER-TRANSLATED-1.0,NOT_REQUIRED,,PENDING_EMPIRICAL_VALIDATION,,,,,,https://trends.google.com/trends/explore?date=2018-01-01%202026-08-09&geo=MX&q=bebidas%20coreanas&hl=en,동결 품목 220299·220210 의 소비자 검색어 번역 x 멕시코(es),,'한국 음료'는 총칭이라 특정 제품 검색과 어긋날 수 있음,한국 음료,KFOOD_ITEM_MASTER_V1
MX|KFOOD|KFOOD_P01,MX,KFOOD,KFOOD_P01,,keyword,comida japonesa,,es,RULE_GRAMMAR,RULE_SELECTED,PENDING_EMPIRICAL,UNKNOWN,PENDING,NOT_YET_TESTED,PENDING_TOPIC_EXTRACTION,,RULE_GENERATED,,,,,,N/A,,GRAMMAR-LOCALIZED-1.0,NOT_REQUIRED,,PENDING_EMPIRICAL_VALIDATION,,,,,,https://trends.google.com/trends/explore?date=2018-01-01%202026-08-09&geo=MX&q=comida%20japonesa&hl=en,의도어 문법 KFOOD_P01([위약] 일식) x 멕시코(es),,위약이지만 한식·일식은 대체재이자 보완재라 부호가 양쪽 다 가능 — 계수 부호까지 함께 볼 것,[위약] 일식 · TOPIC 후보,KFOOD_ITEM_MASTER_V1
MX|KFOOD|KFOOD_P02,MX,KFOOD,KFOOD_P02,,keyword,comida tailandesa,,es,RULE_GRAMMAR,RULE_SELECTED,PENDING_EMPIRICAL,UNKNOWN,PENDING,NOT_YET_TESTED,PENDING_TOPIC_EXTRACTION,,RULE_GENERATED,,,,,,N/A,,GRAMMAR-LOCALIZED-1.0,NOT_REQUIRED,,PENDING_EMPIRICAL_VALIDATION,,,,,,https://trends.google.com/trends/explore?date=2018-01-01%202026-08-09&geo=MX&q=comida%20tailandesa&hl=en,의도어 문법 KFOOD_P02([위약] 태국 음식) x 멕시코(es),,,[위약] 태국 음식 · TOPIC 후보,KFOOD_ITEM_MASTER_V1
MX|KFOOD|KFOOD_P03,MX,KFOOD,KFOOD_P03,,keyword,comida china,,es,RULE_GRAMMAR,RULE_SELECTED,PENDING_EMPIRICAL,UNKNOWN,PENDING,NOT_YET_TESTED,PENDING_TOPIC_EXTRACTION,,RULE_GENERATED,,,,,,N/A,,GRAMMAR-LOCALIZED-1.0,NOT_REQUIRED,,PENDING_EMPIRICAL_VALIDATION,,,,,,https://trends.google.com/trends/explore?date=2018-01-01%202026-08-09&geo=MX&q=comida%20china&hl=en,의도어 문법 KFOOD_P03([위약] 중식) x 멕시코(es),,,[위약] 중식 · TOPIC 후보,KFOOD_ITEM_MASTER_V1
AR|KFOOD|KFOOD_C01,AR,KFOOD,KFOOD_C01,,keyword,comida coreana,,es,RULE_GRAMMAR,RULE_SELECTED,PENDING_EMPIRICAL,UNKNOWN,PENDING,NOT_YET_TESTED,PENDING_TOPIC_EXTRACTION,,RULE_GENERATED,,,,,,N/A,,GRAMMAR-LOCALIZED-1.0,NOT_REQUIRED,,PENDING_EMPIRICAL_VALIDATION,,,,,,https://trends.google.com/trends/explore?date=2018-01-01%202026-08-09&geo=AR&q=comida%20coreana&hl=en,의도어 문법 KFOOD_C01(한국 음식 일반) x 아르헨티나(es),,,한국 음식 일반 · TOPIC 후보,KFOOD_ITEM_MASTER_V1
AR|KFOOD|KFOOD_C02,AR,KFOOD,KFOOD_C02,,keyword,receta coreana,,es,RULE_GRAMMAR,RULE_SELECTED,PENDING_EMPIRICAL,UNKNOWN,PENDING,NOT_YET_TESTED,PENDING_DOM_EXTRACTION,,RULE_GENERATED,,,,,,N/A,,GRAMMAR-LOCALIZED-1.0,NOT_REQUIRED,,PENDING_EMPIRICAL_VALIDATION,,,,,,https://trends.google.com/trends/explore?date=2018-01-01%202026-08-09&geo=AR&q=receta%20coreana&hl=en,의도어 문법 KFOOD_C02(한국 요리법 (가정조리)) x 아르헨티나(es),,,한국 요리법 (가정조리),KFOOD_ITEM_MASTER_V1
AR|KFOOD|KFOOD_C03,AR,KFOOD,KFOOD_C03,,keyword,restaurante coreano,,es,RULE_GRAMMAR,RULE_SELECTED,PENDING_EMPIRICAL,UNKNOWN,PENDING,NOT_YET_TESTED,PENDING_DOM_EXTRACTION,,RULE_GENERATED,,,,,,N/A,,GRAMMAR-LOCALIZED-1.0,NOT_REQUIRED,,PENDING_EMPIRICAL_VALIDATION,,,,,,https://trends.google.com/trends/explore?date=2018-01-01%202026-08-09&geo=AR&q=restaurante%20coreano&hl=en,의도어 문법 KFOOD_C03(한식당 (외식)) x 아르헨티나(es),,,한식당 (외식),KFOOD_ITEM_MASTER_V1
AR|KFOOD|KFOOD_I01,AR,KFOOD,KFOOD_I01,,keyword,ramen coreano,,es,FROZEN_ITEM_MASTER,RULE_SELECTED,PENDING_EMPIRICAL,UNKNOWN,PENDING,NOT_YET_TESTED,PENDING_TOPIC_EXTRACTION,,RULE_GENERATED,,,,,,N/A,,ITEM-MASTER-TRANSLATED-1.0,NOT_REQUIRED,,PENDING_EMPIRICAL_VALIDATION,,,,,,https://trends.google.com/trends/explore?date=2018-01-01%202026-08-09&geo=AR&q=ramen%20coreano&hl=en,동결 품목 190230 의 소비자 검색어 번역 x 아르헨티나(es),,'ramen' 단독은 일식을 가리킨다. 전 언어에서 한국 수식어를 붙였으나 그만큼 검색량이 줄어 과소측정 가능,라면 · TOPIC 후보,KFOOD_ITEM_MASTER_V1
AR|KFOOD|KFOOD_I02,AR,KFOOD,KFOOD_I02,,keyword,kimchi,,es,FROZEN_ITEM_MASTER,RULE_SELECTED,PENDING_EMPIRICAL,UNKNOWN,PENDING,NOT_YET_TESTED,PENDING_TOPIC_EXTRACTION,,RULE_GENERATED,,,,,,N/A,,ITEM-MASTER-TRANSLATED-1.0,NOT_REQUIRED,,PENDING_EMPIRICAL_VALIDATION,,,,,,https://trends.google.com/trends/explore?date=2018-01-01%202026-08-09&geo=AR&q=kimchi&hl=en,동결 품목 200599 의 소비자 검색어 번역 x 아르헨티나(es),,일본은 자국산 김치를 대량 생산해 JP 신호에 국산 수요가 섞인다,김치 · TOPIC 후보,KFOOD_ITEM_MASTER_V1
AR|KFOOD|KFOOD_I03,AR,KFOOD,KFOOD_I03,,keyword,alga coreana,,es,FROZEN_ITEM_MASTER,RULE_SELECTED,PENDING_EMPIRICAL,UNKNOWN,PENDING,NOT_YET_TESTED,PENDING_DOM_EXTRACTION,,RULE_GENERATED,,,,,,N/A,,ITEM-MASTER-TRANSLATED-1.0,NOT_REQUIRED,,PENDING_EMPIRICAL_VALIDATION,,,,,,https://trends.google.com/trends/explore?date=2018-01-01%202026-08-09&geo=AR&q=alga%20coreana&hl=en,동결 품목 121221 의 소비자 검색어 번역 x 아르헨티나(es),,일본어 のり 단독은 일본산 김. 韓国のり 로 한정,김 (조미김),KFOOD_ITEM_MASTER_V1
AR|KFOOD|KFOOD_I04,AR,KFOOD,KFOOD_I04,,keyword,gochujang,,es,FROZEN_ITEM_MASTER,RULE_SELECTED,PENDING_EMPIRICAL,UNKNOWN,PENDING,NOT_YET_TESTED,PENDING_TOPIC_EXTRACTION,,RULE_GENERATED,,,,,,N/A,,ITEM-MASTER-TRANSLATED-1.0,NOT_REQUIRED,,PENDING_EMPIRICAL_VALIDATION,,,,,,https://trends.google.com/trends/explore?date=2018-01-01%202026-08-09&geo=AR&q=gochujang&hl=en,동결 품목 210390 의 소비자 검색어 번역 x 아르헨티나(es),,,고추장·소스 · TOPIC 후보,KFOOD_ITEM_MASTER_V1
AR|KFOOD|KFOOD_I05,AR,KFOOD,KFOOD_I05,,keyword,soju,,es,FROZEN_ITEM_MASTER,RULE_SELECTED,PENDING_EMPIRICAL,UNKNOWN,PENDING,NOT_YET_TESTED,PENDING_TOPIC_EXTRACTION,,RULE_GENERATED,,,,,,N/A,,ITEM-MASTER-TRANSLATED-1.0,NOT_REQUIRED,,PENDING_EMPIRICAL_VALIDATION,,,,,,https://trends.google.com/trends/explore?date=2018-01-01%202026-08-09&geo=AR&q=soju&hl=en,동결 품목 220890·220870 의 소비자 검색어 번역 x 아르헨티나(es),,일본어 焼酎 는 일본 소주다. 韓国焼酎 로 한정했으나 ソジュ 표기와 분산될 수 있음,소주 · TOPIC 후보,KFOOD_ITEM_MASTER_V1
AR|KFOOD|KFOOD_I06,AR,KFOOD,KFOOD_I06,,keyword,snacks coreanos,,es,FROZEN_ITEM_MASTER,RULE_SELECTED,PENDING_EMPIRICAL,UNKNOWN,PENDING,NOT_YET_TESTED,PENDING_DOM_EXTRACTION,,RULE_GENERATED,,,,,,N/A,,ITEM-MASTER-TRANSLATED-1.0,NOT_REQUIRED,,PENDING_EMPIRICAL_VALIDATION,,,,,,https://trends.google.com/trends/explore?date=2018-01-01%202026-08-09&geo=AR&q=snacks%20coreanos&hl=en,동결 품목 190590·190410·170490 의 소비자 검색어 번역 x 아르헨티나(es),,과자는 HS 3개 통합 개념이라 품목 대응이 1:1 이 아니다,한국 과자,KFOOD_ITEM_MASTER_V1
AR|KFOOD|KFOOD_I07,AR,KFOOD,KFOOD_I07,,keyword,ginseng coreano,,es,FROZEN_ITEM_MASTER,RULE_SELECTED,PENDING_EMPIRICAL,UNKNOWN,PENDING,NOT_YET_TESTED,PENDING_TOPIC_EXTRACTION,,RULE_GENERATED,,,,,,N/A,,ITEM-MASTER-TRANSLATED-1.0,NOT_REQUIRED,,PENDING_EMPIRICAL_VALIDATION,,,,,,https://trends.google.com/trends/explore?date=2018-01-01%202026-08-09&geo=AR&q=ginseng%20coreano&hl=en,동결 품목 121120 의 소비자 검색어 번역 x 아르헨티나(es),,,인삼·홍삼 · TOPIC 후보,KFOOD_ITEM_MASTER_V1
AR|KFOOD|KFOOD_I08,AR,KFOOD,KFOOD_I08,,keyword,café instantáneo coreano,,es,FROZEN_ITEM_MASTER,RULE_SELECTED,PENDING_EMPIRICAL,UNKNOWN,PENDING,NOT_YET_TESTED,PENDING_DOM_EXTRACTION,,RULE_GENERATED,,,,,,N/A,,ITEM-MASTER-TRANSLATED-1.0,NOT_REQUIRED,,PENDING_EMPIRICAL_VALIDATION,,,,,,https://trends.google.com/trends/explore?date=2018-01-01%202026-08-09&geo=AR&q=caf%C3%A9%20instant%C3%A1neo%20coreano&hl=en,동결 품목 210111 의 소비자 검색어 번역 x 아르헨티나(es),,,커피믹스,KFOOD_ITEM_MASTER_V1
AR|KFOOD|KFOOD_I09,AR,KFOOD,KFOOD_I09,,keyword,pastel de pescado coreano,,es,FROZEN_ITEM_MASTER,RULE_SELECTED,PENDING_EMPIRICAL,UNKNOWN,PENDING,NOT_YET_TESTED,PENDING_DOM_EXTRACTION,,RULE_GENERATED,,,,,,N/A,,ITEM-MASTER-TRANSLATED-1.0,NOT_REQUIRED,,PENDING_EMPIRICAL_VALIDATION,,,,,,https://trends.google.com/trends/explore?date=2018-01-01%202026-08-09&geo=AR&q=pastel%20de%20pescado%20coreano&hl=en,동결 품목 160420 의 소비자 검색어 번역 x 아르헨티나(es),,직역어라 실제 검색되지 않을 가능성이 높다 — 실증에서 탈락 예상,어묵,KFOOD_ITEM_MASTER_V1
AR|KFOOD|KFOOD_I10,AR,KFOOD,KFOOD_I10,,keyword,cerveza coreana,,es,FROZEN_ITEM_MASTER,RULE_SELECTED,PENDING_EMPIRICAL,UNKNOWN,PENDING,NOT_YET_TESTED,PENDING_DOM_EXTRACTION,,RULE_GENERATED,,,,,,N/A,,ITEM-MASTER-TRANSLATED-1.0,NOT_REQUIRED,,PENDING_EMPIRICAL_VALIDATION,,,,,,https://trends.google.com/trends/explore?date=2018-01-01%202026-08-09&geo=AR&q=cerveza%20coreana&hl=en,동결 품목 220300 의 소비자 검색어 번역 x 아르헨티나(es),,,한국 맥주,KFOOD_ITEM_MASTER_V1
AR|KFOOD|KFOOD_I11,AR,KFOOD,KFOOD_I11,,keyword,arroz instantáneo coreano,,es,FROZEN_ITEM_MASTER,RULE_SELECTED,PENDING_EMPIRICAL,UNKNOWN,PENDING,NOT_YET_TESTED,PENDING_DOM_EXTRACTION,,RULE_GENERATED,,,,,,N/A,,ITEM-MASTER-TRANSLATED-1.0,NOT_REQUIRED,,PENDING_EMPIRICAL_VALIDATION,,,,,,https://trends.google.com/trends/explore?date=2018-01-01%202026-08-09&geo=AR&q=arroz%20instant%C3%A1neo%20coreano&hl=en,동결 품목 190490 의 소비자 검색어 번역 x 아르헨티나(es),,,즉석밥,KFOOD_ITEM_MASTER_V1
AR|KFOOD|KFOOD_I12,AR,KFOOD,KFOOD_I12,,keyword,fresa coreana,,es,FROZEN_ITEM_MASTER,RULE_SELECTED,PENDING_EMPIRICAL,UNKNOWN,PENDING,NOT_YET_TESTED,PENDING_DOM_EXTRACTION,,RULE_GENERATED,,,,,,N/A,,ITEM-MASTER-TRANSLATED-1.0,NOT_REQUIRED,,PENDING_EMPIRICAL_VALIDATION,,,,,,https://trends.google.com/trends/explore?date=2018-01-01%202026-08-09&geo=AR&q=fresa%20coreana&hl=en,동결 품목 081010 의 소비자 검색어 번역 x 아르헨티나(es),,신선 딸기는 계절성이 극단적이라 월별 원계열로는 추세 판독 불가,한국 딸기,KFOOD_ITEM_MASTER_V1
AR|KFOOD|KFOOD_I13,AR,KFOOD,KFOOD_I13,,keyword,helado coreano,,es,FROZEN_ITEM_MASTER,RULE_SELECTED,PENDING_EMPIRICAL,UNKNOWN,PENDING,NOT_YET_TESTED,PENDING_DOM_EXTRACTION,,RULE_GENERATED,,,,,,N/A,,ITEM-MASTER-TRANSLATED-1.0,NOT_REQUIRED,,PENDING_EMPIRICAL_VALIDATION,,,,,,https://trends.google.com/trends/explore?date=2018-01-01%202026-08-09&geo=AR&q=helado%20coreano&hl=en,동결 품목 210500 의 소비자 검색어 번역 x 아르헨티나(es),,,한국 아이스크림,KFOOD_ITEM_MASTER_V1
AR|KFOOD|KFOOD_I14,AR,KFOOD,KFOOD_I14,,keyword,bebidas coreanas,,es,FROZEN_ITEM_MASTER,RULE_SELECTED,PENDING_EMPIRICAL,UNKNOWN,PENDING,NOT_YET_TESTED,PENDING_DOM_EXTRACTION,,RULE_GENERATED,,,,,,N/A,,ITEM-MASTER-TRANSLATED-1.0,NOT_REQUIRED,,PENDING_EMPIRICAL_VALIDATION,,,,,,https://trends.google.com/trends/explore?date=2018-01-01%202026-08-09&geo=AR&q=bebidas%20coreanas&hl=en,동결 품목 220299·220210 의 소비자 검색어 번역 x 아르헨티나(es),,'한국 음료'는 총칭이라 특정 제품 검색과 어긋날 수 있음,한국 음료,KFOOD_ITEM_MASTER_V1
AR|KFOOD|KFOOD_P01,AR,KFOOD,KFOOD_P01,,keyword,comida japonesa,,es,RULE_GRAMMAR,RULE_SELECTED,PENDING_EMPIRICAL,UNKNOWN,PENDING,NOT_YET_TESTED,PENDING_TOPIC_EXTRACTION,,RULE_GENERATED,,,,,,N/A,,GRAMMAR-LOCALIZED-1.0,NOT_REQUIRED,,PENDING_EMPIRICAL_VALIDATION,,,,,,https://trends.google.com/trends/explore?date=2018-01-01%202026-08-09&geo=AR&q=comida%20japonesa&hl=en,의도어 문법 KFOOD_P01([위약] 일식) x 아르헨티나(es),,위약이지만 한식·일식은 대체재이자 보완재라 부호가 양쪽 다 가능 — 계수 부호까지 함께 볼 것,[위약] 일식 · TOPIC 후보,KFOOD_ITEM_MASTER_V1
AR|KFOOD|KFOOD_P02,AR,KFOOD,KFOOD_P02,,keyword,comida tailandesa,,es,RULE_GRAMMAR,RULE_SELECTED,PENDING_EMPIRICAL,UNKNOWN,PENDING,NOT_YET_TESTED,PENDING_TOPIC_EXTRACTION,,RULE_GENERATED,,,,,,N/A,,GRAMMAR-LOCALIZED-1.0,NOT_REQUIRED,,PENDING_EMPIRICAL_VALIDATION,,,,,,https://trends.google.com/trends/explore?date=2018-01-01%202026-08-09&geo=AR&q=comida%20tailandesa&hl=en,의도어 문법 KFOOD_P02([위약] 태국 음식) x 아르헨티나(es),,,[위약] 태국 음식 · TOPIC 후보,KFOOD_ITEM_MASTER_V1
AR|KFOOD|KFOOD_P03,AR,KFOOD,KFOOD_P03,,keyword,comida china,,es,RULE_GRAMMAR,RULE_SELECTED,PENDING_EMPIRICAL,UNKNOWN,PENDING,NOT_YET_TESTED,PENDING_TOPIC_EXTRACTION,,RULE_GENERATED,,,,,,N/A,,GRAMMAR-LOCALIZED-1.0,NOT_REQUIRED,,PENDING_EMPIRICAL_VALIDATION,,,,,,https://trends.google.com/trends/explore?date=2018-01-01%202026-08-09&geo=AR&q=comida%20china&hl=en,의도어 문법 KFOOD_P03([위약] 중식) x 아르헨티나(es),,,[위약] 중식 · TOPIC 후보,KFOOD_ITEM_MASTER_V1
TR|KFOOD|KFOOD_C01,TR,KFOOD,KFOOD_C01,,keyword,Kore yemekleri,,tr,RULE_GRAMMAR,RULE_SELECTED,PENDING_EMPIRICAL,UNKNOWN,PENDING,NOT_YET_TESTED,PENDING_TOPIC_EXTRACTION,,RULE_GENERATED,,,,,,N/A,,GRAMMAR-LOCALIZED-1.0,NOT_REQUIRED,,PENDING_EMPIRICAL_VALIDATION,,,,,,https://trends.google.com/trends/explore?date=2018-01-01%202026-08-09&geo=TR&q=Kore%20yemekleri&hl=en,의도어 문법 KFOOD_C01(한국 음식 일반) x 튀르키예(tr),,,한국 음식 일반 · TOPIC 후보,KFOOD_ITEM_MASTER_V1
TR|KFOOD|KFOOD_C02,TR,KFOOD,KFOOD_C02,,keyword,Kore yemek tarifi,,tr,RULE_GRAMMAR,RULE_SELECTED,PENDING_EMPIRICAL,UNKNOWN,PENDING,NOT_YET_TESTED,PENDING_DOM_EXTRACTION,,RULE_GENERATED,,,,,,N/A,,GRAMMAR-LOCALIZED-1.0,NOT_REQUIRED,,PENDING_EMPIRICAL_VALIDATION,,,,,,https://trends.google.com/trends/explore?date=2018-01-01%202026-08-09&geo=TR&q=Kore%20yemek%20tarifi&hl=en,의도어 문법 KFOOD_C02(한국 요리법 (가정조리)) x 튀르키예(tr),,,한국 요리법 (가정조리),KFOOD_ITEM_MASTER_V1
TR|KFOOD|KFOOD_C03,TR,KFOOD,KFOOD_C03,,keyword,Kore restoranı,,tr,RULE_GRAMMAR,RULE_SELECTED,PENDING_EMPIRICAL,UNKNOWN,PENDING,NOT_YET_TESTED,PENDING_DOM_EXTRACTION,,RULE_GENERATED,,,,,,N/A,,GRAMMAR-LOCALIZED-1.0,NOT_REQUIRED,,PENDING_EMPIRICAL_VALIDATION,,,,,,https://trends.google.com/trends/explore?date=2018-01-01%202026-08-09&geo=TR&q=Kore%20restoran%C4%B1&hl=en,의도어 문법 KFOOD_C03(한식당 (외식)) x 튀르키예(tr),,,한식당 (외식),KFOOD_ITEM_MASTER_V1
TR|KFOOD|KFOOD_I01,TR,KFOOD,KFOOD_I01,,keyword,Kore ramyeon,,tr,FROZEN_ITEM_MASTER,RULE_SELECTED,PENDING_EMPIRICAL,UNKNOWN,PENDING,NOT_YET_TESTED,PENDING_TOPIC_EXTRACTION,,RULE_GENERATED,,,,,,N/A,,ITEM-MASTER-TRANSLATED-1.0,NOT_REQUIRED,,PENDING_EMPIRICAL_VALIDATION,,,,,,https://trends.google.com/trends/explore?date=2018-01-01%202026-08-09&geo=TR&q=Kore%20ramyeon&hl=en,동결 품목 190230 의 소비자 검색어 번역 x 튀르키예(tr),,'ramen' 단독은 일식을 가리킨다. 전 언어에서 한국 수식어를 붙였으나 그만큼 검색량이 줄어 과소측정 가능,라면 · TOPIC 후보,KFOOD_ITEM_MASTER_V1
TR|KFOOD|KFOOD_I02,TR,KFOOD,KFOOD_I02,,keyword,kimchi,,tr,FROZEN_ITEM_MASTER,RULE_SELECTED,PENDING_EMPIRICAL,UNKNOWN,PENDING,NOT_YET_TESTED,PENDING_TOPIC_EXTRACTION,,RULE_GENERATED,,,,,,N/A,,ITEM-MASTER-TRANSLATED-1.0,NOT_REQUIRED,,PENDING_EMPIRICAL_VALIDATION,,,,,,https://trends.google.com/trends/explore?date=2018-01-01%202026-08-09&geo=TR&q=kimchi&hl=en,동결 품목 200599 의 소비자 검색어 번역 x 튀르키예(tr),,일본은 자국산 김치를 대량 생산해 JP 신호에 국산 수요가 섞인다,김치 · TOPIC 후보,KFOOD_ITEM_MASTER_V1
TR|KFOOD|KFOOD_I03,TR,KFOOD,KFOOD_I03,,keyword,Kore yosunu,,tr,FROZEN_ITEM_MASTER,RULE_SELECTED,PENDING_EMPIRICAL,UNKNOWN,PENDING,NOT_YET_TESTED,PENDING_DOM_EXTRACTION,,RULE_GENERATED,,,,,,N/A,,ITEM-MASTER-TRANSLATED-1.0,NOT_REQUIRED,,PENDING_EMPIRICAL_VALIDATION,,,,,,https://trends.google.com/trends/explore?date=2018-01-01%202026-08-09&geo=TR&q=Kore%20yosunu&hl=en,동결 품목 121221 의 소비자 검색어 번역 x 튀르키예(tr),,일본어 のり 단독은 일본산 김. 韓国のり 로 한정,김 (조미김),KFOOD_ITEM_MASTER_V1
TR|KFOOD|KFOOD_I04,TR,KFOOD,KFOOD_I04,,keyword,gochujang,,tr,FROZEN_ITEM_MASTER,RULE_SELECTED,PENDING_EMPIRICAL,UNKNOWN,PENDING,NOT_YET_TESTED,PENDING_TOPIC_EXTRACTION,,RULE_GENERATED,,,,,,N/A,,ITEM-MASTER-TRANSLATED-1.0,NOT_REQUIRED,,PENDING_EMPIRICAL_VALIDATION,,,,,,https://trends.google.com/trends/explore?date=2018-01-01%202026-08-09&geo=TR&q=gochujang&hl=en,동결 품목 210390 의 소비자 검색어 번역 x 튀르키예(tr),,,고추장·소스 · TOPIC 후보,KFOOD_ITEM_MASTER_V1
TR|KFOOD|KFOOD_I05,TR,KFOOD,KFOOD_I05,,keyword,soju,,tr,FROZEN_ITEM_MASTER,RULE_SELECTED,PENDING_EMPIRICAL,UNKNOWN,PENDING,NOT_YET_TESTED,PENDING_TOPIC_EXTRACTION,,RULE_GENERATED,,,,,,N/A,,ITEM-MASTER-TRANSLATED-1.0,NOT_REQUIRED,,PENDING_EMPIRICAL_VALIDATION,,,,,,https://trends.google.com/trends/explore?date=2018-01-01%202026-08-09&geo=TR&q=soju&hl=en,동결 품목 220890·220870 의 소비자 검색어 번역 x 튀르키예(tr),,일본어 焼酎 는 일본 소주다. 韓国焼酎 로 한정했으나 ソジュ 표기와 분산될 수 있음,소주 · TOPIC 후보,KFOOD_ITEM_MASTER_V1
TR|KFOOD|KFOOD_I06,TR,KFOOD,KFOOD_I06,,keyword,Kore atıştırmalıkları,,tr,FROZEN_ITEM_MASTER,RULE_SELECTED,PENDING_EMPIRICAL,UNKNOWN,PENDING,NOT_YET_TESTED,PENDING_DOM_EXTRACTION,,RULE_GENERATED,,,,,,N/A,,ITEM-MASTER-TRANSLATED-1.0,NOT_REQUIRED,,PENDING_EMPIRICAL_VALIDATION,,,,,,https://trends.google.com/trends/explore?date=2018-01-01%202026-08-09&geo=TR&q=Kore%20at%C4%B1%C5%9Ft%C4%B1rmal%C4%B1klar%C4%B1&hl=en,동결 품목 190590·190410·170490 의 소비자 검색어 번역 x 튀르키예(tr),,과자는 HS 3개 통합 개념이라 품목 대응이 1:1 이 아니다,한국 과자,KFOOD_ITEM_MASTER_V1
TR|KFOOD|KFOOD_I07,TR,KFOOD,KFOOD_I07,,keyword,Kore ginsengi,,tr,FROZEN_ITEM_MASTER,RULE_SELECTED,PENDING_EMPIRICAL,UNKNOWN,PENDING,NOT_YET_TESTED,PENDING_TOPIC_EXTRACTION,,RULE_GENERATED,,,,,,N/A,,ITEM-MASTER-TRANSLATED-1.0,NOT_REQUIRED,,PENDING_EMPIRICAL_VALIDATION,,,,,,https://trends.google.com/trends/explore?date=2018-01-01%202026-08-09&geo=TR&q=Kore%20ginsengi&hl=en,동결 품목 121120 의 소비자 검색어 번역 x 튀르키예(tr),,,인삼·홍삼 · TOPIC 후보,KFOOD_ITEM_MASTER_V1
TR|KFOOD|KFOOD_I08,TR,KFOOD,KFOOD_I08,,keyword,Kore hazır kahve,,tr,FROZEN_ITEM_MASTER,RULE_SELECTED,PENDING_EMPIRICAL,UNKNOWN,PENDING,NOT_YET_TESTED,PENDING_DOM_EXTRACTION,,RULE_GENERATED,,,,,,N/A,,ITEM-MASTER-TRANSLATED-1.0,NOT_REQUIRED,,PENDING_EMPIRICAL_VALIDATION,,,,,,https://trends.google.com/trends/explore?date=2018-01-01%202026-08-09&geo=TR&q=Kore%20haz%C4%B1r%20kahve&hl=en,동결 품목 210111 의 소비자 검색어 번역 x 튀르키예(tr),,,커피믹스,KFOOD_ITEM_MASTER_V1
TR|KFOOD|KFOOD_I09,TR,KFOOD,KFOOD_I09,,keyword,Kore balık keki,,tr,FROZEN_ITEM_MASTER,RULE_SELECTED,PENDING_EMPIRICAL,UNKNOWN,PENDING,NOT_YET_TESTED,PENDING_DOM_EXTRACTION,,RULE_GENERATED,,,,,,N/A,,ITEM-MASTER-TRANSLATED-1.0,NOT_REQUIRED,,PENDING_EMPIRICAL_VALIDATION,,,,,,https://trends.google.com/trends/explore?date=2018-01-01%202026-08-09&geo=TR&q=Kore%20bal%C4%B1k%20keki&hl=en,동결 품목 160420 의 소비자 검색어 번역 x 튀르키예(tr),,직역어라 실제 검색되지 않을 가능성이 높다 — 실증에서 탈락 예상,어묵,KFOOD_ITEM_MASTER_V1
TR|KFOOD|KFOOD_I10,TR,KFOOD,KFOOD_I10,,keyword,Kore birası,,tr,FROZEN_ITEM_MASTER,RULE_SELECTED,PENDING_EMPIRICAL,UNKNOWN,PENDING,NOT_YET_TESTED,PENDING_DOM_EXTRACTION,,RULE_GENERATED,,,,,,N/A,,ITEM-MASTER-TRANSLATED-1.0,NOT_REQUIRED,,PENDING_EMPIRICAL_VALIDATION,,,,,,https://trends.google.com/trends/explore?date=2018-01-01%202026-08-09&geo=TR&q=Kore%20biras%C4%B1&hl=en,동결 품목 220300 의 소비자 검색어 번역 x 튀르키예(tr),,,한국 맥주,KFOOD_ITEM_MASTER_V1
TR|KFOOD|KFOOD_I11,TR,KFOOD,KFOOD_I11,,keyword,Kore hazır pirinç,,tr,FROZEN_ITEM_MASTER,RULE_SELECTED,PENDING_EMPIRICAL,UNKNOWN,PENDING,NOT_YET_TESTED,PENDING_DOM_EXTRACTION,,RULE_GENERATED,,,,,,N/A,,ITEM-MASTER-TRANSLATED-1.0,NOT_REQUIRED,,PENDING_EMPIRICAL_VALIDATION,,,,,,https://trends.google.com/trends/explore?date=2018-01-01%202026-08-09&geo=TR&q=Kore%20haz%C4%B1r%20pirin%C3%A7&hl=en,동결 품목 190490 의 소비자 검색어 번역 x 튀르키예(tr),,,즉석밥,KFOOD_ITEM_MASTER_V1
TR|KFOOD|KFOOD_I12,TR,KFOOD,KFOOD_I12,,keyword,Kore çileği,,tr,FROZEN_ITEM_MASTER,RULE_SELECTED,PENDING_EMPIRICAL,UNKNOWN,PENDING,NOT_YET_TESTED,PENDING_DOM_EXTRACTION,,RULE_GENERATED,,,,,,N/A,,ITEM-MASTER-TRANSLATED-1.0,NOT_REQUIRED,,PENDING_EMPIRICAL_VALIDATION,,,,,,https://trends.google.com/trends/explore?date=2018-01-01%202026-08-09&geo=TR&q=Kore%20%C3%A7ile%C4%9Fi&hl=en,동결 품목 081010 의 소비자 검색어 번역 x 튀르키예(tr),,신선 딸기는 계절성이 극단적이라 월별 원계열로는 추세 판독 불가,한국 딸기,KFOOD_ITEM_MASTER_V1
TR|KFOOD|KFOOD_I13,TR,KFOOD,KFOOD_I13,,keyword,Kore dondurması,,tr,FROZEN_ITEM_MASTER,RULE_SELECTED,PENDING_EMPIRICAL,UNKNOWN,PENDING,NOT_YET_TESTED,PENDING_DOM_EXTRACTION,,RULE_GENERATED,,,,,,N/A,,ITEM-MASTER-TRANSLATED-1.0,NOT_REQUIRED,,PENDING_EMPIRICAL_VALIDATION,,,,,,https://trends.google.com/trends/explore?date=2018-01-01%202026-08-09&geo=TR&q=Kore%20dondurmas%C4%B1&hl=en,동결 품목 210500 의 소비자 검색어 번역 x 튀르키예(tr),,,한국 아이스크림,KFOOD_ITEM_MASTER_V1
TR|KFOOD|KFOOD_I14,TR,KFOOD,KFOOD_I14,,keyword,Kore içecekleri,,tr,FROZEN_ITEM_MASTER,RULE_SELECTED,PENDING_EMPIRICAL,UNKNOWN,PENDING,NOT_YET_TESTED,PENDING_DOM_EXTRACTION,,RULE_GENERATED,,,,,,N/A,,ITEM-MASTER-TRANSLATED-1.0,NOT_REQUIRED,,PENDING_EMPIRICAL_VALIDATION,,,,,,https://trends.google.com/trends/explore?date=2018-01-01%202026-08-09&geo=TR&q=Kore%20i%C3%A7ecekleri&hl=en,동결 품목 220299·220210 의 소비자 검색어 번역 x 튀르키예(tr),,'한국 음료'는 총칭이라 특정 제품 검색과 어긋날 수 있음,한국 음료,KFOOD_ITEM_MASTER_V1
TR|KFOOD|KFOOD_P01,TR,KFOOD,KFOOD_P01,,keyword,Japon yemekleri,,tr,RULE_GRAMMAR,RULE_SELECTED,PENDING_EMPIRICAL,UNKNOWN,PENDING,NOT_YET_TESTED,PENDING_TOPIC_EXTRACTION,,RULE_GENERATED,,,,,,N/A,,GRAMMAR-LOCALIZED-1.0,NOT_REQUIRED,,PENDING_EMPIRICAL_VALIDATION,,,,,,https://trends.google.com/trends/explore?date=2018-01-01%202026-08-09&geo=TR&q=Japon%20yemekleri&hl=en,의도어 문법 KFOOD_P01([위약] 일식) x 튀르키예(tr),,위약이지만 한식·일식은 대체재이자 보완재라 부호가 양쪽 다 가능 — 계수 부호까지 함께 볼 것,[위약] 일식 · TOPIC 후보,KFOOD_ITEM_MASTER_V1
TR|KFOOD|KFOOD_P02,TR,KFOOD,KFOOD_P02,,keyword,Tayland yemekleri,,tr,RULE_GRAMMAR,RULE_SELECTED,PENDING_EMPIRICAL,UNKNOWN,PENDING,NOT_YET_TESTED,PENDING_TOPIC_EXTRACTION,,RULE_GENERATED,,,,,,N/A,,GRAMMAR-LOCALIZED-1.0,NOT_REQUIRED,,PENDING_EMPIRICAL_VALIDATION,,,,,,https://trends.google.com/trends/explore?date=2018-01-01%202026-08-09&geo=TR&q=Tayland%20yemekleri&hl=en,의도어 문법 KFOOD_P02([위약] 태국 음식) x 튀르키예(tr),,,[위약] 태국 음식 · TOPIC 후보,KFOOD_ITEM_MASTER_V1
TR|KFOOD|KFOOD_P03,TR,KFOOD,KFOOD_P03,,keyword,Çin yemekleri,,tr,RULE_GRAMMAR,RULE_SELECTED,PENDING_EMPIRICAL,UNKNOWN,PENDING,NOT_YET_TESTED,PENDING_TOPIC_EXTRACTION,,RULE_GENERATED,,,,,,N/A,,GRAMMAR-LOCALIZED-1.0,NOT_REQUIRED,,PENDING_EMPIRICAL_VALIDATION,,,,,,https://trends.google.com/trends/explore?date=2018-01-01%202026-08-09&geo=TR&q=%C3%87in%20yemekleri&hl=en,의도어 문법 KFOOD_P03([위약] 중식) x 튀르키예(tr),,,[위약] 중식 · TOPIC 후보,KFOOD_ITEM_MASTER_V1
AE|KFOOD|KFOOD_C01,AE,KFOOD,KFOOD_C01,,keyword,الطعام الكوري,,ar,RULE_GRAMMAR,RULE_SELECTED,PENDING_EMPIRICAL,UNKNOWN,PENDING,NOT_YET_TESTED,PENDING_TOPIC_EXTRACTION,,RULE_GENERATED,,,,,,N/A,,GRAMMAR-LOCALIZED-1.0,NOT_REQUIRED,,PENDING_EMPIRICAL_VALIDATION,,,,,,https://trends.google.com/trends/explore?date=2018-01-01%202026-08-09&geo=AE&q=%D8%A7%D9%84%D8%B7%D8%B9%D8%A7%D9%85%20%D8%A7%D9%84%D9%83%D9%88%D8%B1%D9%8A&hl=en,의도어 문법 KFOOD_C01(한국 음식 일반) x 아랍에미리트(ar),,,한국 음식 일반 · TOPIC 후보,KFOOD_ITEM_MASTER_V1
AE|KFOOD|KFOOD_C02,AE,KFOOD,KFOOD_C02,,keyword,وصفات كورية,,ar,RULE_GRAMMAR,RULE_SELECTED,PENDING_EMPIRICAL,UNKNOWN,PENDING,NOT_YET_TESTED,PENDING_DOM_EXTRACTION,,RULE_GENERATED,,,,,,N/A,,GRAMMAR-LOCALIZED-1.0,NOT_REQUIRED,,PENDING_EMPIRICAL_VALIDATION,,,,,,https://trends.google.com/trends/explore?date=2018-01-01%202026-08-09&geo=AE&q=%D9%88%D8%B5%D9%81%D8%A7%D8%AA%20%D9%83%D9%88%D8%B1%D9%8A%D8%A9&hl=en,의도어 문법 KFOOD_C02(한국 요리법 (가정조리)) x 아랍에미리트(ar),,,한국 요리법 (가정조리),KFOOD_ITEM_MASTER_V1
AE|KFOOD|KFOOD_C03,AE,KFOOD,KFOOD_C03,,keyword,مطعم كوري,,ar,RULE_GRAMMAR,RULE_SELECTED,PENDING_EMPIRICAL,UNKNOWN,PENDING,NOT_YET_TESTED,PENDING_DOM_EXTRACTION,,RULE_GENERATED,,,,,,N/A,,GRAMMAR-LOCALIZED-1.0,NOT_REQUIRED,,PENDING_EMPIRICAL_VALIDATION,,,,,,https://trends.google.com/trends/explore?date=2018-01-01%202026-08-09&geo=AE&q=%D9%85%D8%B7%D8%B9%D9%85%20%D9%83%D9%88%D8%B1%D9%8A&hl=en,의도어 문법 KFOOD_C03(한식당 (외식)) x 아랍에미리트(ar),,,한식당 (외식),KFOOD_ITEM_MASTER_V1
AE|KFOOD|KFOOD_I01,AE,KFOOD,KFOOD_I01,,keyword,راميون كوري,,ar,FROZEN_ITEM_MASTER,RULE_SELECTED,PENDING_EMPIRICAL,UNKNOWN,PENDING,NOT_YET_TESTED,PENDING_TOPIC_EXTRACTION,,RULE_GENERATED,,,,,,N/A,,ITEM-MASTER-TRANSLATED-1.0,NOT_REQUIRED,,PENDING_EMPIRICAL_VALIDATION,,,,,,https://trends.google.com/trends/explore?date=2018-01-01%202026-08-09&geo=AE&q=%D8%B1%D8%A7%D9%85%D9%8A%D9%88%D9%86%20%D9%83%D9%88%D8%B1%D9%8A&hl=en,동결 품목 190230 의 소비자 검색어 번역 x 아랍에미리트(ar),,'ramen' 단독은 일식을 가리킨다. 전 언어에서 한국 수식어를 붙였으나 그만큼 검색량이 줄어 과소측정 가능,라면 · TOPIC 후보,KFOOD_ITEM_MASTER_V1
AE|KFOOD|KFOOD_I02,AE,KFOOD,KFOOD_I02,,keyword,كيمتشي,,ar,FROZEN_ITEM_MASTER,RULE_SELECTED,PENDING_EMPIRICAL,UNKNOWN,PENDING,NOT_YET_TESTED,PENDING_TOPIC_EXTRACTION,,RULE_GENERATED,,,,,,N/A,,ITEM-MASTER-TRANSLATED-1.0,NOT_REQUIRED,,PENDING_EMPIRICAL_VALIDATION,,,,,,https://trends.google.com/trends/explore?date=2018-01-01%202026-08-09&geo=AE&q=%D9%83%D9%8A%D9%85%D8%AA%D8%B4%D9%8A&hl=en,동결 품목 200599 의 소비자 검색어 번역 x 아랍에미리트(ar),,일본은 자국산 김치를 대량 생산해 JP 신호에 국산 수요가 섞인다,김치 · TOPIC 후보,KFOOD_ITEM_MASTER_V1
AE|KFOOD|KFOOD_I03,AE,KFOOD,KFOOD_I03,,keyword,أعشاب بحرية كورية,,ar,FROZEN_ITEM_MASTER,RULE_SELECTED,PENDING_EMPIRICAL,UNKNOWN,PENDING,NOT_YET_TESTED,PENDING_DOM_EXTRACTION,,RULE_GENERATED,,,,,,N/A,,ITEM-MASTER-TRANSLATED-1.0,NOT_REQUIRED,,PENDING_EMPIRICAL_VALIDATION,,,,,,https://trends.google.com/trends/explore?date=2018-01-01%202026-08-09&geo=AE&q=%D8%A3%D8%B9%D8%B4%D8%A7%D8%A8%20%D8%A8%D8%AD%D8%B1%D9%8A%D8%A9%20%D9%83%D9%88%D8%B1%D9%8A%D8%A9&hl=en,동결 품목 121221 의 소비자 검색어 번역 x 아랍에미리트(ar),,일본어 のり 단독은 일본산 김. 韓国のり 로 한정,김 (조미김),KFOOD_ITEM_MASTER_V1
AE|KFOOD|KFOOD_I04,AE,KFOOD,KFOOD_I04,,keyword,غوتشوجانغ,,ar,FROZEN_ITEM_MASTER,RULE_SELECTED,PENDING_EMPIRICAL,UNKNOWN,PENDING,NOT_YET_TESTED,PENDING_TOPIC_EXTRACTION,,RULE_GENERATED,,,,,,N/A,,ITEM-MASTER-TRANSLATED-1.0,NOT_REQUIRED,,PENDING_EMPIRICAL_VALIDATION,,,,,,https://trends.google.com/trends/explore?date=2018-01-01%202026-08-09&geo=AE&q=%D8%BA%D9%88%D8%AA%D8%B4%D9%88%D8%AC%D8%A7%D9%86%D8%BA&hl=en,동결 품목 210390 의 소비자 검색어 번역 x 아랍에미리트(ar),,,고추장·소스 · TOPIC 후보,KFOOD_ITEM_MASTER_V1
AE|KFOOD|KFOOD_I05,AE,KFOOD,KFOOD_I05,,keyword,سوجو,,ar,FROZEN_ITEM_MASTER,RULE_SELECTED,PENDING_EMPIRICAL,UNKNOWN,PENDING,NOT_YET_TESTED,PENDING_TOPIC_EXTRACTION,,RULE_GENERATED,,,,,,N/A,,ITEM-MASTER-TRANSLATED-1.0,NOT_REQUIRED,,PENDING_EMPIRICAL_VALIDATION,,,,,,https://trends.google.com/trends/explore?date=2018-01-01%202026-08-09&geo=AE&q=%D8%B3%D9%88%D8%AC%D9%88&hl=en,동결 품목 220890·220870 의 소비자 검색어 번역 x 아랍에미리트(ar),,일본어 焼酎 는 일본 소주다. 韓国焼酎 로 한정했으나 ソジュ 표기와 분산될 수 있음,소주 · TOPIC 후보,KFOOD_ITEM_MASTER_V1
AE|KFOOD|KFOOD_I06,AE,KFOOD,KFOOD_I06,,keyword,وجبات خفيفة كورية,,ar,FROZEN_ITEM_MASTER,RULE_SELECTED,PENDING_EMPIRICAL,UNKNOWN,PENDING,NOT_YET_TESTED,PENDING_DOM_EXTRACTION,,RULE_GENERATED,,,,,,N/A,,ITEM-MASTER-TRANSLATED-1.0,NOT_REQUIRED,,PENDING_EMPIRICAL_VALIDATION,,,,,,https://trends.google.com/trends/explore?date=2018-01-01%202026-08-09&geo=AE&q=%D9%88%D8%AC%D8%A8%D8%A7%D8%AA%20%D8%AE%D9%81%D9%8A%D9%81%D8%A9%20%D9%83%D9%88%D8%B1%D9%8A%D8%A9&hl=en,동결 품목 190590·190410·170490 의 소비자 검색어 번역 x 아랍에미리트(ar),,과자는 HS 3개 통합 개념이라 품목 대응이 1:1 이 아니다,한국 과자,KFOOD_ITEM_MASTER_V1
AE|KFOOD|KFOOD_I07,AE,KFOOD,KFOOD_I07,,keyword,جينسنغ كوري,,ar,FROZEN_ITEM_MASTER,RULE_SELECTED,PENDING_EMPIRICAL,UNKNOWN,PENDING,NOT_YET_TESTED,PENDING_TOPIC_EXTRACTION,,RULE_GENERATED,,,,,,N/A,,ITEM-MASTER-TRANSLATED-1.0,NOT_REQUIRED,,PENDING_EMPIRICAL_VALIDATION,,,,,,https://trends.google.com/trends/explore?date=2018-01-01%202026-08-09&geo=AE&q=%D8%AC%D9%8A%D9%86%D8%B3%D9%86%D8%BA%20%D9%83%D9%88%D8%B1%D9%8A&hl=en,동결 품목 121120 의 소비자 검색어 번역 x 아랍에미리트(ar),,,인삼·홍삼 · TOPIC 후보,KFOOD_ITEM_MASTER_V1
AE|KFOOD|KFOOD_I08,AE,KFOOD,KFOOD_I08,,keyword,قهوة كورية سريعة التحضير,,ar,FROZEN_ITEM_MASTER,RULE_SELECTED,PENDING_EMPIRICAL,UNKNOWN,PENDING,NOT_YET_TESTED,PENDING_DOM_EXTRACTION,,RULE_GENERATED,,,,,,N/A,,ITEM-MASTER-TRANSLATED-1.0,NOT_REQUIRED,,PENDING_EMPIRICAL_VALIDATION,,,,,,https://trends.google.com/trends/explore?date=2018-01-01%202026-08-09&geo=AE&q=%D9%82%D9%87%D9%88%D8%A9%20%D9%83%D9%88%D8%B1%D9%8A%D8%A9%20%D8%B3%D8%B1%D9%8A%D8%B9%D8%A9%20%D8%A7%D9%84%D8%AA%D8%AD%D8%B6%D9%8A%D8%B1&hl=en,동결 품목 210111 의 소비자 검색어 번역 x 아랍에미리트(ar),,,커피믹스,KFOOD_ITEM_MASTER_V1
AE|KFOOD|KFOOD_I09,AE,KFOOD,KFOOD_I09,,keyword,كعك السمك الكوري,,ar,FROZEN_ITEM_MASTER,RULE_SELECTED,PENDING_EMPIRICAL,UNKNOWN,PENDING,NOT_YET_TESTED,PENDING_DOM_EXTRACTION,,RULE_GENERATED,,,,,,N/A,,ITEM-MASTER-TRANSLATED-1.0,NOT_REQUIRED,,PENDING_EMPIRICAL_VALIDATION,,,,,,https://trends.google.com/trends/explore?date=2018-01-01%202026-08-09&geo=AE&q=%D9%83%D8%B9%D9%83%20%D8%A7%D9%84%D8%B3%D9%85%D9%83%20%D8%A7%D9%84%D9%83%D9%88%D8%B1%D9%8A&hl=en,동결 품목 160420 의 소비자 검색어 번역 x 아랍에미리트(ar),,직역어라 실제 검색되지 않을 가능성이 높다 — 실증에서 탈락 예상,어묵,KFOOD_ITEM_MASTER_V1
AE|KFOOD|KFOOD_I10,AE,KFOOD,KFOOD_I10,,keyword,بيرة كورية,,ar,FROZEN_ITEM_MASTER,RULE_SELECTED,PENDING_EMPIRICAL,UNKNOWN,PENDING,NOT_YET_TESTED,PENDING_DOM_EXTRACTION,,RULE_GENERATED,,,,,,N/A,,ITEM-MASTER-TRANSLATED-1.0,NOT_REQUIRED,,PENDING_EMPIRICAL_VALIDATION,,,,,,https://trends.google.com/trends/explore?date=2018-01-01%202026-08-09&geo=AE&q=%D8%A8%D9%8A%D8%B1%D8%A9%20%D9%83%D9%88%D8%B1%D9%8A%D8%A9&hl=en,동결 품목 220300 의 소비자 검색어 번역 x 아랍에미리트(ar),,,한국 맥주,KFOOD_ITEM_MASTER_V1
AE|KFOOD|KFOOD_I11,AE,KFOOD,KFOOD_I11,,keyword,أرز كوري سريع التحضير,,ar,FROZEN_ITEM_MASTER,RULE_SELECTED,PENDING_EMPIRICAL,UNKNOWN,PENDING,NOT_YET_TESTED,PENDING_DOM_EXTRACTION,,RULE_GENERATED,,,,,,N/A,,ITEM-MASTER-TRANSLATED-1.0,NOT_REQUIRED,,PENDING_EMPIRICAL_VALIDATION,,,,,,https://trends.google.com/trends/explore?date=2018-01-01%202026-08-09&geo=AE&q=%D8%A3%D8%B1%D8%B2%20%D9%83%D9%88%D8%B1%D9%8A%20%D8%B3%D8%B1%D9%8A%D8%B9%20%D8%A7%D9%84%D8%AA%D8%AD%D8%B6%D9%8A%D8%B1&hl=en,동결 품목 190490 의 소비자 검색어 번역 x 아랍에미리트(ar),,,즉석밥,KFOOD_ITEM_MASTER_V1
AE|KFOOD|KFOOD_I12,AE,KFOOD,KFOOD_I12,,keyword,فراولة كورية,,ar,FROZEN_ITEM_MASTER,RULE_SELECTED,PENDING_EMPIRICAL,UNKNOWN,PENDING,NOT_YET_TESTED,PENDING_DOM_EXTRACTION,,RULE_GENERATED,,,,,,N/A,,ITEM-MASTER-TRANSLATED-1.0,NOT_REQUIRED,,PENDING_EMPIRICAL_VALIDATION,,,,,,https://trends.google.com/trends/explore?date=2018-01-01%202026-08-09&geo=AE&q=%D9%81%D8%B1%D8%A7%D9%88%D9%84%D8%A9%20%D9%83%D9%88%D8%B1%D9%8A%D8%A9&hl=en,동결 품목 081010 의 소비자 검색어 번역 x 아랍에미리트(ar),,신선 딸기는 계절성이 극단적이라 월별 원계열로는 추세 판독 불가,한국 딸기,KFOOD_ITEM_MASTER_V1
AE|KFOOD|KFOOD_I13,AE,KFOOD,KFOOD_I13,,keyword,آيس كريم كوري,,ar,FROZEN_ITEM_MASTER,RULE_SELECTED,PENDING_EMPIRICAL,UNKNOWN,PENDING,NOT_YET_TESTED,PENDING_DOM_EXTRACTION,,RULE_GENERATED,,,,,,N/A,,ITEM-MASTER-TRANSLATED-1.0,NOT_REQUIRED,,PENDING_EMPIRICAL_VALIDATION,,,,,,https://trends.google.com/trends/explore?date=2018-01-01%202026-08-09&geo=AE&q=%D8%A2%D9%8A%D8%B3%20%D9%83%D8%B1%D9%8A%D9%85%20%D9%83%D9%88%D8%B1%D9%8A&hl=en,동결 품목 210500 의 소비자 검색어 번역 x 아랍에미리트(ar),,,한국 아이스크림,KFOOD_ITEM_MASTER_V1
AE|KFOOD|KFOOD_I14,AE,KFOOD,KFOOD_I14,,keyword,مشروبات كورية,,ar,FROZEN_ITEM_MASTER,RULE_SELECTED,PENDING_EMPIRICAL,UNKNOWN,PENDING,NOT_YET_TESTED,PENDING_DOM_EXTRACTION,,RULE_GENERATED,,,,,,N/A,,ITEM-MASTER-TRANSLATED-1.0,NOT_REQUIRED,,PENDING_EMPIRICAL_VALIDATION,,,,,,https://trends.google.com/trends/explore?date=2018-01-01%202026-08-09&geo=AE&q=%D9%85%D8%B4%D8%B1%D9%88%D8%A8%D8%A7%D8%AA%20%D9%83%D9%88%D8%B1%D9%8A%D8%A9&hl=en,동결 품목 220299·220210 의 소비자 검색어 번역 x 아랍에미리트(ar),,'한국 음료'는 총칭이라 특정 제품 검색과 어긋날 수 있음,한국 음료,KFOOD_ITEM_MASTER_V1
AE|KFOOD|KFOOD_P01,AE,KFOOD,KFOOD_P01,,keyword,الطعام الياباني,,ar,RULE_GRAMMAR,RULE_SELECTED,PENDING_EMPIRICAL,UNKNOWN,PENDING,NOT_YET_TESTED,PENDING_TOPIC_EXTRACTION,,RULE_GENERATED,,,,,,N/A,,GRAMMAR-LOCALIZED-1.0,NOT_REQUIRED,,PENDING_EMPIRICAL_VALIDATION,,,,,,https://trends.google.com/trends/explore?date=2018-01-01%202026-08-09&geo=AE&q=%D8%A7%D9%84%D8%B7%D8%B9%D8%A7%D9%85%20%D8%A7%D9%84%D9%8A%D8%A7%D8%A8%D8%A7%D9%86%D9%8A&hl=en,의도어 문법 KFOOD_P01([위약] 일식) x 아랍에미리트(ar),,위약이지만 한식·일식은 대체재이자 보완재라 부호가 양쪽 다 가능 — 계수 부호까지 함께 볼 것,[위약] 일식 · TOPIC 후보,KFOOD_ITEM_MASTER_V1
AE|KFOOD|KFOOD_P02,AE,KFOOD,KFOOD_P02,,keyword,الطعام التايلاندي,,ar,RULE_GRAMMAR,RULE_SELECTED,PENDING_EMPIRICAL,UNKNOWN,PENDING,NOT_YET_TESTED,PENDING_TOPIC_EXTRACTION,,RULE_GENERATED,,,,,,N/A,,GRAMMAR-LOCALIZED-1.0,NOT_REQUIRED,,PENDING_EMPIRICAL_VALIDATION,,,,,,https://trends.google.com/trends/explore?date=2018-01-01%202026-08-09&geo=AE&q=%D8%A7%D9%84%D8%B7%D8%B9%D8%A7%D9%85%20%D8%A7%D9%84%D8%AA%D8%A7%D9%8A%D9%84%D8%A7%D9%86%D8%AF%D9%8A&hl=en,의도어 문법 KFOOD_P02([위약] 태국 음식) x 아랍에미리트(ar),,,[위약] 태국 음식 · TOPIC 후보,KFOOD_ITEM_MASTER_V1
AE|KFOOD|KFOOD_P03,AE,KFOOD,KFOOD_P03,,keyword,الطعام الصيني,,ar,RULE_GRAMMAR,RULE_SELECTED,PENDING_EMPIRICAL,UNKNOWN,PENDING,NOT_YET_TESTED,PENDING_TOPIC_EXTRACTION,,RULE_GENERATED,,,,,,N/A,,GRAMMAR-LOCALIZED-1.0,NOT_REQUIRED,,PENDING_EMPIRICAL_VALIDATION,,,,,,https://trends.google.com/trends/explore?date=2018-01-01%202026-08-09&geo=AE&q=%D8%A7%D9%84%D8%B7%D8%B9%D8%A7%D9%85%20%D8%A7%D9%84%D8%B5%D9%8A%D9%86%D9%8A&hl=en,의도어 문법 KFOOD_P03([위약] 중식) x 아랍에미리트(ar),,,[위약] 중식 · TOPIC 후보,KFOOD_ITEM_MASTER_V1
SA|KFOOD|KFOOD_C01,SA,KFOOD,KFOOD_C01,,keyword,الطعام الكوري,,ar,RULE_GRAMMAR,RULE_SELECTED,PENDING_EMPIRICAL,UNKNOWN,PENDING,NOT_YET_TESTED,PENDING_TOPIC_EXTRACTION,,RULE_GENERATED,,,,,,N/A,,GRAMMAR-LOCALIZED-1.0,NOT_REQUIRED,,PENDING_EMPIRICAL_VALIDATION,,,,,,https://trends.google.com/trends/explore?date=2018-01-01%202026-08-09&geo=SA&q=%D8%A7%D9%84%D8%B7%D8%B9%D8%A7%D9%85%20%D8%A7%D9%84%D9%83%D9%88%D8%B1%D9%8A&hl=en,의도어 문법 KFOOD_C01(한국 음식 일반) x 사우디아라비아(ar),,,한국 음식 일반 · TOPIC 후보,KFOOD_ITEM_MASTER_V1
SA|KFOOD|KFOOD_C02,SA,KFOOD,KFOOD_C02,,keyword,وصفات كورية,,ar,RULE_GRAMMAR,RULE_SELECTED,PENDING_EMPIRICAL,UNKNOWN,PENDING,NOT_YET_TESTED,PENDING_DOM_EXTRACTION,,RULE_GENERATED,,,,,,N/A,,GRAMMAR-LOCALIZED-1.0,NOT_REQUIRED,,PENDING_EMPIRICAL_VALIDATION,,,,,,https://trends.google.com/trends/explore?date=2018-01-01%202026-08-09&geo=SA&q=%D9%88%D8%B5%D9%81%D8%A7%D8%AA%20%D9%83%D9%88%D8%B1%D9%8A%D8%A9&hl=en,의도어 문법 KFOOD_C02(한국 요리법 (가정조리)) x 사우디아라비아(ar),,,한국 요리법 (가정조리),KFOOD_ITEM_MASTER_V1
SA|KFOOD|KFOOD_C03,SA,KFOOD,KFOOD_C03,,keyword,مطعم كوري,,ar,RULE_GRAMMAR,RULE_SELECTED,PENDING_EMPIRICAL,UNKNOWN,PENDING,NOT_YET_TESTED,PENDING_DOM_EXTRACTION,,RULE_GENERATED,,,,,,N/A,,GRAMMAR-LOCALIZED-1.0,NOT_REQUIRED,,PENDING_EMPIRICAL_VALIDATION,,,,,,https://trends.google.com/trends/explore?date=2018-01-01%202026-08-09&geo=SA&q=%D9%85%D8%B7%D8%B9%D9%85%20%D9%83%D9%88%D8%B1%D9%8A&hl=en,의도어 문법 KFOOD_C03(한식당 (외식)) x 사우디아라비아(ar),,,한식당 (외식),KFOOD_ITEM_MASTER_V1
SA|KFOOD|KFOOD_I01,SA,KFOOD,KFOOD_I01,,keyword,راميون كوري,,ar,FROZEN_ITEM_MASTER,RULE_SELECTED,PENDING_EMPIRICAL,UNKNOWN,PENDING,NOT_YET_TESTED,PENDING_TOPIC_EXTRACTION,,RULE_GENERATED,,,,,,N/A,,ITEM-MASTER-TRANSLATED-1.0,NOT_REQUIRED,,PENDING_EMPIRICAL_VALIDATION,,,,,,https://trends.google.com/trends/explore?date=2018-01-01%202026-08-09&geo=SA&q=%D8%B1%D8%A7%D9%85%D9%8A%D9%88%D9%86%20%D9%83%D9%88%D8%B1%D9%8A&hl=en,동결 품목 190230 의 소비자 검색어 번역 x 사우디아라비아(ar),,'ramen' 단독은 일식을 가리킨다. 전 언어에서 한국 수식어를 붙였으나 그만큼 검색량이 줄어 과소측정 가능,라면 · TOPIC 후보,KFOOD_ITEM_MASTER_V1
SA|KFOOD|KFOOD_I02,SA,KFOOD,KFOOD_I02,,keyword,كيمتشي,,ar,FROZEN_ITEM_MASTER,RULE_SELECTED,PENDING_EMPIRICAL,UNKNOWN,PENDING,NOT_YET_TESTED,PENDING_TOPIC_EXTRACTION,,RULE_GENERATED,,,,,,N/A,,ITEM-MASTER-TRANSLATED-1.0,NOT_REQUIRED,,PENDING_EMPIRICAL_VALIDATION,,,,,,https://trends.google.com/trends/explore?date=2018-01-01%202026-08-09&geo=SA&q=%D9%83%D9%8A%D9%85%D8%AA%D8%B4%D9%8A&hl=en,동결 품목 200599 의 소비자 검색어 번역 x 사우디아라비아(ar),,일본은 자국산 김치를 대량 생산해 JP 신호에 국산 수요가 섞인다,김치 · TOPIC 후보,KFOOD_ITEM_MASTER_V1
SA|KFOOD|KFOOD_I03,SA,KFOOD,KFOOD_I03,,keyword,أعشاب بحرية كورية,,ar,FROZEN_ITEM_MASTER,RULE_SELECTED,PENDING_EMPIRICAL,UNKNOWN,PENDING,NOT_YET_TESTED,PENDING_DOM_EXTRACTION,,RULE_GENERATED,,,,,,N/A,,ITEM-MASTER-TRANSLATED-1.0,NOT_REQUIRED,,PENDING_EMPIRICAL_VALIDATION,,,,,,https://trends.google.com/trends/explore?date=2018-01-01%202026-08-09&geo=SA&q=%D8%A3%D8%B9%D8%B4%D8%A7%D8%A8%20%D8%A8%D8%AD%D8%B1%D9%8A%D8%A9%20%D9%83%D9%88%D8%B1%D9%8A%D8%A9&hl=en,동결 품목 121221 의 소비자 검색어 번역 x 사우디아라비아(ar),,일본어 のり 단독은 일본산 김. 韓国のり 로 한정,김 (조미김),KFOOD_ITEM_MASTER_V1
SA|KFOOD|KFOOD_I04,SA,KFOOD,KFOOD_I04,,keyword,غوتشوجانغ,,ar,FROZEN_ITEM_MASTER,RULE_SELECTED,PENDING_EMPIRICAL,UNKNOWN,PENDING,NOT_YET_TESTED,PENDING_TOPIC_EXTRACTION,,RULE_GENERATED,,,,,,N/A,,ITEM-MASTER-TRANSLATED-1.0,NOT_REQUIRED,,PENDING_EMPIRICAL_VALIDATION,,,,,,https://trends.google.com/trends/explore?date=2018-01-01%202026-08-09&geo=SA&q=%D8%BA%D9%88%D8%AA%D8%B4%D9%88%D8%AC%D8%A7%D9%86%D8%BA&hl=en,동결 품목 210390 의 소비자 검색어 번역 x 사우디아라비아(ar),,,고추장·소스 · TOPIC 후보,KFOOD_ITEM_MASTER_V1
SA|KFOOD|KFOOD_I05,SA,KFOOD,KFOOD_I05,,keyword,سوجو,,ar,FROZEN_ITEM_MASTER,RULE_SELECTED,PENDING_EMPIRICAL,UNKNOWN,PENDING,NOT_YET_TESTED,PENDING_TOPIC_EXTRACTION,,RULE_GENERATED,,,,,,N/A,,ITEM-MASTER-TRANSLATED-1.0,NOT_REQUIRED,,PENDING_EMPIRICAL_VALIDATION,,,,,,https://trends.google.com/trends/explore?date=2018-01-01%202026-08-09&geo=SA&q=%D8%B3%D9%88%D8%AC%D9%88&hl=en,동결 품목 220890·220870 의 소비자 검색어 번역 x 사우디아라비아(ar),,일본어 焼酎 는 일본 소주다. 韓国焼酎 로 한정했으나 ソジュ 표기와 분산될 수 있음,소주 · TOPIC 후보,KFOOD_ITEM_MASTER_V1
SA|KFOOD|KFOOD_I06,SA,KFOOD,KFOOD_I06,,keyword,وجبات خفيفة كورية,,ar,FROZEN_ITEM_MASTER,RULE_SELECTED,PENDING_EMPIRICAL,UNKNOWN,PENDING,NOT_YET_TESTED,PENDING_DOM_EXTRACTION,,RULE_GENERATED,,,,,,N/A,,ITEM-MASTER-TRANSLATED-1.0,NOT_REQUIRED,,PENDING_EMPIRICAL_VALIDATION,,,,,,https://trends.google.com/trends/explore?date=2018-01-01%202026-08-09&geo=SA&q=%D9%88%D8%AC%D8%A8%D8%A7%D8%AA%20%D8%AE%D9%81%D9%8A%D9%81%D8%A9%20%D9%83%D9%88%D8%B1%D9%8A%D8%A9&hl=en,동결 품목 190590·190410·170490 의 소비자 검색어 번역 x 사우디아라비아(ar),,과자는 HS 3개 통합 개념이라 품목 대응이 1:1 이 아니다,한국 과자,KFOOD_ITEM_MASTER_V1
SA|KFOOD|KFOOD_I07,SA,KFOOD,KFOOD_I07,,keyword,جينسنغ كوري,,ar,FROZEN_ITEM_MASTER,RULE_SELECTED,PENDING_EMPIRICAL,UNKNOWN,PENDING,NOT_YET_TESTED,PENDING_TOPIC_EXTRACTION,,RULE_GENERATED,,,,,,N/A,,ITEM-MASTER-TRANSLATED-1.0,NOT_REQUIRED,,PENDING_EMPIRICAL_VALIDATION,,,,,,https://trends.google.com/trends/explore?date=2018-01-01%202026-08-09&geo=SA&q=%D8%AC%D9%8A%D9%86%D8%B3%D9%86%D8%BA%20%D9%83%D9%88%D8%B1%D9%8A&hl=en,동결 품목 121120 의 소비자 검색어 번역 x 사우디아라비아(ar),,,인삼·홍삼 · TOPIC 후보,KFOOD_ITEM_MASTER_V1
SA|KFOOD|KFOOD_I08,SA,KFOOD,KFOOD_I08,,keyword,قهوة كورية سريعة التحضير,,ar,FROZEN_ITEM_MASTER,RULE_SELECTED,PENDING_EMPIRICAL,UNKNOWN,PENDING,NOT_YET_TESTED,PENDING_DOM_EXTRACTION,,RULE_GENERATED,,,,,,N/A,,ITEM-MASTER-TRANSLATED-1.0,NOT_REQUIRED,,PENDING_EMPIRICAL_VALIDATION,,,,,,https://trends.google.com/trends/explore?date=2018-01-01%202026-08-09&geo=SA&q=%D9%82%D9%87%D9%88%D8%A9%20%D9%83%D9%88%D8%B1%D9%8A%D8%A9%20%D8%B3%D8%B1%D9%8A%D8%B9%D8%A9%20%D8%A7%D9%84%D8%AA%D8%AD%D8%B6%D9%8A%D8%B1&hl=en,동결 품목 210111 의 소비자 검색어 번역 x 사우디아라비아(ar),,,커피믹스,KFOOD_ITEM_MASTER_V1
SA|KFOOD|KFOOD_I09,SA,KFOOD,KFOOD_I09,,keyword,كعك السمك الكوري,,ar,FROZEN_ITEM_MASTER,RULE_SELECTED,PENDING_EMPIRICAL,UNKNOWN,PENDING,NOT_YET_TESTED,PENDING_DOM_EXTRACTION,,RULE_GENERATED,,,,,,N/A,,ITEM-MASTER-TRANSLATED-1.0,NOT_REQUIRED,,PENDING_EMPIRICAL_VALIDATION,,,,,,https://trends.google.com/trends/explore?date=2018-01-01%202026-08-09&geo=SA&q=%D9%83%D8%B9%D9%83%20%D8%A7%D9%84%D8%B3%D9%85%D9%83%20%D8%A7%D9%84%D9%83%D9%88%D8%B1%D9%8A&hl=en,동결 품목 160420 의 소비자 검색어 번역 x 사우디아라비아(ar),,직역어라 실제 검색되지 않을 가능성이 높다 — 실증에서 탈락 예상,어묵,KFOOD_ITEM_MASTER_V1
SA|KFOOD|KFOOD_I10,SA,KFOOD,KFOOD_I10,,keyword,بيرة كورية,,ar,FROZEN_ITEM_MASTER,RULE_SELECTED,PENDING_EMPIRICAL,UNKNOWN,PENDING,NOT_YET_TESTED,PENDING_DOM_EXTRACTION,,RULE_GENERATED,,,,,,N/A,,ITEM-MASTER-TRANSLATED-1.0,NOT_REQUIRED,,PENDING_EMPIRICAL_VALIDATION,,,,,,https://trends.google.com/trends/explore?date=2018-01-01%202026-08-09&geo=SA&q=%D8%A8%D9%8A%D8%B1%D8%A9%20%D9%83%D9%88%D8%B1%D9%8A%D8%A9&hl=en,동결 품목 220300 의 소비자 검색어 번역 x 사우디아라비아(ar),,,한국 맥주,KFOOD_ITEM_MASTER_V1
SA|KFOOD|KFOOD_I11,SA,KFOOD,KFOOD_I11,,keyword,أرز كوري سريع التحضير,,ar,FROZEN_ITEM_MASTER,RULE_SELECTED,PENDING_EMPIRICAL,UNKNOWN,PENDING,NOT_YET_TESTED,PENDING_DOM_EXTRACTION,,RULE_GENERATED,,,,,,N/A,,ITEM-MASTER-TRANSLATED-1.0,NOT_REQUIRED,,PENDING_EMPIRICAL_VALIDATION,,,,,,https://trends.google.com/trends/explore?date=2018-01-01%202026-08-09&geo=SA&q=%D8%A3%D8%B1%D8%B2%20%D9%83%D9%88%D8%B1%D9%8A%20%D8%B3%D8%B1%D9%8A%D8%B9%20%D8%A7%D9%84%D8%AA%D8%AD%D8%B6%D9%8A%D8%B1&hl=en,동결 품목 190490 의 소비자 검색어 번역 x 사우디아라비아(ar),,,즉석밥,KFOOD_ITEM_MASTER_V1
SA|KFOOD|KFOOD_I12,SA,KFOOD,KFOOD_I12,,keyword,فراولة كورية,,ar,FROZEN_ITEM_MASTER,RULE_SELECTED,PENDING_EMPIRICAL,UNKNOWN,PENDING,NOT_YET_TESTED,PENDING_DOM_EXTRACTION,,RULE_GENERATED,,,,,,N/A,,ITEM-MASTER-TRANSLATED-1.0,NOT_REQUIRED,,PENDING_EMPIRICAL_VALIDATION,,,,,,https://trends.google.com/trends/explore?date=2018-01-01%202026-08-09&geo=SA&q=%D9%81%D8%B1%D8%A7%D9%88%D9%84%D8%A9%20%D9%83%D9%88%D8%B1%D9%8A%D8%A9&hl=en,동결 품목 081010 의 소비자 검색어 번역 x 사우디아라비아(ar),,신선 딸기는 계절성이 극단적이라 월별 원계열로는 추세 판독 불가,한국 딸기,KFOOD_ITEM_MASTER_V1
SA|KFOOD|KFOOD_I13,SA,KFOOD,KFOOD_I13,,keyword,آيس كريم كوري,,ar,FROZEN_ITEM_MASTER,RULE_SELECTED,PENDING_EMPIRICAL,UNKNOWN,PENDING,NOT_YET_TESTED,PENDING_DOM_EXTRACTION,,RULE_GENERATED,,,,,,N/A,,ITEM-MASTER-TRANSLATED-1.0,NOT_REQUIRED,,PENDING_EMPIRICAL_VALIDATION,,,,,,https://trends.google.com/trends/explore?date=2018-01-01%202026-08-09&geo=SA&q=%D8%A2%D9%8A%D8%B3%20%D9%83%D8%B1%D9%8A%D9%85%20%D9%83%D9%88%D8%B1%D9%8A&hl=en,동결 품목 210500 의 소비자 검색어 번역 x 사우디아라비아(ar),,,한국 아이스크림,KFOOD_ITEM_MASTER_V1
SA|KFOOD|KFOOD_I14,SA,KFOOD,KFOOD_I14,,keyword,مشروبات كورية,,ar,FROZEN_ITEM_MASTER,RULE_SELECTED,PENDING_EMPIRICAL,UNKNOWN,PENDING,NOT_YET_TESTED,PENDING_DOM_EXTRACTION,,RULE_GENERATED,,,,,,N/A,,ITEM-MASTER-TRANSLATED-1.0,NOT_REQUIRED,,PENDING_EMPIRICAL_VALIDATION,,,,,,https://trends.google.com/trends/explore?date=2018-01-01%202026-08-09&geo=SA&q=%D9%85%D8%B4%D8%B1%D9%88%D8%A8%D8%A7%D8%AA%20%D9%83%D9%88%D8%B1%D9%8A%D8%A9&hl=en,동결 품목 220299·220210 의 소비자 검색어 번역 x 사우디아라비아(ar),,'한국 음료'는 총칭이라 특정 제품 검색과 어긋날 수 있음,한국 음료,KFOOD_ITEM_MASTER_V1
SA|KFOOD|KFOOD_P01,SA,KFOOD,KFOOD_P01,,keyword,الطعام الياباني,,ar,RULE_GRAMMAR,RULE_SELECTED,PENDING_EMPIRICAL,UNKNOWN,PENDING,NOT_YET_TESTED,PENDING_TOPIC_EXTRACTION,,RULE_GENERATED,,,,,,N/A,,GRAMMAR-LOCALIZED-1.0,NOT_REQUIRED,,PENDING_EMPIRICAL_VALIDATION,,,,,,https://trends.google.com/trends/explore?date=2018-01-01%202026-08-09&geo=SA&q=%D8%A7%D9%84%D8%B7%D8%B9%D8%A7%D9%85%20%D8%A7%D9%84%D9%8A%D8%A7%D8%A8%D8%A7%D9%86%D9%8A&hl=en,의도어 문법 KFOOD_P01([위약] 일식) x 사우디아라비아(ar),,위약이지만 한식·일식은 대체재이자 보완재라 부호가 양쪽 다 가능 — 계수 부호까지 함께 볼 것,[위약] 일식 · TOPIC 후보,KFOOD_ITEM_MASTER_V1
SA|KFOOD|KFOOD_P02,SA,KFOOD,KFOOD_P02,,keyword,الطعام التايلاندي,,ar,RULE_GRAMMAR,RULE_SELECTED,PENDING_EMPIRICAL,UNKNOWN,PENDING,NOT_YET_TESTED,PENDING_TOPIC_EXTRACTION,,RULE_GENERATED,,,,,,N/A,,GRAMMAR-LOCALIZED-1.0,NOT_REQUIRED,,PENDING_EMPIRICAL_VALIDATION,,,,,,https://trends.google.com/trends/explore?date=2018-01-01%202026-08-09&geo=SA&q=%D8%A7%D9%84%D8%B7%D8%B9%D8%A7%D9%85%20%D8%A7%D9%84%D8%AA%D8%A7%D9%8A%D9%84%D8%A7%D9%86%D8%AF%D9%8A&hl=en,의도어 문법 KFOOD_P02([위약] 태국 음식) x 사우디아라비아(ar),,,[위약] 태국 음식 · TOPIC 후보,KFOOD_ITEM_MASTER_V1
SA|KFOOD|KFOOD_P03,SA,KFOOD,KFOOD_P03,,keyword,الطعام الصيني,,ar,RULE_GRAMMAR,RULE_SELECTED,PENDING_EMPIRICAL,UNKNOWN,PENDING,NOT_YET_TESTED,PENDING_TOPIC_EXTRACTION,,RULE_GENERATED,,,,,,N/A,,GRAMMAR-LOCALIZED-1.0,NOT_REQUIRED,,PENDING_EMPIRICAL_VALIDATION,,,,,,https://trends.google.com/trends/explore?date=2018-01-01%202026-08-09&geo=SA&q=%D8%A7%D9%84%D8%B7%D8%B9%D8%A7%D9%85%20%D8%A7%D9%84%D8%B5%D9%8A%D9%86%D9%8A&hl=en,의도어 문법 KFOOD_P03([위약] 중식) x 사우디아라비아(ar),,,[위약] 중식 · TOPIC 후보,KFOOD_ITEM_MASTER_V1
